execve("/usr/bin/cargo", ["cargo", "run"], 0x7fff5526fff8 /* 51 vars */) = 0
brk(NULL)                               = 0x56299da6c000
access("/etc/ld.so.preload", R_OK)      = -1 ENOENT (No such file or directory)
openat(AT_FDCWD, "/etc/ld.so.cache", O_RDONLY|O_CLOEXEC) = 3
fstat(3, {st_mode=S_IFREG|0644, st_size=196131, ...}) = 0
mmap(NULL, 196131, PROT_READ, MAP_PRIVATE, 3, 0) = 0x7f76b6960000
close(3)                                = 0
openat(AT_FDCWD, "/usr/lib/liblzma.so.5", O_RDONLY|O_CLOEXEC) = 3
read(3, "\177ELF\2\1\1\0\0\0\0\0\0\0\0\0\3\0>\0\1\0\0\0\0\0\0\0\0\0\0\0"..., 832) = 832
fstat(3, {st_mode=S_IFREG|0755, st_size=215248, ...}) = 0
mmap(NULL, 8192, PROT_READ|PROT_WRITE, MAP_PRIVATE|MAP_ANONYMOUS, -1, 0) = 0x7f76b695e000
mmap(NULL, 213208, PROT_READ, MAP_PRIVATE|MAP_DENYWRITE, 3, 0) = 0x7f76b6929000
mmap(0x7f76b692d000, 147456, PROT_READ|PROT_EXEC, MAP_PRIVATE|MAP_FIXED|MAP_DENYWRITE, 3, 0x4000) = 0x7f76b692d000
mmap(0x7f76b6951000, 45056, PROT_READ, MAP_PRIVATE|MAP_FIXED|MAP_DENYWRITE, 3, 0x28000) = 0x7f76b6951000
mmap(0x7f76b695c000, 8192, PROT_READ|PROT_WRITE, MAP_PRIVATE|MAP_FIXED|MAP_DENYWRITE, 3, 0x33000) = 0x7f76b695c000
close(3)                                = 0
openat(AT_FDCWD, "/usr/lib/libgcc_s.so.1", O_RDONLY|O_CLOEXEC) = 3
read(3, "\177ELF\2\1\1\0\0\0\0\0\0\0\0\0\3\0>\0\1\0\0\0\0\0\0\0\0\0\0\0"..., 832) = 832
fstat(3, {st_mode=S_IFREG|0644, st_size=905800, ...}) = 0
mmap(NULL, 180712, PROT_READ, MAP_PRIVATE|MAP_DENYWRITE, 3, 0) = 0x7f76b68fc000
mmap(0x7f76b6900000, 143360, PROT_READ|PROT_EXEC, MAP_PRIVATE|MAP_FIXED|MAP_DENYWRITE, 3, 0x4000) = 0x7f76b6900000
mmap(0x7f76b6923000, 16384, PROT_READ, MAP_PRIVATE|MAP_FIXED|MAP_DENYWRITE, 3, 0x27000) = 0x7f76b6923000
mmap(0x7f76b6927000, 8192, PROT_READ|PROT_WRITE, MAP_PRIVATE|MAP_FIXED|MAP_DENYWRITE, 3, 0x2a000) = 0x7f76b6927000
close(3)                                = 0
openat(AT_FDCWD, "/usr/lib/libm.so.6", O_RDONLY|O_CLOEXEC) = 3
read(3, "\177ELF\2\1\1\3\0\0\0\0\0\0\0\0\3\0>\0\1\0\0\0\0\0\0\0\0\0\0\0"..., 832) = 832
fstat(3, {st_mode=S_IFREG|0755, st_size=1100400, ...}) = 0
mmap(NULL, 1102152, PROT_READ, MAP_PRIVATE|MAP_DENYWRITE, 3, 0) = 0x7f76b67ee000
mmap(0x7f76b67fd000, 569344, PROT_READ|PROT_EXEC, MAP_PRIVATE|MAP_FIXED|MAP_DENYWRITE, 3, 0xf000) = 0x7f76b67fd000
mmap(0x7f76b6888000, 466944, PROT_READ, MAP_PRIVATE|MAP_FIXED|MAP_DENYWRITE, 3, 0x9a000) = 0x7f76b6888000
mmap(0x7f76b68fa000, 8192, PROT_READ|PROT_WRITE, MAP_PRIVATE|MAP_FIXED|MAP_DENYWRITE, 3, 0x10b000) = 0x7f76b68fa000
close(3)                                = 0
openat(AT_FDCWD, "/usr/lib/libc.so.6", O_RDONLY|O_CLOEXEC) = 3
read(3, "\177ELF\2\1\1\3\0\0\0\0\0\0\0\0\3\0>\0\1\0\0\0\360w\2\0\0\0\0\0"..., 832) = 832
pread64(3, "\6\0\0\0\4\0\0\0@\0\0\0\0\0\0\0@\0\0\0\0\0\0\0@\0\0\0\0\0\0\0"..., 896, 64) = 896
fstat(3, {st_mode=S_IFREG|0755, st_size=2145632, ...}) = 0
pread64(3, "\6\0\0\0\4\0\0\0@\0\0\0\0\0\0\0@\0\0\0\0\0\0\0@\0\0\0\0\0\0\0"..., 896, 64) = 896
mmap(NULL, 2169904, PROT_READ, MAP_PRIVATE|MAP_DENYWRITE, 3, 0) = 0x7f76b6400000
mmap(0x7f76b6424000, 1511424, PROT_READ|PROT_EXEC, MAP_PRIVATE|MAP_FIXED|MAP_DENYWRITE, 3, 0x24000) = 0x7f76b6424000
mmap(0x7f76b6595000, 454656, PROT_READ, MAP_PRIVATE|MAP_FIXED|MAP_DENYWRITE, 3, 0x195000) = 0x7f76b6595000
mmap(0x7f76b6604000, 24576, PROT_READ|PROT_WRITE, MAP_PRIVATE|MAP_FIXED|MAP_DENYWRITE, 3, 0x203000) = 0x7f76b6604000
mmap(0x7f76b660a000, 31792, PROT_READ|PROT_WRITE, MAP_PRIVATE|MAP_FIXED|MAP_ANONYMOUS, -1, 0) = 0x7f76b660a000
close(3)                                = 0
mmap(NULL, 8192, PROT_READ|PROT_WRITE, MAP_PRIVATE|MAP_ANONYMOUS, -1, 0) = 0x7f76b67ec000
mmap(NULL, 8192, PROT_READ|PROT_WRITE, MAP_PRIVATE|MAP_ANONYMOUS, -1, 0) = 0x7f76b67ea000
arch_prctl(ARCH_SET_FS, 0x7f76b67ed600) = 0
set_tid_address(0x7f76b67ed8d0)         = 1064834
set_robust_list(0x7f76b67ed8e0, 24)     = 0
rseq(0x7f76b67ed360, 0x20, 0, 0x53053053) = 0
mprotect(0x7f76b6604000, 16384, PROT_READ) = 0
mprotect(0x7f76b68fa000, 4096, PROT_READ) = 0
mprotect(0x7f76b6927000, 4096, PROT_READ) = 0
mprotect(0x7f76b695c000, 4096, PROT_READ) = 0
mprotect(0x56299bee8000, 602112, PROT_READ) = 0
mprotect(0x7f76b69d1000, 8192, PROT_READ) = 0
prlimit64(0, RLIMIT_STACK, NULL, {rlim_cur=8192*1024, rlim_max=RLIM64_INFINITY}) = 0
getrandom("\x76\x53\x7f\x4b\x29\x95\x34\x8c", 8, GRND_NONBLOCK) = 8
munmap(0x7f76b6960000, 196131)          = 0
poll([{fd=0, events=0}, {fd=1, events=0}, {fd=2, events=0}], 3, 0) = 0 (Timeout)
rt_sigaction(SIGPIPE, {sa_handler=SIG_IGN, sa_mask=[PIPE], sa_flags=SA_RESTORER|SA_RESTART, sa_restorer=0x7f76b643e4d0}, {sa_handler=SIG_DFL, sa_mask=[], sa_flags=0}, 8) = 0
brk(NULL)                               = 0x56299da6c000
brk(0x56299da8d000)                     = 0x56299da8d000
openat(AT_FDCWD, "/proc/self/maps", O_RDONLY|O_CLOEXEC) = 3
prlimit64(0, RLIMIT_STACK, NULL, {rlim_cur=8192*1024, rlim_max=RLIM64_INFINITY}) = 0
fstat(3, {st_mode=S_IFREG|0444, st_size=0, ...}) = 0
read(3, "56299b3f6000-56299b6e7000 r--p 0"..., 1024) = 1024
read(3, " 00000000 00:00 0 \n7f76b67ee000-"..., 1024) = 1024
read(3, "        /usr/lib/liblzma.so.5.8."..., 1024) = 1024
read(3, "86-64.so.2\n7f76b69d1000-7f76b69d"..., 1024) = 431
lseek(3, 0, SEEK_CUR)                   = 3503
lseek(3, 3419, SEEK_SET)                = 3419
close(3)                                = 0
sched_getaffinity(1064834, 32, [0 1 2 3 4 5 6 7 8 9 10 11 12 13 14 15 16 17 18 19 20 21]) = 8
rt_sigaction(SIGSEGV, NULL, {sa_handler=SIG_DFL, sa_mask=[], sa_flags=0}, 8) = 0
sigaltstack(NULL, {ss_sp=NULL, ss_flags=SS_DISABLE, ss_size=0}) = 0
mmap(NULL, 12288, PROT_READ|PROT_WRITE, MAP_PRIVATE|MAP_ANONYMOUS|MAP_STACK, -1, 0) = 0x7f76b698d000
mprotect(0x7f76b698d000, 4096, PROT_NONE) = 0
sigaltstack({ss_sp=0x7f76b698e000, ss_flags=0, ss_size=8192}, NULL) = 0
rt_sigaction(SIGSEGV, {sa_handler=0x56299bc362a0, sa_mask=[], sa_flags=SA_RESTORER|SA_ONSTACK|SA_SIGINFO, sa_restorer=0x7f76b643e4d0}, NULL, 8) = 0
rt_sigaction(SIGBUS, NULL, {sa_handler=SIG_DFL, sa_mask=[], sa_flags=0}, 8) = 0
rt_sigaction(SIGBUS, {sa_handler=0x56299bc362a0, sa_mask=[], sa_flags=SA_RESTORER|SA_ONSTACK|SA_SIGINFO, sa_restorer=0x7f76b643e4d0}, NULL, 8) = 0
rt_sigprocmask(SIG_BLOCK, ~[], [], 8)   = 0
mmap(NULL, 4096, PROT_READ|PROT_WRITE, MAP_DROPPABLE|MAP_ANONYMOUS, -1, 0) = 0x7f76b698c000
mmap(NULL, 4096, PROT_READ|PROT_WRITE, MAP_PRIVATE|MAP_ANONYMOUS, -1, 0) = 0x7f76b698b000
rt_sigprocmask(SIG_SETMASK, [], NULL, 8) = 0
getrandom("\x6c\x61\xea\x0b\xe9\x4a\xde\x32\xb5\xcf\x0b\x44\x09\xb4\xd1\x9c\xef\x9b\x9c\x71\x03\x78\xce\xf7\x9e\x89\x6e\x6b\xc8\xa6\x6f\x71", 32, 0) = 32
openat(AT_FDCWD, "/proc/self/cgroup", O_RDONLY|O_CLOEXEC) = 3
statx(3, "", AT_STATX_SYNC_AS_STAT|AT_EMPTY_PATH, STATX_ALL, {stx_mask=STATX_BASIC_STATS|STATX_MNT_ID, stx_attributes=0, stx_mode=S_IFREG|0444, stx_size=0, ...}) = 0
lseek(3, 0, SEEK_CUR)                   = 0
read(3, "0::/user.slice/user-1000.slice/s"..., 128) = 47
read(3, "", 81)                         = 0
close(3)                                = 0
statx(AT_FDCWD, "/sys/fs/cgroup/user.slice/user-1000.slice/session-1.scope/cgroup.controllers", AT_STATX_SYNC_AS_STAT, STATX_ALL, {stx_mask=STATX_BASIC_STATS|STATX_MNT_ID, stx_attributes=0, stx_mode=S_IFREG|0444, stx_size=0, ...}) = 0
openat(AT_FDCWD, "/sys/fs/cgroup/user.slice/user-1000.slice/session-1.scope/cpu.max", O_RDONLY|O_CLOEXEC) = 3
statx(3, "", AT_STATX_SYNC_AS_STAT|AT_EMPTY_PATH, STATX_ALL, {stx_mask=STATX_BASIC_STATS|STATX_MNT_ID, stx_attributes=0, stx_mode=S_IFREG|0644, stx_size=0, ...}) = 0
lseek(3, 0, SEEK_CUR)                   = 0
read(3, "max 100000\n", 32)             = 11
read(3, "", 9)                          = 0
close(3)                                = 0
openat(AT_FDCWD, "/sys/fs/cgroup/user.slice/user-1000.slice/cpu.max", O_RDONLY|O_CLOEXEC) = 3
statx(3, "", AT_STATX_SYNC_AS_STAT|AT_EMPTY_PATH, STATX_ALL, {stx_mask=STATX_BASIC_STATS|STATX_MNT_ID, stx_attributes=0, stx_mode=S_IFREG|0644, stx_size=0, ...}) = 0
lseek(3, 0, SEEK_CUR)                   = 0
read(3, "max 100000\n", 32)             = 11
read(3, "", 9)                          = 0
close(3)                                = 0
openat(AT_FDCWD, "/sys/fs/cgroup/user.slice/cpu.max", O_RDONLY|O_CLOEXEC) = 3
statx(3, "", AT_STATX_SYNC_AS_STAT|AT_EMPTY_PATH, STATX_ALL, {stx_mask=STATX_BASIC_STATS|STATX_MNT_ID, stx_attributes=0, stx_mode=S_IFREG|0644, stx_size=0, ...}) = 0
lseek(3, 0, SEEK_CUR)                   = 0
read(3, "max 100000\n", 32)             = 11
read(3, "", 9)                          = 0
close(3)                                = 0
openat(AT_FDCWD, "/sys/fs/cgroup/cpu.max", O_RDONLY|O_CLOEXEC) = -1 ENOENT (No such file or directory)
sched_getaffinity(0, 128, [0 1 2 3 4 5 6 7 8 9 10 11 12 13 14 15 16 17 18 19 20 21]) = 8
epoll_create1(EPOLL_CLOEXEC)            = 3
eventfd2(0, EFD_CLOEXEC|EFD_NONBLOCK)   = 4
epoll_ctl(3, EPOLL_CTL_ADD, 4, {events=EPOLLIN|EPOLLRDHUP|EPOLLET, data=0}) = 0
fcntl(3, F_DUPFD_CLOEXEC, 3)            = 5
brk(0x56299daae000)                     = 0x56299daae000
rt_sigaction(SIGRT_1, {sa_handler=0x7f76b6494070, sa_mask=[], sa_flags=SA_RESTORER|SA_ONSTACK|SA_RESTART|SA_SIGINFO, sa_restorer=0x7f76b643e4d0}, NULL, 8) = 0
rt_sigprocmask(SIG_UNBLOCK, [RTMIN RT_1], NULL, 8) = 0
mmap(NULL, 2101248, PROT_READ|PROT_WRITE, MAP_PRIVATE|MAP_ANONYMOUS|MAP_STACK, -1, 0) = 0x7f76b61ff000
madvise(0x7f76b61ff000, 4096, MADV_GUARD_INSTALL) = 0
rt_sigprocmask(SIG_BLOCK, ~[], [], 8)   = 0
clone3({flags=CLONE_VM|CLONE_FS|CLONE_FILES|CLONE_SIGHAND|CLONE_THREAD|CLONE_SYSVSEM|CLONE_SETTLS|CLONE_PARENT_SETTID|CLONE_CHILD_CLEARTID, child_tid=0x7f76b63ff990, parent_tid=0x7f76b63ff990, exit_signal=0, stack=0x7f76b61ff000, stack_size=0x1ffd80, tls=0x7f76b63ff6c0} => {parent_tid=[1064837]}, 88) = 1064837
rt_sigprocmask(SIG_SETMASK, [], NULL, 8) = 0
mmap(NULL, 2101248, PROT_READ|PROT_WRITE, MAP_PRIVATE|MAP_ANONYMOUS|MAP_STACK, -1, 0) = 0x7f76b5ffe000
madvise(0x7f76b5ffe000, 4096, MADV_GUARD_INSTALL) = 0
rt_sigprocmask(SIG_BLOCK, ~[], [], 8)   = 0
clone3({flags=CLONE_VM|CLONE_FS|CLONE_FILES|CLONE_SIGHAND|CLONE_THREAD|CLONE_SYSVSEM|CLONE_SETTLS|CLONE_PARENT_SETTID|CLONE_CHILD_CLEARTID, child_tid=0x7f76b61fe990, parent_tid=0x7f76b61fe990, exit_signal=0, stack=0x7f76b5ffe000, stack_size=0x1ffd80, tls=0x7f76b61fe6c0} => {parent_tid=[1064838]}, 88) = 1064838
rt_sigprocmask(SIG_SETMASK, [], NULL, 8) = 0
futex(0x56299da91bd0, FUTEX_WAKE_PRIVATE, 1) = 1
mmap(NULL, 2101248, PROT_READ|PROT_WRITE, MAP_PRIVATE|MAP_ANONYMOUS|MAP_STACK, -1, 0) = 0x7f76b5dfd000
madvise(0x7f76b5dfd000, 4096, MADV_GUARD_INSTALL) = 0
rt_sigprocmask(SIG_BLOCK, ~[], [], 8)   = 0
clone3({flags=CLONE_VM|CLONE_FS|CLONE_FILES|CLONE_SIGHAND|CLONE_THREAD|CLONE_SYSVSEM|CLONE_SETTLS|CLONE_PARENT_SETTID|CLONE_CHILD_CLEARTID, child_tid=0x7f76b5ffd990, parent_tid=0x7f76b5ffd990, exit_signal=0, stack=0x7f76b5dfd000, stack_size=0x1ffd80, tls=0x7f76b5ffd6c0} => {parent_tid=[1064839]}, 88) = 1064839
rt_sigprocmask(SIG_SETMASK, [], NULL, 8) = 0
futex(0x56299da91bd0, FUTEX_WAKE_PRIVATE, 1) = 1
mmap(NULL, 2101248, PROT_READ|PROT_WRITE, MAP_PRIVATE|MAP_ANONYMOUS|MAP_STACK, -1, 0) = 0x7f76b5bfc000
madvise(0x7f76b5bfc000, 4096, MADV_GUARD_INSTALL) = 0
rt_sigprocmask(SIG_BLOCK, ~[], [], 8)   = 0
clone3({flags=CLONE_VM|CLONE_FS|CLONE_FILES|CLONE_SIGHAND|CLONE_THREAD|CLONE_SYSVSEM|CLONE_SETTLS|CLONE_PARENT_SETTID|CLONE_CHILD_CLEARTID, child_tid=0x7f76b5dfc990, parent_tid=0x7f76b5dfc990, exit_signal=0, stack=0x7f76b5bfc000, stack_size=0x1ffd80, tls=0x7f76b5dfc6c0} => {parent_tid=[1064840]}, 88) = 1064840
rt_sigprocmask(SIG_SETMASK, [], NULL, 8) = 0
mmap(NULL, 2101248, PROT_READ|PROT_WRITE, MAP_PRIVATE|MAP_ANONYMOUS|MAP_STACK, -1, 0) = 0x7f76b59fb000
madvise(0x7f76b59fb000, 4096, MADV_GUARD_INSTALL) = 0
rt_sigprocmask(SIG_BLOCK, ~[], [], 8)   = 0
clone3({flags=CLONE_VM|CLONE_FS|CLONE_FILES|CLONE_SIGHAND|CLONE_THREAD|CLONE_SYSVSEM|CLONE_SETTLS|CLONE_PARENT_SETTID|CLONE_CHILD_CLEARTID, child_tid=0x7f76b5bfb990, parent_tid=0x7f76b5bfb990, exit_signal=0, stack=0x7f76b59fb000, stack_size=0x1ffd80, tls=0x7f76b5bfb6c0} => {parent_tid=[1064841]}, 88) = 1064841
rt_sigprocmask(SIG_SETMASK, [], NULL, 8) = 0
futex(0x56299da91bd0, FUTEX_WAKE_PRIVATE, 1) = 1
mmap(NULL, 2101248, PROT_READ|PROT_WRITE, MAP_PRIVATE|MAP_ANONYMOUS|MAP_STACK, -1, 0) = 0x7f76b57fa000
madvise(0x7f76b57fa000, 4096, MADV_GUARD_INSTALL) = 0
rt_sigprocmask(SIG_BLOCK, ~[], [], 8)   = 0
clone3({flags=CLONE_VM|CLONE_FS|CLONE_FILES|CLONE_SIGHAND|CLONE_THREAD|CLONE_SYSVSEM|CLONE_SETTLS|CLONE_PARENT_SETTID|CLONE_CHILD_CLEARTID, child_tid=0x7f76b59fa990, parent_tid=0x7f76b59fa990, exit_signal=0, stack=0x7f76b57fa000, stack_size=0x1ffd80, tls=0x7f76b59fa6c0} => {parent_tid=[1064842]}, 88) = 1064842
rt_sigprocmask(SIG_SETMASK, [], NULL, 8) = 0
futex(0x56299da91bd0, FUTEX_WAKE_PRIVATE, 1) = 1
mmap(NULL, 2101248, PROT_READ|PROT_WRITE, MAP_PRIVATE|MAP_ANONYMOUS|MAP_STACK, -1, 0) = 0x7f76b55f9000
madvise(0x7f76b55f9000, 4096, MADV_GUARD_INSTALL) = 0
rt_sigprocmask(SIG_BLOCK, ~[], [], 8)   = 0
clone3({flags=CLONE_VM|CLONE_FS|CLONE_FILES|CLONE_SIGHAND|CLONE_THREAD|CLONE_SYSVSEM|CLONE_SETTLS|CLONE_PARENT_SETTID|CLONE_CHILD_CLEARTID, child_tid=0x7f76b57f9990, parent_tid=0x7f76b57f9990, exit_signal=0, stack=0x7f76b55f9000, stack_size=0x1ffd80, tls=0x7f76b57f96c0} => {parent_tid=[1064843]}, 88) = 1064843
rt_sigprocmask(SIG_SETMASK, [], NULL, 8) = 0
futex(0x56299da91bd0, FUTEX_WAKE_PRIVATE, 1) = 1
mmap(NULL, 2101248, PROT_READ|PROT_WRITE, MAP_PRIVATE|MAP_ANONYMOUS|MAP_STACK, -1, 0) = 0x7f76b53f8000
madvise(0x7f76b53f8000, 4096, MADV_GUARD_INSTALL) = 0
rt_sigprocmask(SIG_BLOCK, ~[], [], 8)   = 0
clone3({flags=CLONE_VM|CLONE_FS|CLONE_FILES|CLONE_SIGHAND|CLONE_THREAD|CLONE_SYSVSEM|CLONE_SETTLS|CLONE_PARENT_SETTID|CLONE_CHILD_CLEARTID, child_tid=0x7f76b55f8990, parent_tid=0x7f76b55f8990, exit_signal=0, stack=0x7f76b53f8000, stack_size=0x1ffd80, tls=0x7f76b55f86c0} => {parent_tid=[1064844]}, 88) = 1064844
rt_sigprocmask(SIG_SETMASK, [], NULL, 8) = 0
futex(0x56299da91bd0, FUTEX_WAKE_PRIVATE, 1) = 1
mmap(NULL, 2101248, PROT_READ|PROT_WRITE, MAP_PRIVATE|MAP_ANONYMOUS|MAP_STACK, -1, 0) = 0x7f76b51f7000
madvise(0x7f76b51f7000, 4096, MADV_GUARD_INSTALL) = 0
rt_sigprocmask(SIG_BLOCK, ~[], [], 8)   = 0
clone3({flags=CLONE_VM|CLONE_FS|CLONE_FILES|CLONE_SIGHAND|CLONE_THREAD|CLONE_SYSVSEM|CLONE_SETTLS|CLONE_PARENT_SETTID|CLONE_CHILD_CLEARTID, child_tid=0x7f76b53f7990, parent_tid=0x7f76b53f7990, exit_signal=0, stack=0x7f76b51f7000, stack_size=0x1ffd80, tls=0x7f76b53f76c0} => {parent_tid=[1064845]}, 88) = 1064845
rt_sigprocmask(SIG_SETMASK, [], NULL, 8) = 0
futex(0x56299da91bd0, FUTEX_WAKE_PRIVATE, 1) = 1
mmap(NULL, 2101248, PROT_READ|PROT_WRITE, MAP_PRIVATE|MAP_ANONYMOUS|MAP_STACK, -1, 0) = 0x7f76b4ff6000
madvise(0x7f76b4ff6000, 4096, MADV_GUARD_INSTALL) = 0
rt_sigprocmask(SIG_BLOCK, ~[], [], 8)   = 0
clone3({flags=CLONE_VM|CLONE_FS|CLONE_FILES|CLONE_SIGHAND|CLONE_THREAD|CLONE_SYSVSEM|CLONE_SETTLS|CLONE_PARENT_SETTID|CLONE_CHILD_CLEARTID, child_tid=0x7f76b51f6990, parent_tid=0x7f76b51f6990, exit_signal=0, stack=0x7f76b4ff6000, stack_size=0x1ffd80, tls=0x7f76b51f66c0} => {parent_tid=[1064847]}, 88) = 1064847
rt_sigprocmask(SIG_SETMASK, [], NULL, 8) = 0
futex(0x56299da91bd0, FUTEX_WAKE_PRIVATE, 1) = 1
mmap(NULL, 2101248, PROT_READ|PROT_WRITE, MAP_PRIVATE|MAP_ANONYMOUS|MAP_STACK, -1, 0) = 0x7f76b4df5000
madvise(0x7f76b4df5000, 4096, MADV_GUARD_INSTALL) = 0
rt_sigprocmask(SIG_BLOCK, ~[], [], 8)   = 0
clone3({flags=CLONE_VM|CLONE_FS|CLONE_FILES|CLONE_SIGHAND|CLONE_THREAD|CLONE_SYSVSEM|CLONE_SETTLS|CLONE_PARENT_SETTID|CLONE_CHILD_CLEARTID, child_tid=0x7f76b4ff5990, parent_tid=0x7f76b4ff5990, exit_signal=0, stack=0x7f76b4df5000, stack_size=0x1ffd80, tls=0x7f76b4ff56c0} => {parent_tid=[1064848]}, 88) = 1064848
rt_sigprocmask(SIG_SETMASK, [], NULL, 8) = 0
futex(0x56299da91bd0, FUTEX_WAKE_PRIVATE, 1) = 1
mmap(NULL, 2101248, PROT_READ|PROT_WRITE, MAP_PRIVATE|MAP_ANONYMOUS|MAP_STACK, -1, 0) = 0x7f76b4bf4000
madvise(0x7f76b4bf4000, 4096, MADV_GUARD_INSTALL) = 0
rt_sigprocmask(SIG_BLOCK, ~[], [], 8)   = 0
clone3({flags=CLONE_VM|CLONE_FS|CLONE_FILES|CLONE_SIGHAND|CLONE_THREAD|CLONE_SYSVSEM|CLONE_SETTLS|CLONE_PARENT_SETTID|CLONE_CHILD_CLEARTID, child_tid=0x7f76b4df4990, parent_tid=0x7f76b4df4990, exit_signal=0, stack=0x7f76b4bf4000, stack_size=0x1ffd80, tls=0x7f76b4df46c0} => {parent_tid=[1064849]}, 88) = 1064849
rt_sigprocmask(SIG_SETMASK, [], NULL, 8) = 0
futex(0x56299da91bd0, FUTEX_WAKE_PRIVATE, 1) = 1
mmap(NULL, 2101248, PROT_READ|PROT_WRITE, MAP_PRIVATE|MAP_ANONYMOUS|MAP_STACK, -1, 0) = 0x7f76b49f3000
madvise(0x7f76b49f3000, 4096, MADV_GUARD_INSTALL) = 0
rt_sigprocmask(SIG_BLOCK, ~[], [], 8)   = 0
clone3({flags=CLONE_VM|CLONE_FS|CLONE_FILES|CLONE_SIGHAND|CLONE_THREAD|CLONE_SYSVSEM|CLONE_SETTLS|CLONE_PARENT_SETTID|CLONE_CHILD_CLEARTID, child_tid=0x7f76b4bf3990, parent_tid=0x7f76b4bf3990, exit_signal=0, stack=0x7f76b49f3000, stack_size=0x1ffd80, tls=0x7f76b4bf36c0} => {parent_tid=[1064850]}, 88) = 1064850
rt_sigprocmask(SIG_SETMASK, [], NULL, 8) = 0
futex(0x56299da91bd0, FUTEX_WAKE_PRIVATE, 1) = 1
mmap(NULL, 2101248, PROT_READ|PROT_WRITE, MAP_PRIVATE|MAP_ANONYMOUS|MAP_STACK, -1, 0) = 0x7f76b47f2000
madvise(0x7f76b47f2000, 4096, MADV_GUARD_INSTALL) = 0
rt_sigprocmask(SIG_BLOCK, ~[], [], 8)   = 0
clone3({flags=CLONE_VM|CLONE_FS|CLONE_FILES|CLONE_SIGHAND|CLONE_THREAD|CLONE_SYSVSEM|CLONE_SETTLS|CLONE_PARENT_SETTID|CLONE_CHILD_CLEARTID, child_tid=0x7f76b49f2990, parent_tid=0x7f76b49f2990, exit_signal=0, stack=0x7f76b47f2000, stack_size=0x1ffd80, tls=0x7f76b49f26c0} => {parent_tid=[1064851]}, 88) = 1064851
rt_sigprocmask(SIG_SETMASK, [], NULL, 8) = 0
futex(0x56299da91bd0, FUTEX_WAKE_PRIVATE, 1) = 1
mmap(NULL, 2101248, PROT_READ|PROT_WRITE, MAP_PRIVATE|MAP_ANONYMOUS|MAP_STACK, -1, 0) = 0x7f76b45f1000
madvise(0x7f76b45f1000, 4096, MADV_GUARD_INSTALL) = 0
rt_sigprocmask(SIG_BLOCK, ~[], [], 8)   = 0
clone3({flags=CLONE_VM|CLONE_FS|CLONE_FILES|CLONE_SIGHAND|CLONE_THREAD|CLONE_SYSVSEM|CLONE_SETTLS|CLONE_PARENT_SETTID|CLONE_CHILD_CLEARTID, child_tid=0x7f76b47f1990, parent_tid=0x7f76b47f1990, exit_signal=0, stack=0x7f76b45f1000, stack_size=0x1ffd80, tls=0x7f76b47f16c0} => {parent_tid=[1064852]}, 88) = 1064852
rt_sigprocmask(SIG_SETMASK, [], NULL, 8) = 0
futex(0x56299da91bd0, FUTEX_WAKE_PRIVATE, 1) = 1
mmap(NULL, 2101248, PROT_READ|PROT_WRITE, MAP_PRIVATE|MAP_ANONYMOUS|MAP_STACK, -1, 0) = 0x7f76b43f0000
madvise(0x7f76b43f0000, 4096, MADV_GUARD_INSTALL) = 0
rt_sigprocmask(SIG_BLOCK, ~[], [], 8)   = 0
clone3({flags=CLONE_VM|CLONE_FS|CLONE_FILES|CLONE_SIGHAND|CLONE_THREAD|CLONE_SYSVSEM|CLONE_SETTLS|CLONE_PARENT_SETTID|CLONE_CHILD_CLEARTID, child_tid=0x7f76b45f0990, parent_tid=0x7f76b45f0990, exit_signal=0, stack=0x7f76b43f0000, stack_size=0x1ffd80, tls=0x7f76b45f06c0} => {parent_tid=[1064853]}, 88) = 1064853
rt_sigprocmask(SIG_SETMASK, [], NULL, 8) = 0
futex(0x56299da91bd0, FUTEX_WAKE_PRIVATE, 1) = 1
mmap(NULL, 2101248, PROT_READ|PROT_WRITE, MAP_PRIVATE|MAP_ANONYMOUS|MAP_STACK, -1, 0) = 0x7f76b41ef000
madvise(0x7f76b41ef000, 4096, MADV_GUARD_INSTALL) = 0
rt_sigprocmask(SIG_BLOCK, ~[], [], 8)   = 0
clone3({flags=CLONE_VM|CLONE_FS|CLONE_FILES|CLONE_SIGHAND|CLONE_THREAD|CLONE_SYSVSEM|CLONE_SETTLS|CLONE_PARENT_SETTID|CLONE_CHILD_CLEARTID, child_tid=0x7f76b43ef990, parent_tid=0x7f76b43ef990, exit_signal=0, stack=0x7f76b41ef000, stack_size=0x1ffd80, tls=0x7f76b43ef6c0} => {parent_tid=[1064854]}, 88) = 1064854
rt_sigprocmask(SIG_SETMASK, [], NULL, 8) = 0
futex(0x56299da91bd0, FUTEX_WAKE_PRIVATE, 1) = 1
mmap(NULL, 2101248, PROT_READ|PROT_WRITE, MAP_PRIVATE|MAP_ANONYMOUS|MAP_STACK, -1, 0) = 0x7f766fdff000
madvise(0x7f766fdff000, 4096, MADV_GUARD_INSTALL) = 0
rt_sigprocmask(SIG_BLOCK, ~[], [], 8)   = 0
clone3({flags=CLONE_VM|CLONE_FS|CLONE_FILES|CLONE_SIGHAND|CLONE_THREAD|CLONE_SYSVSEM|CLONE_SETTLS|CLONE_PARENT_SETTID|CLONE_CHILD_CLEARTID, child_tid=0x7f766ffff990, parent_tid=0x7f766ffff990, exit_signal=0, stack=0x7f766fdff000, stack_size=0x1ffd80, tls=0x7f766ffff6c0} => {parent_tid=[1064855]}, 88) = 1064855
rt_sigprocmask(SIG_SETMASK, [], NULL, 8) = 0
futex(0x56299da91bd0, FUTEX_WAKE_PRIVATE, 1) = 1
mmap(NULL, 2101248, PROT_READ|PROT_WRITE, MAP_PRIVATE|MAP_ANONYMOUS|MAP_STACK, -1, 0) = 0x7f766fbfe000
madvise(0x7f766fbfe000, 4096, MADV_GUARD_INSTALL) = 0
rt_sigprocmask(SIG_BLOCK, ~[], [], 8)   = 0
clone3({flags=CLONE_VM|CLONE_FS|CLONE_FILES|CLONE_SIGHAND|CLONE_THREAD|CLONE_SYSVSEM|CLONE_SETTLS|CLONE_PARENT_SETTID|CLONE_CHILD_CLEARTID, child_tid=0x7f766fdfe990, parent_tid=0x7f766fdfe990, exit_signal=0, stack=0x7f766fbfe000, stack_size=0x1ffd80, tls=0x7f766fdfe6c0} => {parent_tid=[1064856]}, 88) = 1064856
rt_sigprocmask(SIG_SETMASK, [], NULL, 8) = 0
futex(0x56299da91bd0, FUTEX_WAKE_PRIVATE, 1) = 1
mmap(NULL, 2101248, PROT_READ|PROT_WRITE, MAP_PRIVATE|MAP_ANONYMOUS|MAP_STACK, -1, 0) = 0x7f766f9fd000
madvise(0x7f766f9fd000, 4096, MADV_GUARD_INSTALL) = 0
rt_sigprocmask(SIG_BLOCK, ~[], [], 8)   = 0
clone3({flags=CLONE_VM|CLONE_FS|CLONE_FILES|CLONE_SIGHAND|CLONE_THREAD|CLONE_SYSVSEM|CLONE_SETTLS|CLONE_PARENT_SETTID|CLONE_CHILD_CLEARTID, child_tid=0x7f766fbfd990, parent_tid=0x7f766fbfd990, exit_signal=0, stack=0x7f766f9fd000, stack_size=0x1ffd80, tls=0x7f766fbfd6c0} => {parent_tid=[1064857]}, 88) = 1064857
rt_sigprocmask(SIG_SETMASK, [], NULL, 8) = 0
futex(0x56299da91bd0, FUTEX_WAKE_PRIVATE, 1) = 1
mmap(NULL, 2101248, PROT_READ|PROT_WRITE, MAP_PRIVATE|MAP_ANONYMOUS|MAP_STACK, -1, 0) = 0x7f766f7fc000
madvise(0x7f766f7fc000, 4096, MADV_GUARD_INSTALL) = 0
rt_sigprocmask(SIG_BLOCK, ~[], [], 8)   = 0
clone3({flags=CLONE_VM|CLONE_FS|CLONE_FILES|CLONE_SIGHAND|CLONE_THREAD|CLONE_SYSVSEM|CLONE_SETTLS|CLONE_PARENT_SETTID|CLONE_CHILD_CLEARTID, child_tid=0x7f766f9fc990, parent_tid=0x7f766f9fc990, exit_signal=0, stack=0x7f766f7fc000, stack_size=0x1ffd80, tls=0x7f766f9fc6c0} => {parent_tid=[1064858]}, 88) = 1064858
rt_sigprocmask(SIG_SETMASK, [], NULL, 8) = 0
mmap(NULL, 2101248, PROT_READ|PROT_WRITE, MAP_PRIVATE|MAP_ANONYMOUS|MAP_STACK, -1, 0) = 0x7f766f5fb000
madvise(0x7f766f5fb000, 4096, MADV_GUARD_INSTALL) = 0
rt_sigprocmask(SIG_BLOCK, ~[], [], 8)   = 0
clone3({flags=CLONE_VM|CLONE_FS|CLONE_FILES|CLONE_SIGHAND|CLONE_THREAD|CLONE_SYSVSEM|CLONE_SETTLS|CLONE_PARENT_SETTID|CLONE_CHILD_CLEARTID, child_tid=0x7f766f7fb990, parent_tid=0x7f766f7fb990, exit_signal=0, stack=0x7f766f5fb000, stack_size=0x1ffd80, tls=0x7f766f7fb6c0} => {parent_tid=[1064859]}, 88) = 1064859
rt_sigprocmask(SIG_SETMASK, [], NULL, 8) = 0
futex(0x56299da91bd0, FUTEX_WAKE_PRIVATE, 1) = 1
ioctl(2, TCGETS2, {c_iflag=ICRNL|IXON|IUTF8, c_oflag=NL0|CR0|TAB0|BS0|VT0|FF0|OPOST|ONLCR, c_cflag=B38400|B38400<<IBSHIFT|CS8|CREAD, c_lflag=ISIG|ICANON|ECHO|ECHOE|ECHOK|IEXTEN|ECHOCTL|ECHOKE, ...}) = 0
ioctl(1, TCGETS2, {c_iflag=ICRNL|IXON|IUTF8, c_oflag=NL0|CR0|TAB0|BS0|VT0|FF0|OPOST|ONLCR, c_cflag=B38400|B38400<<IBSHIFT|CS8|CREAD, c_lflag=ISIG|ICANON|ECHO|ECHOE|ECHOK|IEXTEN|ECHOCTL|ECHOKE, ...}) = 0
brk(0x56299dacf000)                     = 0x56299dacf000
mmap(NULL, 323584, PROT_READ|PROT_WRITE, MAP_PRIVATE|MAP_ANONYMOUS, -1, 0) = 0x7f76b6783000
brk(0x56299daf0000)                     = 0x56299daf0000
munmap(0x7f76b6783000, 323584)          = 0
brk(0x56299db2e000)                     = 0x56299db2e000
getcwd("/home/xolra0d/dev/databases/touchhouse", 512) = 39
readlink("/proc/self/exe", "/usr/bin/rustup", 256) = 15
getcwd("/home/xolra0d/dev/databases/touchhouse", 512) = 39
statx(AT_FDCWD, "/home/xolra0d/.cargo/bin/rustup-init", AT_STATX_SYNC_AS_STAT, STATX_ALL, 0x7ffd22635b60) = -1 ENOENT (No such file or directory)
getcwd("/home/xolra0d/dev/databases/touchhouse", 512) = 39
statx(AT_FDCWD, "/home/xolra0d/.rustup", AT_STATX_SYNC_AS_STAT, STATX_ALL, {stx_mask=STATX_ALL|STATX_MNT_ID|STATX_SUBVOL, stx_attributes=0, stx_mode=S_IFDIR|0755, stx_size=96, ...}) = 0
statx(AT_FDCWD, "/home/xolra0d/.rustup/settings.toml", AT_STATX_SYNC_AS_STAT, STATX_ALL, {stx_mask=STATX_ALL|STATX_MNT_ID|STATX_SUBVOL, stx_attributes=0, stx_mode=S_IFREG|0644, stx_size=312, ...}) = 0
openat(AT_FDCWD, "/home/xolra0d/.rustup/settings.toml", O_RDONLY|O_CLOEXEC) = 6
statx(6, "", AT_STATX_SYNC_AS_STAT|AT_EMPTY_PATH, STATX_ALL, {stx_mask=STATX_ALL|STATX_MNT_ID|STATX_SUBVOL, stx_attributes=0, stx_mode=S_IFREG|0644, stx_size=312, ...}) = 0
read(6, "version = \"12\"\ndefault_toolchain"..., 312) = 312
read(6, "", 32)                         = 0
close(6)                                = 0
openat(AT_FDCWD, "/etc/rustup/settings.toml", O_RDONLY|O_CLOEXEC) = -1 ENOENT (No such file or directory)
uname({sysname="Linux", nodename="msi", ...}) = 0
brk(0x56299db93000)                     = 0x56299db93000
uname({sysname="Linux", nodename="msi", ...}) = 0
brk(0x56299dbbf000)                     = 0x56299dbbf000
brk(0x56299dbeb000)                     = 0x56299dbeb000
statx(AT_FDCWD, "/home/xolra0d/dev/databases/touchhouse", AT_STATX_SYNC_AS_STAT, STATX_ALL, {stx_mask=STATX_ALL|STATX_MNT_ID|STATX_SUBVOL, stx_attributes=0, stx_mode=S_IFDIR|0755, stx_size=394, ...}) = 0
readlink("/home", 0x7ffd2262ffe0, 1023) = -1 EINVAL (Invalid argument)
readlink("/home/xolra0d", 0x7ffd2262ffe0, 1023) = -1 EINVAL (Invalid argument)
readlink("/home/xolra0d/dev", 0x7ffd2262ffe0, 1023) = -1 EINVAL (Invalid argument)
readlink("/home/xolra0d/dev/databases", 0x7ffd2262ffe0, 1023) = -1 EINVAL (Invalid argument)
readlink("/home/xolra0d/dev/databases/touchhouse", 0x7ffd2262ffe0, 1023) = -1 EINVAL (Invalid argument)
openat(AT_FDCWD, "/home/xolra0d/dev/databases/touchhouse/rust-toolchain", O_RDONLY|O_CLOEXEC) = -1 ENOENT (No such file or directory)
openat(AT_FDCWD, "/home/xolra0d/dev/databases/touchhouse/rust-toolchain.toml", O_RDONLY|O_CLOEXEC) = -1 ENOENT (No such file or directory)
statx(AT_FDCWD, "/home/xolra0d/dev/databases", AT_STATX_SYNC_AS_STAT, STATX_ALL, {stx_mask=STATX_ALL|STATX_MNT_ID|STATX_SUBVOL, stx_attributes=0, stx_mode=S_IFDIR|0755, stx_size=24, ...}) = 0
readlink("/home", 0x7ffd2262ffe0, 1023) = -1 EINVAL (Invalid argument)
readlink("/home/xolra0d", 0x7ffd2262ffe0, 1023) = -1 EINVAL (Invalid argument)
readlink("/home/xolra0d/dev", 0x7ffd2262ffe0, 1023) = -1 EINVAL (Invalid argument)
readlink("/home/xolra0d/dev/databases", 0x7ffd2262ffe0, 1023) = -1 EINVAL (Invalid argument)
openat(AT_FDCWD, "/home/xolra0d/dev/databases/rust-toolchain", O_RDONLY|O_CLOEXEC) = -1 ENOENT (No such file or directory)
openat(AT_FDCWD, "/home/xolra0d/dev/databases/rust-toolchain.toml", O_RDONLY|O_CLOEXEC) = -1 ENOENT (No such file or directory)
statx(AT_FDCWD, "/home/xolra0d/dev", AT_STATX_SYNC_AS_STAT, STATX_ALL, {stx_mask=STATX_ALL|STATX_MNT_ID|STATX_SUBVOL, stx_attributes=0, stx_mode=S_IFDIR|0755, stx_size=350, ...}) = 0
readlink("/home", 0x7ffd2262ffe0, 1023) = -1 EINVAL (Invalid argument)
readlink("/home/xolra0d", 0x7ffd2262ffe0, 1023) = -1 EINVAL (Invalid argument)
readlink("/home/xolra0d/dev", 0x7ffd2262ffe0, 1023) = -1 EINVAL (Invalid argument)
openat(AT_FDCWD, "/home/xolra0d/dev/rust-toolchain", O_RDONLY|O_CLOEXEC) = -1 ENOENT (No such file or directory)
openat(AT_FDCWD, "/home/xolra0d/dev/rust-toolchain.toml", O_RDONLY|O_CLOEXEC) = -1 ENOENT (No such file or directory)
statx(AT_FDCWD, "/home/xolra0d", AT_STATX_SYNC_AS_STAT, STATX_ALL, {stx_mask=STATX_ALL|STATX_MNT_ID|STATX_SUBVOL, stx_attributes=0, stx_mode=S_IFDIR|0755, stx_size=2112, ...}) = 0
readlink("/home", 0x7ffd2262ffe0, 1023) = -1 EINVAL (Invalid argument)
readlink("/home/xolra0d", 0x7ffd2262ffe0, 1023) = -1 EINVAL (Invalid argument)
openat(AT_FDCWD, "/home/xolra0d/rust-toolchain", O_RDONLY|O_CLOEXEC) = -1 ENOENT (No such file or directory)
openat(AT_FDCWD, "/home/xolra0d/rust-toolchain.toml", O_RDONLY|O_CLOEXEC) = -1 ENOENT (No such file or directory)
statx(AT_FDCWD, "/home", AT_STATX_SYNC_AS_STAT, STATX_ALL, {stx_mask=STATX_ALL|STATX_MNT_ID|STATX_SUBVOL, stx_attributes=0, stx_mode=S_IFDIR|0755, stx_size=14, ...}) = 0
readlink("/home", 0x7ffd2262ffe0, 1023) = -1 EINVAL (Invalid argument)
openat(AT_FDCWD, "/home/rust-toolchain", O_RDONLY|O_CLOEXEC) = -1 ENOENT (No such file or directory)
openat(AT_FDCWD, "/home/rust-toolchain.toml", O_RDONLY|O_CLOEXEC) = -1 ENOENT (No such file or directory)
statx(AT_FDCWD, "/", AT_STATX_SYNC_AS_STAT, STATX_ALL, {stx_mask=STATX_ALL|STATX_MNT_ID|STATX_SUBVOL, stx_attributes=STATX_ATTR_MOUNT_ROOT, stx_mode=S_IFDIR|0755, stx_size=122, ...}) = 0
openat(AT_FDCWD, "/rust-toolchain", O_RDONLY|O_CLOEXEC) = -1 ENOENT (No such file or directory)
openat(AT_FDCWD, "/rust-toolchain.toml", O_RDONLY|O_CLOEXEC) = -1 ENOENT (No such file or directory)
uname({sysname="Linux", nodename="msi", ...}) = 0
uname({sysname="Linux", nodename="msi", ...}) = 0
openat(AT_FDCWD, "/home/xolra0d/.rustup/toolchains", O_RDONLY|O_CLOEXEC) = 6
openat(6, "stable-x86_64-unknown-linux-gnu", O_RDONLY|O_NOCTTY|O_CLOEXEC) = 7
close(7)                                = 0
close(6)                                = 0
statx(AT_FDCWD, "/home/xolra0d/.rustup/toolchains/stable-x86_64-unknown-linux-gnu/lib/rustlib/rust-installer-version", AT_STATX_SYNC_AS_STAT, STATX_ALL, {stx_mask=STATX_ALL|STATX_MNT_ID|STATX_SUBVOL, stx_attributes=0, stx_mode=S_IFREG|0644, stx_size=1, ...}) = 0
openat(AT_FDCWD, "/home/xolra0d/.rustup/toolchains/stable-x86_64-unknown-linux-gnu/lib/rustlib/rust-installer-version", O_RDONLY|O_CLOEXEC) = 6
statx(6, "", AT_STATX_SYNC_AS_STAT|AT_EMPTY_PATH, STATX_ALL, {stx_mask=STATX_ALL|STATX_MNT_ID|STATX_SUBVOL, stx_attributes=0, stx_mode=S_IFREG|0644, stx_size=1, ...}) = 0
read(6, "3", 1)                         = 1
read(6, "", 32)                         = 0
close(6)                                = 0
statx(AT_FDCWD, "/home/xolra0d/.rustup/toolchains/stable-x86_64-unknown-linux-gnu/lib/rustlib/multirust-channel-manifest.toml", AT_STATX_SYNC_AS_STAT, STATX_ALL, {stx_mask=STATX_ALL|STATX_MNT_ID|STATX_SUBVOL, stx_attributes=0, stx_mode=S_IFREG|0644, stx_size=1204892, ...}) = 0
openat(AT_FDCWD, "/home/xolra0d/.rustup/toolchains/stable-x86_64-unknown-linux-gnu/lib/rustlib/multirust-channel-manifest.toml", O_RDONLY|O_CLOEXEC) = 6
statx(6, "", AT_STATX_SYNC_AS_STAT|AT_EMPTY_PATH, STATX_ALL, {stx_mask=STATX_ALL|STATX_MNT_ID|STATX_SUBVOL, stx_attributes=0, stx_mode=S_IFREG|0644, stx_size=1204892, ...}) = 0
mmap(NULL, 1208320, PROT_READ|PROT_WRITE, MAP_PRIVATE|MAP_ANONYMOUS, -1, 0) = 0x7f76b66ab000
read(6, "manifest-version = \"2\"\ndate = \"2"..., 1204892) = 1204892
read(6, "", 32)                         = 0
close(6)                                = 0
brk(0x56299dc0c000)                     = 0x56299dc0c000
brk(0x56299dc2d000)                     = 0x56299dc2d000
brk(0x56299dc4e000)                     = 0x56299dc4e000
brk(0x56299dc6f000)                     = 0x56299dc6f000
brk(0x56299dc91000)                     = 0x56299dc91000
brk(0x56299dcb2000)                     = 0x56299dcb2000
brk(0x56299dcd3000)                     = 0x56299dcd3000
brk(0x56299dcf5000)                     = 0x56299dcf5000
brk(0x56299dd16000)                     = 0x56299dd16000
brk(0x56299dd38000)                     = 0x56299dd38000
brk(0x56299dd59000)                     = 0x56299dd59000
brk(0x56299dd7a000)                     = 0x56299dd7a000
brk(0x56299dd9b000)                     = 0x56299dd9b000
brk(0x56299ddbc000)                     = 0x56299ddbc000
brk(0x56299dddd000)                     = 0x56299dddd000
brk(0x56299ddfe000)                     = 0x56299ddfe000
brk(0x56299de1f000)                     = 0x56299de1f000
brk(0x56299de41000)                     = 0x56299de41000
brk(0x56299de62000)                     = 0x56299de62000
brk(0x56299de83000)                     = 0x56299de83000
brk(0x56299dea7000)                     = 0x56299dea7000
brk(0x56299dec8000)                     = 0x56299dec8000
brk(0x56299dee9000)                     = 0x56299dee9000
brk(0x56299df0d000)                     = 0x56299df0d000
brk(0x56299df2e000)                     = 0x56299df2e000
brk(0x56299df4f000)                     = 0x56299df4f000
brk(0x56299df72000)                     = 0x56299df72000
brk(0x56299df93000)                     = 0x56299df93000
brk(0x56299dfb4000)                     = 0x56299dfb4000
brk(0x56299dfd8000)                     = 0x56299dfd8000
brk(0x56299dff9000)                     = 0x56299dff9000
brk(0x56299e01a000)                     = 0x56299e01a000
brk(0x56299e03d000)                     = 0x56299e03d000
brk(0x56299e05e000)                     = 0x56299e05e000
brk(0x56299e07f000)                     = 0x56299e07f000
brk(0x56299e0a3000)                     = 0x56299e0a3000
brk(0x56299e0c4000)                     = 0x56299e0c4000
brk(0x56299e0e5000)                     = 0x56299e0e5000
brk(0x56299e109000)                     = 0x56299e109000
brk(0x56299e12a000)                     = 0x56299e12a000
brk(0x56299e14b000)                     = 0x56299e14b000
brk(0x56299e16e000)                     = 0x56299e16e000
brk(0x56299e18f000)                     = 0x56299e18f000
brk(0x56299e1b0000)                     = 0x56299e1b0000
brk(0x56299e1d3000)                     = 0x56299e1d3000
brk(0x56299e1f4000)                     = 0x56299e1f4000
brk(0x56299e215000)                     = 0x56299e215000
brk(0x56299e238000)                     = 0x56299e238000
brk(0x56299e259000)                     = 0x56299e259000
brk(0x56299e27a000)                     = 0x56299e27a000
brk(0x56299e29e000)                     = 0x56299e29e000
brk(0x56299e2bf000)                     = 0x56299e2bf000
brk(0x56299e2e0000)                     = 0x56299e2e0000
brk(0x56299e304000)                     = 0x56299e304000
brk(0x56299e325000)                     = 0x56299e325000
brk(0x56299e346000)                     = 0x56299e346000
brk(0x56299e369000)                     = 0x56299e369000
brk(0x56299e38a000)                     = 0x56299e38a000
brk(0x56299e3ab000)                     = 0x56299e3ab000
brk(0x56299e3cf000)                     = 0x56299e3cf000
brk(0x56299e3f0000)                     = 0x56299e3f0000
brk(0x56299e411000)                     = 0x56299e411000
brk(0x56299e434000)                     = 0x56299e434000
brk(0x56299e455000)                     = 0x56299e455000
brk(0x56299e476000)                     = 0x56299e476000
brk(0x56299e499000)                     = 0x56299e499000
brk(0x56299e4ba000)                     = 0x56299e4ba000
brk(0x56299e4db000)                     = 0x56299e4db000
brk(0x56299e4fe000)                     = 0x56299e4fe000
brk(0x56299e51f000)                     = 0x56299e51f000
brk(0x56299e540000)                     = 0x56299e540000
brk(0x56299e563000)                     = 0x56299e563000
brk(0x56299e584000)                     = 0x56299e584000
brk(0x56299e5a5000)                     = 0x56299e5a5000
brk(0x56299e5c9000)                     = 0x56299e5c9000
brk(0x56299e5ea000)                     = 0x56299e5ea000
brk(0x56299e60b000)                     = 0x56299e60b000
brk(0x56299e62f000)                     = 0x56299e62f000
brk(0x56299e650000)                     = 0x56299e650000
brk(0x56299e671000)                     = 0x56299e671000
brk(0x56299e694000)                     = 0x56299e694000
brk(0x56299e6b5000)                     = 0x56299e6b5000
brk(0x56299e6d6000)                     = 0x56299e6d6000
brk(0x56299e6f9000)                     = 0x56299e6f9000
brk(0x56299e71a000)                     = 0x56299e71a000
brk(0x56299e73b000)                     = 0x56299e73b000
brk(0x56299e75f000)                     = 0x56299e75f000
brk(0x56299e780000)                     = 0x56299e780000
brk(0x56299e7a1000)                     = 0x56299e7a1000
brk(0x56299e7c7000)                     = 0x56299e7c7000
brk(0x56299e7e8000)                     = 0x56299e7e8000
brk(0x56299e809000)                     = 0x56299e809000
brk(0x56299e82c000)                     = 0x56299e82c000
brk(0x56299e84d000)                     = 0x56299e84d000
brk(0x56299e86e000)                     = 0x56299e86e000
brk(0x56299e891000)                     = 0x56299e891000
brk(0x56299e8b2000)                     = 0x56299e8b2000
brk(0x56299e8d3000)                     = 0x56299e8d3000
brk(0x56299e8f7000)                     = 0x56299e8f7000
brk(0x56299e918000)                     = 0x56299e918000
brk(0x56299e939000)                     = 0x56299e939000
brk(0x56299e95c000)                     = 0x56299e95c000
brk(0x56299e97d000)                     = 0x56299e97d000
brk(0x56299e99e000)                     = 0x56299e99e000
brk(0x56299e9bf000)                     = 0x56299e9bf000
brk(0x56299e9e0000)                     = 0x56299e9e0000
brk(0x56299ea14000)                     = 0x56299ea14000
brk(0x56299ea35000)                     = 0x56299ea35000
munmap(0x7f76b66ab000, 1208320)         = 0
statx(AT_FDCWD, "/home/xolra0d/.rustup/toolchains/stable-x86_64-unknown-linux-gnu/lib/rustlib/multirust-config.toml", AT_STATX_SYNC_AS_STAT, STATX_ALL, {stx_mask=STATX_ALL|STATX_MNT_ID|STATX_SUBVOL, stx_attributes=0, stx_mode=S_IFREG|0644, stx_size=930, ...}) = 0
openat(AT_FDCWD, "/home/xolra0d/.rustup/toolchains/stable-x86_64-unknown-linux-gnu/lib/rustlib/multirust-config.toml", O_RDONLY|O_CLOEXEC) = 6
statx(6, "", AT_STATX_SYNC_AS_STAT|AT_EMPTY_PATH, STATX_ALL, {stx_mask=STATX_ALL|STATX_MNT_ID|STATX_SUBVOL, stx_attributes=0, stx_mode=S_IFREG|0644, stx_size=930, ...}) = 0
read(6, "config_version = \"1\"\n\n[[componen"..., 930) = 930
read(6, "", 32)                         = 0
close(6)                                = 0
openat(AT_FDCWD, "/home/xolra0d/.rustup/toolchains", O_RDONLY|O_CLOEXEC) = 6
openat(6, "stable-x86_64-unknown-linux-gnu", O_RDONLY|O_NOCTTY|O_CLOEXEC) = 7
close(7)                                = 0
close(6)                                = 0
statx(AT_FDCWD, "/home/xolra0d/.rustup/toolchains/stable-x86_64-unknown-linux-gnu/bin/cargo", AT_STATX_SYNC_AS_STAT, STATX_ALL, {stx_mask=STATX_ALL|STATX_MNT_ID|STATX_SUBVOL, stx_attributes=0, stx_mode=S_IFREG|0755, stx_size=41181888, ...}) = 0
getcwd("/home/xolra0d/dev/databases/touchhouse", 512) = 39
getcwd("/home/xolra0d/dev/databases/touchhouse", 512) = 39
rt_sigaction(SIGPIPE, {sa_handler=SIG_DFL, sa_mask=[PIPE], sa_flags=SA_RESTORER|SA_RESTART, sa_restorer=0x7f76b643e4d0}, {sa_handler=SIG_IGN, sa_mask=[PIPE], sa_flags=SA_RESTORER|SA_RESTART, sa_restorer=0x7f76b643e4d0}, 8) = 0
execve("/home/xolra0d/.rustup/toolchains/stable-x86_64-unknown-linux-gnu/bin/cargo", ["/home/xolra0d/.rustup/toolchains"..., "run"], 0x56299db46590 /* 56 vars */) = 0
brk(NULL)                               = 0x557066a8e000
readlinkat(AT_FDCWD, "/proc/self/exe", "/home/xolra0d/.rustup/toolchains"..., 4096) = 74
mmap(NULL, 8192, PROT_READ|PROT_WRITE, MAP_PRIVATE|MAP_ANONYMOUS, -1, 0) = 0x7f4214f19000
access("/etc/ld.so.preload", R_OK)      = -1 ENOENT (No such file or directory)
openat(AT_FDCWD, "/home/xolra0d/.rustup/toolchains/stable-x86_64-unknown-linux-gnu/lib/glibc-hwcaps/x86-64-v3/libdl.so.2", O_RDONLY|O_CLOEXEC) = -1 ENOENT (No such file or directory)
newfstatat(AT_FDCWD, "/home/xolra0d/.rustup/toolchains/stable-x86_64-unknown-linux-gnu/lib/glibc-hwcaps/x86-64-v3/", 0x7ffda6d53d00, 0) = -1 ENOENT (No such file or directory)
openat(AT_FDCWD, "/home/xolra0d/.rustup/toolchains/stable-x86_64-unknown-linux-gnu/lib/glibc-hwcaps/x86-64-v2/libdl.so.2", O_RDONLY|O_CLOEXEC) = -1 ENOENT (No such file or directory)
newfstatat(AT_FDCWD, "/home/xolra0d/.rustup/toolchains/stable-x86_64-unknown-linux-gnu/lib/glibc-hwcaps/x86-64-v2/", 0x7ffda6d53d00, 0) = -1 ENOENT (No such file or directory)
openat(AT_FDCWD, "/home/xolra0d/.rustup/toolchains/stable-x86_64-unknown-linux-gnu/lib/libdl.so.2", O_RDONLY|O_CLOEXEC) = -1 ENOENT (No such file or directory)
newfstatat(AT_FDCWD, "/home/xolra0d/.rustup/toolchains/stable-x86_64-unknown-linux-gnu/lib/", {st_mode=S_IFDIR|0755, st_size=216, ...}, 0) = 0
openat(AT_FDCWD, "/home/xolra0d/.rustup/toolchains/stable-x86_64-unknown-linux-gnu/bin/../lib/glibc-hwcaps/x86-64-v3/libdl.so.2", O_RDONLY|O_CLOEXEC) = -1 ENOENT (No such file or directory)
newfstatat(AT_FDCWD, "/home/xolra0d/.rustup/toolchains/stable-x86_64-unknown-linux-gnu/bin/../lib/glibc-hwcaps/x86-64-v3/", 0x7ffda6d53d00, 0) = -1 ENOENT (No such file or directory)
openat(AT_FDCWD, "/home/xolra0d/.rustup/toolchains/stable-x86_64-unknown-linux-gnu/bin/../lib/glibc-hwcaps/x86-64-v2/libdl.so.2", O_RDONLY|O_CLOEXEC) = -1 ENOENT (No such file or directory)
newfstatat(AT_FDCWD, "/home/xolra0d/.rustup/toolchains/stable-x86_64-unknown-linux-gnu/bin/../lib/glibc-hwcaps/x86-64-v2/", 0x7ffda6d53d00, 0) = -1 ENOENT (No such file or directory)
openat(AT_FDCWD, "/home/xolra0d/.rustup/toolchains/stable-x86_64-unknown-linux-gnu/bin/../lib/libdl.so.2", O_RDONLY|O_CLOEXEC) = -1 ENOENT (No such file or directory)
newfstatat(AT_FDCWD, "/home/xolra0d/.rustup/toolchains/stable-x86_64-unknown-linux-gnu/bin/../lib/", {st_mode=S_IFDIR|0755, st_size=216, ...}, 0) = 0
openat(AT_FDCWD, "/etc/ld.so.cache", O_RDONLY|O_CLOEXEC) = 3
fstat(3, {st_mode=S_IFREG|0644, st_size=196131, ...}) = 0
mmap(NULL, 196131, PROT_READ, MAP_PRIVATE, 3, 0) = 0x7f4214ee9000
close(3)                                = 0
openat(AT_FDCWD, "/usr/lib/libdl.so.2", O_RDONLY|O_CLOEXEC) = 3
read(3, "\177ELF\2\1\1\0\0\0\0\0\0\0\0\0\3\0>\0\1\0\0\0\0\0\0\0\0\0\0\0"..., 832) = 832
fstat(3, {st_mode=S_IFREG|0755, st_size=14352, ...}) = 0
mmap(NULL, 16400, PROT_READ, MAP_PRIVATE|MAP_DENYWRITE, 3, 0) = 0x7f4214ee4000
mmap(0x7f4214ee5000, 4096, PROT_READ|PROT_EXEC, MAP_PRIVATE|MAP_FIXED|MAP_DENYWRITE, 3, 0x1000) = 0x7f4214ee5000
mmap(0x7f4214ee6000, 4096, PROT_READ, MAP_PRIVATE|MAP_FIXED|MAP_DENYWRITE, 3, 0x2000) = 0x7f4214ee6000
mmap(0x7f4214ee7000, 8192, PROT_READ|PROT_WRITE, MAP_PRIVATE|MAP_FIXED|MAP_DENYWRITE, 3, 0x2000) = 0x7f4214ee7000
close(3)                                = 0
openat(AT_FDCWD, "/home/xolra0d/.rustup/toolchains/stable-x86_64-unknown-linux-gnu/lib/libgcc_s.so.1", O_RDONLY|O_CLOEXEC) = -1 ENOENT (No such file or directory)
openat(AT_FDCWD, "/home/xolra0d/.rustup/toolchains/stable-x86_64-unknown-linux-gnu/bin/../lib/libgcc_s.so.1", O_RDONLY|O_CLOEXEC) = -1 ENOENT (No such file or directory)
openat(AT_FDCWD, "/usr/lib/libgcc_s.so.1", O_RDONLY|O_CLOEXEC) = 3
read(3, "\177ELF\2\1\1\0\0\0\0\0\0\0\0\0\3\0>\0\1\0\0\0\0\0\0\0\0\0\0\0"..., 832) = 832
fstat(3, {st_mode=S_IFREG|0644, st_size=905800, ...}) = 0
mmap(NULL, 180712, PROT_READ, MAP_PRIVATE|MAP_DENYWRITE, 3, 0) = 0x7f4214eb7000
mmap(0x7f4214ebb000, 143360, PROT_READ|PROT_EXEC, MAP_PRIVATE|MAP_FIXED|MAP_DENYWRITE, 3, 0x4000) = 0x7f4214ebb000
mmap(0x7f4214ede000, 16384, PROT_READ, MAP_PRIVATE|MAP_FIXED|MAP_DENYWRITE, 3, 0x27000) = 0x7f4214ede000
mmap(0x7f4214ee2000, 8192, PROT_READ|PROT_WRITE, MAP_PRIVATE|MAP_FIXED|MAP_DENYWRITE, 3, 0x2a000) = 0x7f4214ee2000
close(3)                                = 0
openat(AT_FDCWD, "/home/xolra0d/.rustup/toolchains/stable-x86_64-unknown-linux-gnu/lib/librt.so.1", O_RDONLY|O_CLOEXEC) = -1 ENOENT (No such file or directory)
openat(AT_FDCWD, "/home/xolra0d/.rustup/toolchains/stable-x86_64-unknown-linux-gnu/bin/../lib/librt.so.1", O_RDONLY|O_CLOEXEC) = -1 ENOENT (No such file or directory)
openat(AT_FDCWD, "/usr/lib/librt.so.1", O_RDONLY|O_CLOEXEC) = 3
read(3, "\177ELF\2\1\1\0\0\0\0\0\0\0\0\0\3\0>\0\1\0\0\0\0\0\0\0\0\0\0\0"..., 832) = 832
fstat(3, {st_mode=S_IFREG|0755, st_size=14424, ...}) = 0
mmap(NULL, 16400, PROT_READ, MAP_PRIVATE|MAP_DENYWRITE, 3, 0) = 0x7f4214eb2000
mmap(0x7f4214eb3000, 4096, PROT_READ|PROT_EXEC, MAP_PRIVATE|MAP_FIXED|MAP_DENYWRITE, 3, 0x1000) = 0x7f4214eb3000
mmap(0x7f4214eb4000, 4096, PROT_READ, MAP_PRIVATE|MAP_FIXED|MAP_DENYWRITE, 3, 0x2000) = 0x7f4214eb4000
mmap(0x7f4214eb5000, 8192, PROT_READ|PROT_WRITE, MAP_PRIVATE|MAP_FIXED|MAP_DENYWRITE, 3, 0x2000) = 0x7f4214eb5000
close(3)                                = 0
openat(AT_FDCWD, "/home/xolra0d/.rustup/toolchains/stable-x86_64-unknown-linux-gnu/lib/libpthread.so.0", O_RDONLY|O_CLOEXEC) = -1 ENOENT (No such file or directory)
openat(AT_FDCWD, "/home/xolra0d/.rustup/toolchains/stable-x86_64-unknown-linux-gnu/bin/../lib/libpthread.so.0", O_RDONLY|O_CLOEXEC) = -1 ENOENT (No such file or directory)
openat(AT_FDCWD, "/usr/lib/libpthread.so.0", O_RDONLY|O_CLOEXEC) = 3
read(3, "\177ELF\2\1\1\0\0\0\0\0\0\0\0\0\3\0>\0\1\0\0\0\0\0\0\0\0\0\0\0"..., 832) = 832
fstat(3, {st_mode=S_IFREG|0755, st_size=14360, ...}) = 0
mmap(NULL, 16400, PROT_READ, MAP_PRIVATE|MAP_DENYWRITE, 3, 0) = 0x7f4214ead000
mmap(0x7f4214eae000, 4096, PROT_READ|PROT_EXEC, MAP_PRIVATE|MAP_FIXED|MAP_DENYWRITE, 3, 0x1000) = 0x7f4214eae000
mmap(0x7f4214eaf000, 4096, PROT_READ, MAP_PRIVATE|MAP_FIXED|MAP_DENYWRITE, 3, 0x2000) = 0x7f4214eaf000
mmap(0x7f4214eb0000, 8192, PROT_READ|PROT_WRITE, MAP_PRIVATE|MAP_FIXED|MAP_DENYWRITE, 3, 0x2000) = 0x7f4214eb0000
close(3)                                = 0
openat(AT_FDCWD, "/home/xolra0d/.rustup/toolchains/stable-x86_64-unknown-linux-gnu/lib/libm.so.6", O_RDONLY|O_CLOEXEC) = -1 ENOENT (No such file or directory)
openat(AT_FDCWD, "/home/xolra0d/.rustup/toolchains/stable-x86_64-unknown-linux-gnu/bin/../lib/libm.so.6", O_RDONLY|O_CLOEXEC) = -1 ENOENT (No such file or directory)
openat(AT_FDCWD, "/usr/lib/libm.so.6", O_RDONLY|O_CLOEXEC) = 3
read(3, "\177ELF\2\1\1\3\0\0\0\0\0\0\0\0\3\0>\0\1\0\0\0\0\0\0\0\0\0\0\0"..., 832) = 832
fstat(3, {st_mode=S_IFREG|0755, st_size=1100400, ...}) = 0
mmap(NULL, 1102152, PROT_READ, MAP_PRIVATE|MAP_DENYWRITE, 3, 0) = 0x7f4214d9f000
mmap(0x7f4214dae000, 569344, PROT_READ|PROT_EXEC, MAP_PRIVATE|MAP_FIXED|MAP_DENYWRITE, 3, 0xf000) = 0x7f4214dae000
mmap(0x7f4214e39000, 466944, PROT_READ, MAP_PRIVATE|MAP_FIXED|MAP_DENYWRITE, 3, 0x9a000) = 0x7f4214e39000
mmap(0x7f4214eab000, 8192, PROT_READ|PROT_WRITE, MAP_PRIVATE|MAP_FIXED|MAP_DENYWRITE, 3, 0x10b000) = 0x7f4214eab000
close(3)                                = 0
openat(AT_FDCWD, "/home/xolra0d/.rustup/toolchains/stable-x86_64-unknown-linux-gnu/lib/libc.so.6", O_RDONLY|O_CLOEXEC) = -1 ENOENT (No such file or directory)
openat(AT_FDCWD, "/home/xolra0d/.rustup/toolchains/stable-x86_64-unknown-linux-gnu/bin/../lib/libc.so.6", O_RDONLY|O_CLOEXEC) = -1 ENOENT (No such file or directory)
openat(AT_FDCWD, "/usr/lib/libc.so.6", O_RDONLY|O_CLOEXEC) = 3
read(3, "\177ELF\2\1\1\3\0\0\0\0\0\0\0\0\3\0>\0\1\0\0\0\360w\2\0\0\0\0\0"..., 832) = 832
pread64(3, "\6\0\0\0\4\0\0\0@\0\0\0\0\0\0\0@\0\0\0\0\0\0\0@\0\0\0\0\0\0\0"..., 896, 64) = 896
fstat(3, {st_mode=S_IFREG|0755, st_size=2145632, ...}) = 0
mmap(NULL, 8192, PROT_READ|PROT_WRITE, MAP_PRIVATE|MAP_ANONYMOUS, -1, 0) = 0x7f4214d9d000
pread64(3, "\6\0\0\0\4\0\0\0@\0\0\0\0\0\0\0@\0\0\0\0\0\0\0@\0\0\0\0\0\0\0"..., 896, 64) = 896
mmap(NULL, 2169904, PROT_READ, MAP_PRIVATE|MAP_DENYWRITE, 3, 0) = 0x7f4214a00000
mmap(0x7f4214a24000, 1511424, PROT_READ|PROT_EXEC, MAP_PRIVATE|MAP_FIXED|MAP_DENYWRITE, 3, 0x24000) = 0x7f4214a24000
mmap(0x7f4214b95000, 454656, PROT_READ, MAP_PRIVATE|MAP_FIXED|MAP_DENYWRITE, 3, 0x195000) = 0x7f4214b95000
mmap(0x7f4214c04000, 24576, PROT_READ|PROT_WRITE, MAP_PRIVATE|MAP_FIXED|MAP_DENYWRITE, 3, 0x203000) = 0x7f4214c04000
mmap(0x7f4214c0a000, 31792, PROT_READ|PROT_WRITE, MAP_PRIVATE|MAP_FIXED|MAP_ANONYMOUS, -1, 0) = 0x7f4214c0a000
close(3)                                = 0
mmap(NULL, 12288, PROT_READ|PROT_WRITE, MAP_PRIVATE|MAP_ANONYMOUS, -1, 0) = 0x7f4214d9a000
arch_prctl(ARCH_SET_FS, 0x7f4214d9a9c0) = 0
set_tid_address(0x7f4214d9ac90)         = 1064834
set_robust_list(0x7f4214d9aca0, 24)     = 0
rseq(0x7f4214d9a680, 0x20, 0, 0x53053053) = 0
mprotect(0x7f4214c04000, 16384, PROT_READ) = 0
mprotect(0x7f4214eab000, 4096, PROT_READ) = 0
mprotect(0x7f4214eb0000, 4096, PROT_READ) = 0
mprotect(0x7f4214eb5000, 4096, PROT_READ) = 0
mprotect(0x7f4214ee2000, 4096, PROT_READ) = 0
mprotect(0x7f4214ee7000, 4096, PROT_READ) = 0
mprotect(0x55705586e000, 1228800, PROT_READ) = 0
mprotect(0x7f4214f5c000, 8192, PROT_READ) = 0
prlimit64(0, RLIMIT_STACK, NULL, {rlim_cur=8192*1024, rlim_max=RLIM64_INFINITY}) = 0
getrandom("\x3c\x79\x12\x5b\xa4\xfe\x5a\x3b", 8, GRND_NONBLOCK) = 8
munmap(0x7f4214ee9000, 196131)          = 0
brk(NULL)                               = 0x557066a8e000
brk(0x557066aaf000)                     = 0x557066aaf000
futex(0x5570559ae710, FUTEX_WAKE_PRIVATE, 2147483647) = 0
futex(0x5570559ae718, FUTEX_WAKE_PRIVATE, 2147483647) = 0
futex(0x5570559ae720, FUTEX_WAKE_PRIVATE, 2147483647) = 0
futex(0x5570559ae858, FUTEX_WAKE_PRIVATE, 2147483647) = 0
futex(0x5570559ae738, FUTEX_WAKE_PRIVATE, 2147483647) = 0
futex(0x5570559ae740, FUTEX_WAKE_PRIVATE, 2147483647) = 0
futex(0x5570559ae3bc, FUTEX_WAKE_PRIVATE, 2147483647) = 0
futex(0x5570559ae250, FUTEX_WAKE_PRIVATE, 2147483647) = 0
futex(0x5570559ae7d8, FUTEX_WAKE_PRIVATE, 2147483647) = 0
futex(0x5570559ae148, FUTEX_WAKE_PRIVATE, 2147483647) = 0
futex(0x5570559ae728, FUTEX_WAKE_PRIVATE, 2147483647) = 0
openat(AT_FDCWD, "/usr/local/ssl/openssl.cnf", O_RDONLY) = -1 ENOENT (No such file or directory)
futex(0x5570559ae748, FUTEX_WAKE_PRIVATE, 2147483647) = 0
futex(0x5570559ae0a0, FUTEX_WAKE_PRIVATE, 2147483647) = 0
futex(0x5570559ae768, FUTEX_WAKE_PRIVATE, 2147483647) = 0
futex(0x5570559ae770, FUTEX_WAKE_PRIVATE, 2147483647) = 0
futex(0x5570559ae778, FUTEX_WAKE_PRIVATE, 2147483647) = 0
futex(0x5570559ae010, FUTEX_WAKE_PRIVATE, 2147483647) = 0
poll([{fd=0, events=0}, {fd=1, events=0}, {fd=2, events=0}], 3, 0) = 0 (Timeout)
rt_sigaction(SIGPIPE, {sa_handler=SIG_IGN, sa_mask=[PIPE], sa_flags=SA_RESTORER|SA_RESTART, sa_restorer=0x7f4214a3e4d0}, {sa_handler=SIG_DFL, sa_mask=[], sa_flags=0}, 8) = 0
openat(AT_FDCWD, "/proc/self/maps", O_RDONLY|O_CLOEXEC) = 3
prlimit64(0, RLIMIT_STACK, NULL, {rlim_cur=8192*1024, rlim_max=RLIM64_INFINITY}) = 0
fstat(3, {st_mode=S_IFREG|0444, st_size=0, ...}) = 0
read(3, "557053acf000-5570541cb000 r--p 0"..., 1024) = 1024
read(3, "--p 00203000 00:1c 182209424    "..., 1024) = 1024
read(3, "4214eb1000 r--p 00002000 00:1c 1"..., 1024) = 1024
read(3, ".so.1\n7f4214ee3000-7f4214ee4000 "..., 1024) = 1024
read(3, "               /usr/lib/ld-linux"..., 1024) = 568
lseek(3, 0, SEEK_CUR)                   = 4664
lseek(3, 4580, SEEK_SET)                = 4580
close(3)                                = 0
sched_getaffinity(1064834, 32, [0 1 2 3 4 5 6 7 8 9 10 11 12 13 14 15 16 17 18 19 20 21]) = 8
rt_sigaction(SIGSEGV, NULL, {sa_handler=SIG_DFL, sa_mask=[], sa_flags=0}, 8) = 0
sigaltstack(NULL, {ss_sp=NULL, ss_flags=SS_DISABLE, ss_size=0}) = 0
mmap(NULL, 12288, PROT_READ|PROT_WRITE, MAP_PRIVATE|MAP_ANONYMOUS|MAP_STACK, -1, 0) = 0x7f4214f16000
mprotect(0x7f4214f16000, 4096, PROT_NONE) = 0
sigaltstack({ss_sp=0x7f4214f17000, ss_flags=0, ss_size=8192}, NULL) = 0
rt_sigaction(SIGSEGV, {sa_handler=0x5570551bc4a0, sa_mask=[], sa_flags=SA_RESTORER|SA_ONSTACK|SA_SIGINFO, sa_restorer=0x7f4214a3e4d0}, NULL, 8) = 0
rt_sigaction(SIGBUS, NULL, {sa_handler=SIG_DFL, sa_mask=[], sa_flags=0}, 8) = 0
rt_sigaction(SIGBUS, {sa_handler=0x5570551bc4a0, sa_mask=[], sa_flags=SA_RESTORER|SA_ONSTACK|SA_SIGINFO, sa_restorer=0x7f4214a3e4d0}, NULL, 8) = 0
rt_sigprocmask(SIG_BLOCK, ~[], [], 8)   = 0
mmap(NULL, 4096, PROT_READ|PROT_WRITE, MAP_DROPPABLE|MAP_ANONYMOUS, -1, 0) = 0x7f4214f15000
mmap(NULL, 4096, PROT_READ|PROT_WRITE, MAP_PRIVATE|MAP_ANONYMOUS, -1, 0) = 0x7f4214f14000
rt_sigprocmask(SIG_SETMASK, [], NULL, 8) = 0
getrandom("\xf0\x86\xaa\x5f\xf3\x28\xc9\xdd\x05\xcd\xae\x3e\x8c\xaf\xc9\xe2\xcc\x6f\x75\x64\x12\x8c\x5d\x3b\x00\x05\x51\xa9\x10\x1c\x02\x2b", 32, 0) = 32
ioctl(2, TCGETS2, {c_iflag=ICRNL|IXON|IUTF8, c_oflag=NL0|CR0|TAB0|BS0|VT0|FF0|OPOST|ONLCR, c_cflag=B38400|B38400<<IBSHIFT|CS8|CREAD, c_lflag=ISIG|ICANON|ECHO|ECHOE|ECHOK|IEXTEN|ECHOCTL|ECHOKE, ...}) = 0
brk(0x557066ad2000)                     = 0x557066ad2000
ioctl(1, TCGETS2, {c_iflag=ICRNL|IXON|IUTF8, c_oflag=NL0|CR0|TAB0|BS0|VT0|FF0|OPOST|ONLCR, c_cflag=B38400|B38400<<IBSHIFT|CS8|CREAD, c_lflag=ISIG|ICANON|ECHO|ECHOE|ECHOK|IEXTEN|ECHOCTL|ECHOKE, ...}) = 0
ioctl(1, TCGETS2, {c_iflag=ICRNL|IXON|IUTF8, c_oflag=NL0|CR0|TAB0|BS0|VT0|FF0|OPOST|ONLCR, c_cflag=B38400|B38400<<IBSHIFT|CS8|CREAD, c_lflag=ISIG|ICANON|ECHO|ECHOE|ECHOK|IEXTEN|ECHOCTL|ECHOKE, ...}) = 0
ioctl(2, TCGETS2, {c_iflag=ICRNL|IXON|IUTF8, c_oflag=NL0|CR0|TAB0|BS0|VT0|FF0|OPOST|ONLCR, c_cflag=B38400|B38400<<IBSHIFT|CS8|CREAD, c_lflag=ISIG|ICANON|ECHO|ECHOE|ECHOK|IEXTEN|ECHOCTL|ECHOKE, ...}) = 0
ioctl(2, TCGETS2, {c_iflag=ICRNL|IXON|IUTF8, c_oflag=NL0|CR0|TAB0|BS0|VT0|FF0|OPOST|ONLCR, c_cflag=B38400|B38400<<IBSHIFT|CS8|CREAD, c_lflag=ISIG|ICANON|ECHO|ECHOE|ECHOK|IEXTEN|ECHOCTL|ECHOKE, ...}) = 0
ioctl(2, TCGETS2, {c_iflag=ICRNL|IXON|IUTF8, c_oflag=NL0|CR0|TAB0|BS0|VT0|FF0|OPOST|ONLCR, c_cflag=B38400|B38400<<IBSHIFT|CS8|CREAD, c_lflag=ISIG|ICANON|ECHO|ECHOE|ECHOK|IEXTEN|ECHOCTL|ECHOKE, ...}) = 0
ioctl(1, TCGETS2, {c_iflag=ICRNL|IXON|IUTF8, c_oflag=NL0|CR0|TAB0|BS0|VT0|FF0|OPOST|ONLCR, c_cflag=B38400|B38400<<IBSHIFT|CS8|CREAD, c_lflag=ISIG|ICANON|ECHO|ECHOE|ECHOK|IEXTEN|ECHOCTL|ECHOKE, ...}) = 0
ioctl(2, TCGETS2, {c_iflag=ICRNL|IXON|IUTF8, c_oflag=NL0|CR0|TAB0|BS0|VT0|FF0|OPOST|ONLCR, c_cflag=B38400|B38400<<IBSHIFT|CS8|CREAD, c_lflag=ISIG|ICANON|ECHO|ECHOE|ECHOK|IEXTEN|ECHOCTL|ECHOKE, ...}) = 0
getcwd("/home/xolra0d/dev/databases/touchhouse", 512) = 39
openat(AT_FDCWD, "/home/xolra0d/dev/databases/touchhouse/.cargo/config", O_RDONLY|O_CLOEXEC) = -1 ENOENT (No such file or directory)
statx(AT_FDCWD, "/home/xolra0d/dev/databases/touchhouse/.cargo/config.toml", AT_STATX_SYNC_AS_STAT, STATX_ALL, 0x7ffda6d4f7b0) = -1 ENOENT (No such file or directory)
statx(0, NULL, AT_STATX_SYNC_AS_STAT, STATX_ALL, NULL) = -1 EFAULT (Bad address)
openat(AT_FDCWD, "/home/xolra0d/dev/databases/.cargo/config", O_RDONLY|O_CLOEXEC) = -1 ENOENT (No such file or directory)
statx(AT_FDCWD, "/home/xolra0d/dev/databases/.cargo/config.toml", AT_STATX_SYNC_AS_STAT, STATX_ALL, 0x7ffda6d4f7b0) = -1 ENOENT (No such file or directory)
openat(AT_FDCWD, "/home/xolra0d/dev/.cargo/config", O_RDONLY|O_CLOEXEC) = -1 ENOENT (No such file or directory)
statx(AT_FDCWD, "/home/xolra0d/dev/.cargo/config.toml", AT_STATX_SYNC_AS_STAT, STATX_ALL, 0x7ffda6d4f7b0) = -1 ENOENT (No such file or directory)
openat(AT_FDCWD, "/home/xolra0d/.cargo/config", O_RDONLY|O_CLOEXEC) = -1 ENOENT (No such file or directory)
statx(AT_FDCWD, "/home/xolra0d/.cargo/config.toml", AT_STATX_SYNC_AS_STAT, STATX_ALL, 0x7ffda6d4f7b0) = -1 ENOENT (No such file or directory)
openat(AT_FDCWD, "/home/.cargo/config", O_RDONLY|O_CLOEXEC) = -1 ENOENT (No such file or directory)
statx(AT_FDCWD, "/home/.cargo/config.toml", AT_STATX_SYNC_AS_STAT, STATX_ALL, 0x7ffda6d4f7b0) = -1 ENOENT (No such file or directory)
openat(AT_FDCWD, "/.cargo/config", O_RDONLY|O_CLOEXEC) = -1 ENOENT (No such file or directory)
statx(AT_FDCWD, "/.cargo/config.toml", AT_STATX_SYNC_AS_STAT, STATX_ALL, 0x7ffda6d4f7b0) = -1 ENOENT (No such file or directory)
brk(0x557066afa000)                     = 0x557066afa000
brk(0x557066af6000)                     = 0x557066af6000
brk(0x557066b1a000)                     = 0x557066b1a000
brk(0x557066b18000)                     = 0x557066b18000
brk(0x557066b39000)                     = 0x557066b39000
brk(0x557066b5e000)                     = 0x557066b5e000
brk(0x557066b5b000)                     = 0x557066b5b000
brk(0x557066b7d000)                     = 0x557066b7d000
brk(0x557066ba1000)                     = 0x557066ba1000
brk(0x557066bc2000)                     = 0x557066bc2000
brk(0x557066be3000)                     = 0x557066be3000
brk(0x557066b8e000)                     = 0x557066b8e000
brk(0x557066b82000)                     = 0x557066b82000
ioctl(1, TCGETS2, {c_iflag=ICRNL|IXON|IUTF8, c_oflag=NL0|CR0|TAB0|BS0|VT0|FF0|OPOST|ONLCR, c_cflag=B38400|B38400<<IBSHIFT|CS8|CREAD, c_lflag=ISIG|ICANON|ECHO|ECHOE|ECHOK|IEXTEN|ECHOCTL|ECHOKE, ...}) = 0
ioctl(1, TCGETS2, {c_iflag=ICRNL|IXON|IUTF8, c_oflag=NL0|CR0|TAB0|BS0|VT0|FF0|OPOST|ONLCR, c_cflag=B38400|B38400<<IBSHIFT|CS8|CREAD, c_lflag=ISIG|ICANON|ECHO|ECHOE|ECHOK|IEXTEN|ECHOCTL|ECHOKE, ...}) = 0
ioctl(2, TCGETS2, {c_iflag=ICRNL|IXON|IUTF8, c_oflag=NL0|CR0|TAB0|BS0|VT0|FF0|OPOST|ONLCR, c_cflag=B38400|B38400<<IBSHIFT|CS8|CREAD, c_lflag=ISIG|ICANON|ECHO|ECHOE|ECHOK|IEXTEN|ECHOCTL|ECHOKE, ...}) = 0
ioctl(2, TCGETS2, {c_iflag=ICRNL|IXON|IUTF8, c_oflag=NL0|CR0|TAB0|BS0|VT0|FF0|OPOST|ONLCR, c_cflag=B38400|B38400<<IBSHIFT|CS8|CREAD, c_lflag=ISIG|ICANON|ECHO|ECHOE|ECHOK|IEXTEN|ECHOCTL|ECHOKE, ...}) = 0
statx(AT_FDCWD, "/var/ssl", AT_STATX_SYNC_AS_STAT, STATX_ALL, 0x7ffda6d51b70) = -1 ENOENT (No such file or directory)
statx(AT_FDCWD, "/usr/share/ssl", AT_STATX_SYNC_AS_STAT, STATX_ALL, 0x7ffda6d51b70) = -1 ENOENT (No such file or directory)
statx(AT_FDCWD, "/usr/local/ssl", AT_STATX_SYNC_AS_STAT, STATX_ALL, 0x7ffda6d51b70) = -1 ENOENT (No such file or directory)
statx(AT_FDCWD, "/usr/local/openssl", AT_STATX_SYNC_AS_STAT, STATX_ALL, 0x7ffda6d51b70) = -1 ENOENT (No such file or directory)
statx(AT_FDCWD, "/usr/local/etc/openssl", AT_STATX_SYNC_AS_STAT, STATX_ALL, 0x7ffda6d51b70) = -1 ENOENT (No such file or directory)
statx(AT_FDCWD, "/usr/local/share", AT_STATX_SYNC_AS_STAT, STATX_ALL, {stx_mask=STATX_ALL|STATX_MNT_ID|STATX_SUBVOL, stx_attributes=0, stx_mode=S_IFDIR|0755, stx_size=6, ...}) = 0
statx(AT_FDCWD, "/usr/local/share/cert.pem", AT_STATX_SYNC_AS_STAT, STATX_ALL, 0x7ffda6d51b70) = -1 ENOENT (No such file or directory)
statx(AT_FDCWD, "/usr/local/share/certs.pem", AT_STATX_SYNC_AS_STAT, STATX_ALL, 0x7ffda6d51b70) = -1 ENOENT (No such file or directory)
statx(AT_FDCWD, "/usr/local/share/ca-bundle.pem", AT_STATX_SYNC_AS_STAT, STATX_ALL, 0x7ffda6d51b70) = -1 ENOENT (No such file or directory)
statx(AT_FDCWD, "/usr/local/share/cacert.pem", AT_STATX_SYNC_AS_STAT, STATX_ALL, 0x7ffda6d51b70) = -1 ENOENT (No such file or directory)
statx(AT_FDCWD, "/usr/local/share/ca-certificates.crt", AT_STATX_SYNC_AS_STAT, STATX_ALL, 0x7ffda6d51b70) = -1 ENOENT (No such file or directory)
statx(AT_FDCWD, "/usr/local/share/certs/ca-certificates.crt", AT_STATX_SYNC_AS_STAT, STATX_ALL, 0x7ffda6d51b70) = -1 ENOENT (No such file or directory)
statx(AT_FDCWD, "/usr/local/share/certs/ca-root-nss.crt", AT_STATX_SYNC_AS_STAT, STATX_ALL, 0x7ffda6d51b70) = -1 ENOENT (No such file or directory)
statx(AT_FDCWD, "/usr/local/share/certs/ca-bundle.crt", AT_STATX_SYNC_AS_STAT, STATX_ALL, 0x7ffda6d51b70) = -1 ENOENT (No such file or directory)
statx(AT_FDCWD, "/usr/local/share/CARootCertificates.pem", AT_STATX_SYNC_AS_STAT, STATX_ALL, 0x7ffda6d51b70) = -1 ENOENT (No such file or directory)
statx(AT_FDCWD, "/usr/local/share/tls-ca-bundle.pem", AT_STATX_SYNC_AS_STAT, STATX_ALL, 0x7ffda6d51b70) = -1 ENOENT (No such file or directory)
statx(AT_FDCWD, "/usr/local/share/certs", AT_STATX_SYNC_AS_STAT, STATX_ALL, 0x7ffda6d51b70) = -1 ENOENT (No such file or directory)
statx(AT_FDCWD, "/usr/lib/ssl", AT_STATX_SYNC_AS_STAT, STATX_ALL, 0x7ffda6d51b70) = -1 ENOENT (No such file or directory)
statx(AT_FDCWD, "/usr/ssl", AT_STATX_SYNC_AS_STAT, STATX_ALL, 0x7ffda6d51b70) = -1 ENOENT (No such file or directory)
statx(AT_FDCWD, "/etc/openssl", AT_STATX_SYNC_AS_STAT, STATX_ALL, 0x7ffda6d51b70) = -1 ENOENT (No such file or directory)
statx(AT_FDCWD, "/etc/pki/ca-trust/extracted/pem", AT_STATX_SYNC_AS_STAT, STATX_ALL, 0x7ffda6d51b70) = -1 ENOENT (No such file or directory)
statx(AT_FDCWD, "/etc/pki/tls", AT_STATX_SYNC_AS_STAT, STATX_ALL, 0x7ffda6d51b70) = -1 ENOENT (No such file or directory)
statx(AT_FDCWD, "/etc/ssl", AT_STATX_SYNC_AS_STAT, STATX_ALL, {stx_mask=STATX_ALL|STATX_MNT_ID|STATX_SUBVOL, stx_attributes=0, stx_mode=S_IFDIR|0755, stx_size=184, ...}) = 0
statx(AT_FDCWD, "/etc/ssl/cert.pem", AT_STATX_SYNC_AS_STAT, STATX_ALL, {stx_mask=STATX_ALL|STATX_MNT_ID|STATX_SUBVOL, stx_attributes=0, stx_mode=S_IFREG|0444, stx_size=220989, ...}) = 0
statx(AT_FDCWD, "/etc/ssl/certs", AT_STATX_SYNC_AS_STAT, STATX_ALL, {stx_mask=STATX_ALL|STATX_MNT_ID|STATX_SUBVOL, stx_attributes=0, stx_mode=S_IFDIR|0755, stx_size=14632, ...}) = 0
futex(0x5570559ae730, FUTEX_WAKE_PRIVATE, 2147483647) = 0
openat(AT_FDCWD, "/dev/urandom", O_RDONLY) = 3
read(3, "4I\324\207xF\301\367", 8)      = 8
close(3)                                = 0
getuid()                                = 1000
geteuid()                               = 1000
getuid()                                = 1000
geteuid()                               = 1000
getuid()                                = 1000
geteuid()                               = 1000
futex(0x5570559ae008, FUTEX_WAKE_PRIVATE, 2147483647) = 0
futex(0x5570559ae890, FUTEX_WAKE_PRIVATE, 2147483647) = 0
futex(0x5570559ae8b0, FUTEX_WAKE_PRIVATE, 2147483647) = 0
futex(0x5570559ae930, FUTEX_WAKE_PRIVATE, 2147483647) = 0
getpid()                                = 1064834
getrandom("\x86\x9f\x31\xeb\xa6\x12\x71\x2d\x9b\xab\xce\xc7\x42\x57\xb0\x02\x78\x84\xf8\x50\xc9\xd0\x7d\xf3\x92\xb0\xad\x81\x12\x4a\x0b\x18"..., 48, 0) = 48
getpid()                                = 1064834
getpid()                                = 1064834
getpid()                                = 1064834
getpid()                                = 1064834
getpid()                                = 1064834
getpid()                                = 1064834
getpid()                                = 1064834
getpid()                                = 1064834
getpid()                                = 1064834
getpid()                                = 1064834
openat(AT_FDCWD, "/etc/ssl/cert.pem", O_RDONLY) = 3
fstat(3, {st_mode=S_IFREG|0444, st_size=220989, ...}) = 0
read(3, "# ACCVRAIZ1\n-----BEGIN CERTIFICA"..., 4096) = 4096
read(3, "b8EZ6WdmF/9ARP67Jpi6Yb+tmLSbkyU+"..., 4096) = 4096
read(3, "DjAMBgNVBAcMBU1pbGFuMSMwIQYDVQQK"..., 4096) = 4096
read(3, "4J2dHy8egBzp90SxdbBk6ZrV9/ZFvgrG"..., 4096) = 4096
read(3, "pY1hp8KD+WGePhbJruKNzANBgkqhkiG9"..., 4096) = 4096
read(3, "A1UdIAQRMA8wDQYLKwYBBAGwLQMEAQEw"..., 4096) = 4096
read(3, "KtMFnXkIoctXMbScyJCy\nZ/QYFpM6/Ef"..., 4096) = 4096
read(3, "PLet8gUXOQwKhbYdDFUDn9hf7B\n43j4p"..., 4096) = 4096
read(3, "RMwEQYDVQQHEwpCcmF0aXNsYXZhMRMwE"..., 4096) = 4096
read(3, "NPTU9ETyBDZXJ0aWZpY2F0aW9uIEF1dG"..., 4096) = 4096
read(3, "bH9qh17f4a+Hg4yRvv7E491f0yL\nS0Zj"..., 4096) = 4096
read(3, "qB9IG9tUUBguRA3UsbHK1YZWaDYu5Def"..., 4096) = 4096
read(3, "VSjF4hq79MDkrjhJM8x2hZ85RdKknvIS"..., 4096) = 4096
read(3, "8BAf8EBAMCAQYwDQYJKoZIhvcNAQENBQ"..., 4096) = 4096
read(3, "Q0EgMSAyMDIwMB4XDTIwMDIxMTEwMDAw"..., 4096) = 4096
read(3, "\nBQADggEBAH+X2zDI36ScfSF6gHDOFBJ"..., 4096) = 4096
read(3, "ykqGxvYmJHzDNw6Yu\nYjOuFgJ3RFrngQ"..., 4096) = 4096
read(3, "27jyNxF1WW6LZZm6zNTfl\nMrY=\n-----"..., 4096) = 4096
read(3, "YIwo+FKbbuH2TbsGJJvX\nKyY//SovcfX"..., 4096) = 4096
read(3, "CAQYwDwYDVR0TAQH/BAUwAwEB/zArBgN"..., 4096) = 4096
read(3, "jAKBggqhkjO\nPQQDAwNoADBlAjAdfKR7"..., 4096) = 4096
read(3, "qispdNpQ80xiEmEU5LAsTkbOYMBMMTy\n"..., 4096) = 4096
read(3, "nZpY2VzIExMQzEUMBIG\nA1UEAxMLR1RT"..., 4096) = 4096
brk(0x557066ba3000)                     = 0x557066ba3000
read(3, "7hLi18YIvDQVETI53O9zJrlAGomecs\nM"..., 4096) = 4096
read(3, "WU4jaWSf8FmSwwDQYJKoZIhvcNAQEMBQ"..., 4096) = 4096
read(3, "NhStYq\nE613TBoYm5EPWNgGVMWX+Ko/I"..., 4096) = 4096
read(3, "9FghAD/FGTNeqewjBCvVtJ94Cj8rDtSv"..., 4096) = 4096
read(3, "urQB7Lcq9CClnXO0lD+mefP\nL5/ndtFh"..., 4096) = 4096
read(3, "VR0TAQH/BAUwAwEB\n/zAdBgNVHQ4EFgQ"..., 4096) = 4096
read(3, "/zAOBgNVHQ8BAf8EBAMC\nAQYwHQYDVR0"..., 4096) = 4096
read(3, "ngNXtk55iwlNpNhTs+VcQor1fznhPbRi"..., 4096) = 4096
read(3, "wJRDC7bVWaaeVtAkH3B5r9s5\nVA1lddk"..., 4096) = 4096
brk(0x557066bc4000)                     = 0x557066bc4000
brk(0x557066bc3000)                     = 0x557066bc3000
read(3, "3NDRaFw00\nMjAxMTIxNzI3NDRaMEgxCz"..., 4096) = 4096
read(3, "4wHAYDVQQDExVRdW9WYWRpcyBSb290IE"..., 4096) = 4096
read(3, "8Sah0wDQYJKoZIhvcNAQEL\nBQAwSDELM"..., 4096) = 4096
read(3, "kofZ6aY\nMBzdLNvcGJVXZsb/XItW9XcC"..., 4096) = 4096
read(3, "TIFICATE-----\nMIICOjCCAcCgAwIBAg"..., 4096) = 4096
read(3, "FICATE-----\n\n# Sectigo Public Se"..., 4096) = 4096
read(3, "l6XLK0A+9H7MV2anjpEcJnuDLN/v9vZf"..., 4096) = 4096
read(3, "YmHrZkUjZfYGfZnMUFdAvnZyPS\nCPyI6"..., 4096) = 4096
brk(0x557066be4000)                     = 0x557066be4000
read(3, "wDgYDVQQIEwdBcml6\nb25hMRMwEQYDVQ"..., 4096) = 4096
read(3, "siHSycR+R4tx5M/nttfJmtS2S6K8RTGR"..., 4096) = 4096
read(3, "yBFbnRlcnByaXNlIFNlcnZpY2VzIEdtY"..., 4096) = 4096
read(3, "zAd\nBgNVHQ4EFgQUnYVhFHzBYm+XaORP"..., 4096) = 4096
read(3, "sljN0AFdxeVXADAKBggqhkjOPQQDAzBj"..., 4096) = 4096
read(3, "kqhOX//CHBXfDkH1e3damhXwIm/9fH90"..., 4096) = 4096
read(3, "TpLrxaatXeL1nHo+zSh2bbt1S1\nJKv0Q"..., 4096) = 4096
read(3, "fILfanIhHKA9jnZwqKDss1jjQ52MjqjZ"..., 4096) = 4096
read(3, "DBwYAMB0G\nA1UdDgQWBBRVqYSJ0sEyvR"..., 4096) = 4096
brk(0x557066c05000)                     = 0x557066c05000
read(3, "yNuJkbL+vmx\ncmtpzyKEC2IPrNkZAJSi"..., 4096) = 4096
read(3, "8liM2EuLE/pDkP2QKe6xJMlXzzawWpXh"..., 4096) = 4096
read(3, "sr0Wefmq5L6I\nJd1hJyMctTEHBDa0GpC"..., 4096) = 4096
read(3, "vjB9teSSnUmjDhDXiZo1jDiVN1Rmy5nk"..., 4096) = 4096
read(3, "uIFBLSTElMCMGA1UEChMcZU11ZGhyYSB"..., 4096) = 3901
read(3, "", 4096)                       = 0
close(3)                                = 0
futex(0x5570559ae040, FUTEX_WAKE_PRIVATE, 2147483647) = 0
access("/home/xolra0d/.gitconfig", F_OK) = 0
stat("/home/xolra0d/.gitconfig", {st_mode=S_IFREG|0644, st_size=165, ...}) = 0
access("/home/xolra0d/.gitconfig", F_OK) = 0
access("/home/xolra0d/.gitconfig", R_OK) = 0
stat("/home/xolra0d/.gitconfig", {st_mode=S_IFREG|0644, st_size=165, ...}) = 0
stat("/home/xolra0d/.gitconfig", {st_mode=S_IFREG|0644, st_size=165, ...}) = 0
openat(AT_FDCWD, "/home/xolra0d/.gitconfig", O_RDONLY|O_CLOEXEC) = 3
read(3, "[user]\n\temail = sn24008@edu.lu.l"..., 165) = 165
close(3)                                = 0
access("/home/xolra0d/.config/git/config", F_OK) = -1 ENOENT (No such file or directory)
access("/etc/gitconfig", F_OK)          = -1 ENOENT (No such file or directory)
stat("/home/xolra0d/.gitconfig", {st_mode=S_IFREG|0644, st_size=165, ...}) = 0
access("/home/xolra0d/.gitconfig", F_OK) = 0
stat("/home/xolra0d/.gitconfig", {st_mode=S_IFREG|0644, st_size=165, ...}) = 0
access("/home/xolra0d/.gitconfig", F_OK) = 0
access("/home/xolra0d/.gitconfig", R_OK) = 0
stat("/home/xolra0d/.gitconfig", {st_mode=S_IFREG|0644, st_size=165, ...}) = 0
stat("/home/xolra0d/.gitconfig", {st_mode=S_IFREG|0644, st_size=165, ...}) = 0
openat(AT_FDCWD, "/home/xolra0d/.gitconfig", O_RDONLY|O_CLOEXEC) = 3
read(3, "[user]\n\temail = sn24008@edu.lu.l"..., 165) = 165
close(3)                                = 0
access("/home/xolra0d/.config/git/config", F_OK) = -1 ENOENT (No such file or directory)
access("/etc/gitconfig", F_OK)          = -1 ENOENT (No such file or directory)
stat("/home/xolra0d/.gitconfig", {st_mode=S_IFREG|0644, st_size=165, ...}) = 0
statx(AT_FDCWD, "/home/xolra0d/dev/databases/touchhouse/Cargo.toml", AT_STATX_SYNC_AS_STAT, STATX_ALL, {stx_mask=STATX_ALL|STATX_MNT_ID|STATX_SUBVOL, stx_attributes=0, stx_mode=S_IFREG|0644, stx_size=735, ...}) = 0
openat(AT_FDCWD, "/home/xolra0d/dev/databases/touchhouse/Cargo.toml", O_RDONLY|O_CLOEXEC) = 3
statx(3, "", AT_STATX_SYNC_AS_STAT|AT_EMPTY_PATH, STATX_ALL, {stx_mask=STATX_ALL|STATX_MNT_ID|STATX_SUBVOL, stx_attributes=0, stx_mode=S_IFREG|0644, stx_size=735, ...}) = 0
read(3, "[package]\nname = \"touchhouse\"\nve"..., 735) = 735
read(3, "", 32)                         = 0
close(3)                                = 0
brk(0x557066c26000)                     = 0x557066c26000
statx(AT_FDCWD, "/home/xolra0d/dev/databases/touchhouse/build.rs", AT_STATX_SYNC_AS_STAT, STATX_ALL, 0x7ffda6d49be0) = -1 ENOENT (No such file or directory)
statx(AT_FDCWD, "/home/xolra0d/dev/databases/touchhouse/README.md", AT_STATX_SYNC_AS_STAT, STATX_ALL, {stx_mask=STATX_ALL|STATX_MNT_ID|STATX_SUBVOL, stx_attributes=0, stx_mode=S_IFREG|0644, stx_size=2451, ...}) = 0
statx(AT_FDCWD, "/home/xolra0d/dev/databases/touchhouse/src/lib.rs", AT_STATX_SYNC_AS_STAT, STATX_ALL, {stx_mask=STATX_ALL|STATX_MNT_ID|STATX_SUBVOL, stx_attributes=0, stx_mode=S_IFREG|0644, stx_size=8258, ...}) = 0
statx(AT_FDCWD, "/home/xolra0d/dev/databases/touchhouse/src/main.rs", AT_STATX_SYNC_AS_STAT, STATX_ALL, {stx_mask=STATX_ALL|STATX_MNT_ID|STATX_SUBVOL, stx_attributes=0, stx_mode=S_IFREG|0644, stx_size=513, ...}) = 0
openat(AT_FDCWD, "/home/xolra0d/dev/databases/touchhouse/src/bin", O_RDONLY|O_NONBLOCK|O_CLOEXEC|O_DIRECTORY) = -1 ENOENT (No such file or directory)
openat(AT_FDCWD, "/home/xolra0d/dev/databases/touchhouse/examples", O_RDONLY|O_NONBLOCK|O_CLOEXEC|O_DIRECTORY) = -1 ENOENT (No such file or directory)
openat(AT_FDCWD, "/home/xolra0d/dev/databases/touchhouse/tests", O_RDONLY|O_NONBLOCK|O_CLOEXEC|O_DIRECTORY) = -1 ENOENT (No such file or directory)
openat(AT_FDCWD, "/home/xolra0d/dev/databases/touchhouse/benches", O_RDONLY|O_NONBLOCK|O_CLOEXEC|O_DIRECTORY) = -1 ENOENT (No such file or directory)
statx(AT_FDCWD, "/home/xolra0d/dev/databases/touchhouse", AT_STATX_SYNC_AS_STAT, STATX_ALL, {stx_mask=STATX_ALL|STATX_MNT_ID|STATX_SUBVOL, stx_attributes=0, stx_mode=S_IFDIR|0755, stx_size=394, ...}) = 0
statx(AT_FDCWD, "/home/xolra0d/dev/databases/Cargo.toml", AT_STATX_SYNC_AS_STAT, STATX_ALL, 0x7ffda6d50080) = -1 ENOENT (No such file or directory)
statx(AT_FDCWD, "/home/xolra0d/dev/Cargo.toml", AT_STATX_SYNC_AS_STAT, STATX_ALL, 0x7ffda6d50080) = -1 ENOENT (No such file or directory)
statx(AT_FDCWD, "/home/xolra0d/Cargo.toml", AT_STATX_SYNC_AS_STAT, STATX_ALL, 0x7ffda6d50080) = -1 ENOENT (No such file or directory)
statx(AT_FDCWD, "/home/Cargo.toml", AT_STATX_SYNC_AS_STAT, STATX_ALL, 0x7ffda6d50080) = -1 ENOENT (No such file or directory)
statx(AT_FDCWD, "/Cargo.toml", AT_STATX_SYNC_AS_STAT, STATX_ALL, 0x7ffda6d50080) = -1 ENOENT (No such file or directory)
openat(AT_FDCWD, "/proc/self/cgroup", O_RDONLY|O_CLOEXEC) = 3
statx(3, "", AT_STATX_SYNC_AS_STAT|AT_EMPTY_PATH, STATX_ALL, {stx_mask=STATX_BASIC_STATS|STATX_MNT_ID, stx_attributes=0, stx_mode=S_IFREG|0444, stx_size=0, ...}) = 0
lseek(3, 0, SEEK_CUR)                   = 0
read(3, "0::/user.slice/user-1000.slice/s"..., 128) = 47
read(3, "", 81)                         = 0
close(3)                                = 0
statx(AT_FDCWD, "/sys/fs/cgroup/user.slice/user-1000.slice/session-1.scope/cgroup.controllers", AT_STATX_SYNC_AS_STAT, STATX_ALL, {stx_mask=STATX_BASIC_STATS|STATX_MNT_ID, stx_attributes=0, stx_mode=S_IFREG|0444, stx_size=0, ...}) = 0
openat(AT_FDCWD, "/sys/fs/cgroup/user.slice/user-1000.slice/session-1.scope/cpu.max", O_RDONLY|O_CLOEXEC) = 3
statx(3, "", AT_STATX_SYNC_AS_STAT|AT_EMPTY_PATH, STATX_ALL, {stx_mask=STATX_BASIC_STATS|STATX_MNT_ID, stx_attributes=0, stx_mode=S_IFREG|0644, stx_size=0, ...}) = 0
lseek(3, 0, SEEK_CUR)                   = 0
read(3, "max 100000\n", 32)             = 11
read(3, "", 9)                          = 0
close(3)                                = 0
openat(AT_FDCWD, "/sys/fs/cgroup/user.slice/user-1000.slice/cpu.max", O_RDONLY|O_CLOEXEC) = 3
statx(3, "", AT_STATX_SYNC_AS_STAT|AT_EMPTY_PATH, STATX_ALL, {stx_mask=STATX_BASIC_STATS|STATX_MNT_ID, stx_attributes=0, stx_mode=S_IFREG|0644, stx_size=0, ...}) = 0
lseek(3, 0, SEEK_CUR)                   = 0
read(3, "max 100000\n", 32)             = 11
read(3, "", 9)                          = 0
close(3)                                = 0
openat(AT_FDCWD, "/sys/fs/cgroup/user.slice/cpu.max", O_RDONLY|O_CLOEXEC) = 3
statx(3, "", AT_STATX_SYNC_AS_STAT|AT_EMPTY_PATH, STATX_ALL, {stx_mask=STATX_BASIC_STATS|STATX_MNT_ID, stx_attributes=0, stx_mode=S_IFREG|0644, stx_size=0, ...}) = 0
lseek(3, 0, SEEK_CUR)                   = 0
read(3, "max 100000\n", 32)             = 11
read(3, "", 9)                          = 0
close(3)                                = 0
openat(AT_FDCWD, "/sys/fs/cgroup/cpu.max", O_RDONLY|O_CLOEXEC) = -1 ENOENT (No such file or directory)
sched_getaffinity(0, 128, [0 1 2 3 4 5 6 7 8 9 10 11 12 13 14 15 16 17 18 19 20 21]) = 8
statx(AT_FDCWD, "/home/xolra0d/.nvm/versions/node/v24.12.0/bin/rustc", AT_STATX_SYNC_AS_STAT, STATX_ALL, 0x7ffda6d4b4b0) = -1 ENOENT (No such file or directory)
statx(AT_FDCWD, "/home/xolra0d/.duckdb/cli/latest/rustc", AT_STATX_SYNC_AS_STAT, STATX_ALL, 0x7ffda6d4b4b0) = -1 ENOENT (No such file or directory)
statx(AT_FDCWD, "/home/xolra0d/.local/share/solana/install/active_release/bin/rustc", AT_STATX_SYNC_AS_STAT, STATX_ALL, 0x7ffda6d4b4b0) = -1 ENOENT (No such file or directory)
statx(AT_FDCWD, "/home/xolra0d/.local/bin/rustc", AT_STATX_SYNC_AS_STAT, STATX_ALL, 0x7ffda6d4b4b0) = -1 ENOENT (No such file or directory)
statx(AT_FDCWD, "/usr/bin/rustc", AT_STATX_SYNC_AS_STAT, STATX_ALL, {stx_mask=STATX_ALL|STATX_MNT_ID|STATX_SUBVOL, stx_attributes=0, stx_mode=S_IFREG|0755, stx_size=12086344, ...}) = 0
statx(AT_FDCWD, "/home/xolra0d/.nvm/versions/node/v24.12.0/bin/rustup", AT_STATX_SYNC_AS_STAT, STATX_ALL, 0x7ffda6d4b4b0) = -1 ENOENT (No such file or directory)
statx(AT_FDCWD, "/home/xolra0d/.duckdb/cli/latest/rustup", AT_STATX_SYNC_AS_STAT, STATX_ALL, 0x7ffda6d4b4b0) = -1 ENOENT (No such file or directory)
statx(AT_FDCWD, "/home/xolra0d/.local/share/solana/install/active_release/bin/rustup", AT_STATX_SYNC_AS_STAT, STATX_ALL, 0x7ffda6d4b4b0) = -1 ENOENT (No such file or directory)
statx(AT_FDCWD, "/home/xolra0d/.local/bin/rustup", AT_STATX_SYNC_AS_STAT, STATX_ALL, 0x7ffda6d4b4b0) = -1 ENOENT (No such file or directory)
statx(AT_FDCWD, "/usr/bin/rustup", AT_STATX_SYNC_AS_STAT, STATX_ALL, {stx_mask=STATX_ALL|STATX_MNT_ID|STATX_SUBVOL, stx_attributes=0, stx_mode=S_IFREG|0755, stx_size=12086344, ...}) = 0
statx(AT_FDCWD, "/usr/bin/rustc", AT_STATX_SYNC_AS_STAT, STATX_ALL, {stx_mask=STATX_ALL|STATX_MNT_ID|STATX_SUBVOL, stx_attributes=0, stx_mode=S_IFREG|0755, stx_size=12086344, ...}) = 0
statx(AT_FDCWD, "/usr/bin/rustup", AT_STATX_SYNC_AS_STAT, STATX_ALL, {stx_mask=STATX_ALL|STATX_MNT_ID|STATX_SUBVOL, stx_attributes=0, stx_mode=S_IFREG|0755, stx_size=12086344, ...}) = 0
getcwd("/home/xolra0d/dev/databases/touchhouse", 512) = 39
statx(AT_FDCWD, "/home/xolra0d/.rustup/toolchains/stable-x86_64-unknown-linux-gnu/bin/rustc", AT_STATX_SYNC_AS_STAT, STATX_ALL, {stx_mask=STATX_ALL|STATX_MNT_ID|STATX_SUBVOL, stx_attributes=0, stx_mode=S_IFREG|0755, stx_size=654904, ...}) = 0
statx(AT_FDCWD, "/home/xolra0d/.rustup/toolchains/stable-x86_64-unknown-linux-gnu/bin/rustc", AT_STATX_SYNC_AS_STAT, STATX_ALL, {stx_mask=STATX_ALL|STATX_MNT_ID|STATX_SUBVOL, stx_attributes=0, stx_mode=S_IFREG|0755, stx_size=654904, ...}) = 0
statx(AT_FDCWD, "/home/xolra0d/.rustup/toolchains/stable-x86_64-unknown-linux-gnu/bin/rustc", AT_STATX_SYNC_AS_STAT, STATX_ALL, {stx_mask=STATX_ALL|STATX_MNT_ID|STATX_SUBVOL, stx_attributes=0, stx_mode=S_IFREG|0755, stx_size=654904, ...}) = 0
openat(AT_FDCWD, "/home/xolra0d/dev/databases/touchhouse/target/.rustc_info.json", O_RDONLY|O_CLOEXEC) = 3
statx(3, "", AT_STATX_SYNC_AS_STAT|AT_EMPTY_PATH, STATX_ALL, {stx_mask=STATX_ALL|STATX_MNT_ID|STATX_SUBVOL, stx_attributes=0, stx_mode=S_IFREG|0644, stx_size=1728, ...}) = 0
read(3, "{\"rustc_fingerprint\":11666309488"..., 1728) = 1728
read(3, "", 32)                         = 0
close(3)                                = 0
statx(AT_FDCWD, "/home/xolra0d/dev/databases/touchhouse/Cargo.lock", AT_STATX_SYNC_AS_STAT, STATX_ALL, {stx_mask=STATX_ALL|STATX_MNT_ID|STATX_SUBVOL, stx_attributes=0, stx_mode=S_IFREG|0644, stx_size=35278, ...}) = 0
openat(AT_FDCWD, "/home/xolra0d/dev/databases/touchhouse/Cargo.lock", O_RDONLY|O_CLOEXEC) = 3
statfs("/home/xolra0d/dev/databases/touchhouse/Cargo.lock", {f_type=BTRFS_SUPER_MAGIC, f_bsize=4096, f_blocks=165429248, f_bfree=50111579, f_bavail=49671627, f_files=0, f_ffree=0, f_fsid={val=[0x57730a96, 0xa2cc1a53]}, f_namelen=255, f_frsize=4096, f_flags=ST_VALID|ST_RELATIME}) = 0
flock(3, LOCK_SH|LOCK_NB)               = 0
read(3, "# This file is automatically @ge", 32) = 32
read(3, "nerated by Cargo.\n# It is not in", 32) = 32
read(3, "tended for manual editing.\nversi"..., 64) = 64
read(3, "2line\"\nversion = \"0.25.1\"\nsource"..., 128) = 128
read(3, "3bd7c774a838b8220fe0593c86d9fb09"..., 256) = 256
read(3, "fa\"\n\n[[package]]\nname = \"aho-cor"..., 512) = 512
read(3, "orchoice\",\n \"is_terminal_polyfil"..., 1024) = 1024
read(3, "on = \"1.5.0\"\nsource = \"registry+"..., 2048) = 2048
read(3, "source = \"registry+https://githu"..., 4096) = 4096
read(3, "ebc3f97d39e72338912123a67330d723"..., 8192) = 8192
read(3, "e-atomic-util\"\nversion = \"0.2.4\""..., 16384) = 16384
read(3, "x\"\nchecksum = \"c1dc67659d35f387f"..., 32768) = 2510
read(3, "", 30258)                      = 0
mmap(NULL, 847872, PROT_READ|PROT_WRITE, MAP_PRIVATE|MAP_ANONYMOUS, -1, 0) = 0x7f4214ccb000
mmap(NULL, 155648, PROT_READ|PROT_WRITE, MAP_PRIVATE|MAP_ANONYMOUS, -1, 0) = 0x7f4214eee000
brk(0x557066c47000)                     = 0x557066c47000
brk(0x557066c68000)                     = 0x557066c68000
munmap(0x7f4214eee000, 155648)          = 0
munmap(0x7f4214ccb000, 847872)          = 0
brk(0x557066ca2000)                     = 0x557066ca2000
brk(0x557066cc3000)                     = 0x557066cc3000
brk(0x557066ce4000)                     = 0x557066ce4000
brk(0x557066d05000)                     = 0x557066d05000
brk(0x557066d26000)                     = 0x557066d26000
brk(0x557066d47000)                     = 0x557066d47000
flock(3, LOCK_UN)                       = 0
close(3)                                = 0
openat(AT_FDCWD, "/home/xolra0d/.cargo/.package-cache", O_RDWR|O_CREAT|O_CLOEXEC, 0666) = 3
statfs("/home/xolra0d/.cargo/.package-cache", {f_type=BTRFS_SUPER_MAGIC, f_bsize=4096, f_blocks=165429248, f_bfree=50111579, f_bavail=49671627, f_files=0, f_ffree=0, f_fsid={val=[0x57730a96, 0xa2cc1a53]}, f_namelen=255, f_frsize=4096, f_flags=ST_VALID|ST_RELATIME}) = 0
flock(3, LOCK_EX|LOCK_NB)               = 0
statx(AT_FDCWD, "/home/xolra0d/.nvm/versions/node/v24.12.0/bin/rustc", AT_STATX_SYNC_AS_STAT, STATX_ALL, 0x7ffda6d4a640) = -1 ENOENT (No such file or directory)
statx(AT_FDCWD, "/home/xolra0d/.duckdb/cli/latest/rustc", AT_STATX_SYNC_AS_STAT, STATX_ALL, 0x7ffda6d4a640) = -1 ENOENT (No such file or directory)
statx(AT_FDCWD, "/home/xolra0d/.local/share/solana/install/active_release/bin/rustc", AT_STATX_SYNC_AS_STAT, STATX_ALL, 0x7ffda6d4a640) = -1 ENOENT (No such file or directory)
statx(AT_FDCWD, "/home/xolra0d/.local/bin/rustc", AT_STATX_SYNC_AS_STAT, STATX_ALL, 0x7ffda6d4a640) = -1 ENOENT (No such file or directory)
statx(AT_FDCWD, "/usr/bin/rustc", AT_STATX_SYNC_AS_STAT, STATX_ALL, {stx_mask=STATX_ALL|STATX_MNT_ID|STATX_SUBVOL, stx_attributes=0, stx_mode=S_IFREG|0755, stx_size=12086344, ...}) = 0
statx(AT_FDCWD, "/home/xolra0d/.nvm/versions/node/v24.12.0/bin/rustup", AT_STATX_SYNC_AS_STAT, STATX_ALL, 0x7ffda6d4a640) = -1 ENOENT (No such file or directory)
statx(AT_FDCWD, "/home/xolra0d/.duckdb/cli/latest/rustup", AT_STATX_SYNC_AS_STAT, STATX_ALL, 0x7ffda6d4a640) = -1 ENOENT (No such file or directory)
statx(AT_FDCWD, "/home/xolra0d/.local/share/solana/install/active_release/bin/rustup", AT_STATX_SYNC_AS_STAT, STATX_ALL, 0x7ffda6d4a640) = -1 ENOENT (No such file or directory)
statx(AT_FDCWD, "/home/xolra0d/.local/bin/rustup", AT_STATX_SYNC_AS_STAT, STATX_ALL, 0x7ffda6d4a640) = -1 ENOENT (No such file or directory)
statx(AT_FDCWD, "/usr/bin/rustup", AT_STATX_SYNC_AS_STAT, STATX_ALL, {stx_mask=STATX_ALL|STATX_MNT_ID|STATX_SUBVOL, stx_attributes=0, stx_mode=S_IFREG|0755, stx_size=12086344, ...}) = 0
statx(AT_FDCWD, "/usr/bin/rustc", AT_STATX_SYNC_AS_STAT, STATX_ALL, {stx_mask=STATX_ALL|STATX_MNT_ID|STATX_SUBVOL, stx_attributes=0, stx_mode=S_IFREG|0755, stx_size=12086344, ...}) = 0
statx(AT_FDCWD, "/usr/bin/rustup", AT_STATX_SYNC_AS_STAT, STATX_ALL, {stx_mask=STATX_ALL|STATX_MNT_ID|STATX_SUBVOL, stx_attributes=0, stx_mode=S_IFREG|0755, stx_size=12086344, ...}) = 0
getcwd("/home/xolra0d/dev/databases/touchhouse", 512) = 39
statx(AT_FDCWD, "/home/xolra0d/.rustup/toolchains/stable-x86_64-unknown-linux-gnu/bin/rustc", AT_STATX_SYNC_AS_STAT, STATX_ALL, {stx_mask=STATX_ALL|STATX_MNT_ID|STATX_SUBVOL, stx_attributes=0, stx_mode=S_IFREG|0755, stx_size=654904, ...}) = 0
statx(AT_FDCWD, "/home/xolra0d/.rustup/toolchains/stable-x86_64-unknown-linux-gnu/bin/rustc", AT_STATX_SYNC_AS_STAT, STATX_ALL, {stx_mask=STATX_ALL|STATX_MNT_ID|STATX_SUBVOL, stx_attributes=0, stx_mode=S_IFREG|0755, stx_size=654904, ...}) = 0
statx(AT_FDCWD, "/home/xolra0d/.rustup/toolchains/stable-x86_64-unknown-linux-gnu/bin/rustc", AT_STATX_SYNC_AS_STAT, STATX_ALL, {stx_mask=STATX_ALL|STATX_MNT_ID|STATX_SUBVOL, stx_attributes=0, stx_mode=S_IFREG|0755, stx_size=654904, ...}) = 0
openat(AT_FDCWD, "/home/xolra0d/dev/databases/touchhouse/target/.rustc_info.json", O_RDONLY|O_CLOEXEC) = 4
statx(4, "", AT_STATX_SYNC_AS_STAT|AT_EMPTY_PATH, STATX_ALL, {stx_mask=STATX_ALL|STATX_MNT_ID|STATX_SUBVOL, stx_attributes=0, stx_mode=S_IFREG|0644, stx_size=1728, ...}) = 0
read(4, "{\"rustc_fingerprint\":11666309488"..., 1728) = 1728
read(4, "", 32)                         = 0
close(4)                                = 0
socketpair(AF_UNIX, SOCK_STREAM|SOCK_CLOEXEC|SOCK_NONBLOCK, 0, [4, 5]) = 0
ioctl(2, TIOCGWINSZ, {ws_row=33, ws_col=60, ws_xpixel=600, ws_ypixel=726}) = 0
mkdir("/home/xolra0d/.cargo/registry", 0777) = -1 EEXIST (File exists)
statx(AT_FDCWD, "/home/xolra0d/.cargo/registry", AT_STATX_SYNC_AS_STAT, STATX_ALL, {stx_mask=STATX_ALL|STATX_MNT_ID|STATX_SUBVOL, stx_attributes=0, stx_mode=S_IFDIR|0755, stx_size=50, ...}) = 0
statx(AT_FDCWD, "/home/xolra0d/.cargo/registry/CACHEDIR.TAG", AT_STATX_SYNC_AS_STAT, STATX_ALL, {stx_mask=STATX_ALL|STATX_MNT_ID|STATX_SUBVOL, stx_attributes=0, stx_mode=S_IFREG|0644, stx_size=177, ...}) = 0
openat(AT_FDCWD, "/home/xolra0d/.cargo/registry/index/index.crates.io-1949cf8c6b5b557f/.cache/cr/c3/crc32fast", O_RDONLY|O_CLOEXEC) = 6
statx(6, "", AT_STATX_SYNC_AS_STAT|AT_EMPTY_PATH, STATX_ALL, {stx_mask=STATX_ALL|STATX_MNT_ID|STATX_SUBVOL, stx_attributes=0, stx_mode=S_IFREG|0644, stx_size=11431, ...}) = 0
read(6, "\3\2\0\0\0etag: W/\"c57c8bae90f1942689"..., 11431) = 11431
read(6, "", 32)                         = 0
close(6)                                = 0
openat(AT_FDCWD, "/home/xolra0d/.cargo/registry/index/index.crates.io-1949cf8c6b5b557f/.cache/da/sh/dashmap", O_RDONLY|O_CLOEXEC) = 6
statx(6, "", AT_STATX_SYNC_AS_STAT|AT_EMPTY_PATH, STATX_ALL, {stx_mask=STATX_ALL|STATX_MNT_ID|STATX_SUBVOL, stx_attributes=0, stx_mode=S_IFREG|0644, stx_size=98003, ...}) = 0
read(6, "\3\2\0\0\0etag: W/\"bd1c7f5be366fdabfd"..., 98003) = 98003
read(6, "", 32)                         = 0
close(6)                                = 0
openat(AT_FDCWD, "/home/xolra0d/.cargo/registry/index/index.crates.io-1949cf8c6b5b557f/.cache/de/ri/derive_more", O_RDONLY|O_CLOEXEC) = 6
statx(6, "", AT_STATX_SYNC_AS_STAT|AT_EMPTY_PATH, STATX_ALL, {stx_mask=STATX_ALL|STATX_MNT_ID|STATX_SUBVOL, stx_attributes=0, stx_mode=S_IFREG|0644, stx_size=60392, ...}) = 0
read(6, "\3\2\0\0\0etag: \"02f3e6f789c1f0b6a1b9"..., 60392) = 60392
read(6, "", 32)                         = 0
close(6)                                = 0
openat(AT_FDCWD, "/home/xolra0d/.cargo/registry/index/index.crates.io-1949cf8c6b5b557f/.cache/en/v_/env_logger", O_RDONLY|O_CLOEXEC) = 6
statx(6, "", AT_STATX_SYNC_AS_STAT|AT_EMPTY_PATH, STATX_ALL, {stx_mask=STATX_ALL|STATX_MNT_ID|STATX_SUBVOL, stx_attributes=0, stx_mode=S_IFREG|0644, stx_size=40520, ...}) = 0
read(6, "\3\2\0\0\0etag: W/\"ee1dd830d0f8813cc4"..., 40520) = 40520
read(6, "", 32)                         = 0
close(6)                                = 0
openat(AT_FDCWD, "/home/xolra0d/.cargo/registry/index/index.crates.io-1949cf8c6b5b557f/.cache/fu/tu/futures", O_RDONLY|O_CLOEXEC) = 6
statx(6, "", AT_STATX_SYNC_AS_STAT|AT_EMPTY_PATH, STATX_ALL, {stx_mask=STATX_ALL|STATX_MNT_ID|STATX_SUBVOL, stx_attributes=0, stx_mode=S_IFREG|0644, stx_size=97223, ...}) = 0
brk(0x557066d72000)                     = 0x557066d72000
read(6, "\3\2\0\0\0etag: W/\"f33a61b2200c600d58"..., 97223) = 97223
read(6, "", 32)                         = 0
close(6)                                = 0
openat(AT_FDCWD, "/home/xolra0d/.cargo/registry/index/index.crates.io-1949cf8c6b5b557f/.cache/3/l/log", O_RDONLY|O_CLOEXEC) = 6
statx(6, "", AT_STATX_SYNC_AS_STAT|AT_EMPTY_PATH, STATX_ALL, {stx_mask=STATX_ALL|STATX_MNT_ID|STATX_SUBVOL, stx_attributes=0, stx_mode=S_IFREG|0644, stx_size=54882, ...}) = 0
read(6, "\3\2\0\0\0etag: W/\"84ac6a1ffb7524c438"..., 54882) = 54882
read(6, "", 32)                         = 0
close(6)                                = 0
openat(AT_FDCWD, "/home/xolra0d/.cargo/registry/index/index.crates.io-1949cf8c6b5b557f/.cache/3/l/lz4", O_RDONLY|O_CLOEXEC) = 6
statx(6, "", AT_STATX_SYNC_AS_STAT|AT_EMPTY_PATH, STATX_ALL, {stx_mask=STATX_ALL|STATX_MNT_ID|STATX_SUBVOL, stx_attributes=0, stx_mode=S_IFREG|0644, stx_size=18931, ...}) = 0
read(6, "\3\2\0\0\0etag: W/\"5be81546d1fa2b0b17"..., 18931) = 18931
read(6, "", 32)                         = 0
close(6)                                = 0
openat(AT_FDCWD, "/home/xolra0d/.cargo/registry/index/index.crates.io-1949cf8c6b5b557f/.cache/me/mm/memmap2", O_RDONLY|O_CLOEXEC) = 6
statx(6, "", AT_STATX_SYNC_AS_STAT|AT_EMPTY_PATH, STATX_ALL, {stx_mask=STATX_ALL|STATX_MNT_ID|STATX_SUBVOL, stx_attributes=0, stx_mode=S_IFREG|0644, stx_size=19974, ...}) = 0
read(6, "\3\2\0\0\0etag: W/\"60da43f4d186fef33a"..., 19974) = 19974
read(6, "", 32)                         = 0
close(6)                                = 0
openat(AT_FDCWD, "/home/xolra0d/.cargo/registry/index/index.crates.io-1949cf8c6b5b557f/.cache/ra/yo/rayon", O_RDONLY|O_CLOEXEC) = 6
statx(6, "", AT_STATX_SYNC_AS_STAT|AT_EMPTY_PATH, STATX_ALL, {stx_mask=STATX_ALL|STATX_MNT_ID|STATX_SUBVOL, stx_attributes=0, stx_mode=S_IFREG|0644, stx_size=37322, ...}) = 0
read(6, "\3\2\0\0\0etag: W/\"313be2250a9a98c396"..., 37322) = 37322
read(6, "", 32)                         = 0
close(6)                                = 0
openat(AT_FDCWD, "/home/xolra0d/.cargo/registry/index/index.crates.io-1949cf8c6b5b557f/.cache/rk/yv/rkyv", O_RDONLY|O_CLOEXEC) = 6
statx(6, "", AT_STATX_SYNC_AS_STAT|AT_EMPTY_PATH, STATX_ALL, {stx_mask=STATX_ALL|STATX_MNT_ID|STATX_SUBVOL, stx_attributes=0, stx_mode=S_IFREG|0644, stx_size=179806, ...}) = 0
brk(0x557066db5000)                     = 0x557066db5000
read(6, "\3\2\0\0\0etag: \"ff6700a3a3e8a04ceff1"..., 179806) = 179806
read(6, "", 32)                         = 0
close(6)                                = 0
openat(AT_FDCWD, "/home/xolra0d/.cargo/registry/index/index.crates.io-1949cf8c6b5b557f/.cache/rm/p-/rmp-serde", O_RDONLY|O_CLOEXEC) = 6
statx(6, "", AT_STATX_SYNC_AS_STAT|AT_EMPTY_PATH, STATX_ALL, {stx_mask=STATX_ALL|STATX_MNT_ID|STATX_SUBVOL, stx_attributes=0, stx_mode=S_IFREG|0644, stx_size=28303, ...}) = 0
read(6, "\3\2\0\0\0etag: \"8630729c1f1c27db2098"..., 28303) = 28303
read(6, "", 32)                         = 0
close(6)                                = 0
openat(AT_FDCWD, "/home/xolra0d/.cargo/registry/index/index.crates.io-1949cf8c6b5b557f/.cache/se/rd/serde", O_RDONLY|O_CLOEXEC) = 6
statx(6, "", AT_STATX_SYNC_AS_STAT|AT_EMPTY_PATH, STATX_ALL, {stx_mask=STATX_ALL|STATX_MNT_ID|STATX_SUBVOL, stx_attributes=0, stx_mode=S_IFREG|0644, stx_size=156226, ...}) = 0
brk(0x557066de4000)                     = 0x557066de4000
read(6, "\3\2\0\0\0etag: W/\"8842b19d950b4c71fd"..., 156226) = 156226
read(6, "", 32)                         = 0
close(6)                                = 0
openat(AT_FDCWD, "/home/xolra0d/.cargo/registry/index/index.crates.io-1949cf8c6b5b557f/.cache/sq/lp/sqlparser", O_RDONLY|O_CLOEXEC) = 6
statx(6, "", AT_STATX_SYNC_AS_STAT|AT_EMPTY_PATH, STATX_ALL, {stx_mask=STATX_ALL|STATX_MNT_ID|STATX_SUBVOL, stx_attributes=0, stx_mode=S_IFREG|0644, stx_size=80318, ...}) = 0
brk(0x557066e0e000)                     = 0x557066e0e000
read(6, "\3\2\0\0\0etag: W/\"d7afc97586019c8b96"..., 80318) = 80318
read(6, "", 32)                         = 0
close(6)                                = 0
openat(AT_FDCWD, "/home/xolra0d/.cargo/registry/index/index.crates.io-1949cf8c6b5b557f/.cache/to/ki/tokio", O_RDONLY|O_CLOEXEC) = 6
statx(6, "", AT_STATX_SYNC_AS_STAT|AT_EMPTY_PATH, STATX_ALL, {stx_mask=STATX_ALL|STATX_MNT_ID|STATX_SUBVOL, stx_attributes=0, stx_mode=S_IFREG|0644, stx_size=741498, ...}) = 0
brk(0x557066ec3000)                     = 0x557066ec3000
read(6, "\3\2\0\0\0etag: \"e3a9563624461cacd3e9"..., 741498) = 741498
read(6, "", 32)                         = 0
close(6)                                = 0
openat(AT_FDCWD, "/home/xolra0d/.cargo/registry/index/index.crates.io-1949cf8c6b5b557f/.cache/to/ki/tokio-util", O_RDONLY|O_CLOEXEC) = 6
statx(6, "", AT_STATX_SYNC_AS_STAT|AT_EMPTY_PATH, STATX_ALL, {stx_mask=STATX_ALL|STATX_MNT_ID|STATX_SUBVOL, stx_attributes=0, stx_mode=S_IFREG|0644, stx_size=83618, ...}) = 0
read(6, "\3\2\0\0\0etag: \"616aed32387e78bfba03"..., 83618) = 83618
read(6, "", 32)                         = 0
close(6)                                = 0
openat(AT_FDCWD, "/home/xolra0d/.cargo/registry/index/index.crates.io-1949cf8c6b5b557f/.cache/to/ml/toml", O_RDONLY|O_CLOEXEC) = 6
statx(6, "", AT_STATX_SYNC_AS_STAT|AT_EMPTY_PATH, STATX_ALL, {stx_mask=STATX_ALL|STATX_MNT_ID|STATX_SUBVOL, stx_attributes=0, stx_mode=S_IFREG|0644, stx_size=116796, ...}) = 0
brk(0x557066efc000)                     = 0x557066efc000
read(6, "\3\2\0\0\0etag: \"b19146c3d3822df62ba8"..., 116796) = 116796
read(6, "", 32)                         = 0
close(6)                                = 0
openat(AT_FDCWD, "/home/xolra0d/.cargo/registry/index/index.crates.io-1949cf8c6b5b557f/.cache/uu/id/uuid", O_RDONLY|O_CLOEXEC) = 6
statx(6, "", AT_STATX_SYNC_AS_STAT|AT_EMPTY_PATH, STATX_ALL, {stx_mask=STATX_ALL|STATX_MNT_ID|STATX_SUBVOL, stx_attributes=0, stx_mode=S_IFREG|0644, stx_size=165881, ...}) = 0
brk(0x557066f2f000)                     = 0x557066f2f000
read(6, "\3\2\0\0\0etag: W/\"e585dcf982c290190e"..., 165881) = 165881
read(6, "", 32)                         = 0
close(6)                                = 0
openat(AT_FDCWD, "/home/xolra0d/.cargo/registry/index/index.crates.io-1949cf8c6b5b557f/.cache/cf/g-/cfg-if", O_RDONLY|O_CLOEXEC) = 6
statx(6, "", AT_STATX_SYNC_AS_STAT|AT_EMPTY_PATH, STATX_ALL, {stx_mask=STATX_ALL|STATX_MNT_ID|STATX_SUBVOL, stx_attributes=0, stx_mode=S_IFREG|0644, stx_size=4209, ...}) = 0
read(6, "\3\2\0\0\0etag: W/\"baea079b2edc32be50"..., 4209) = 4209
read(6, "", 32)                         = 0
close(6)                                = 0
openat(AT_FDCWD, "/home/xolra0d/.cargo/registry/index/index.crates.io-1949cf8c6b5b557f/.cache/cr/os/crossbeam-utils", O_RDONLY|O_CLOEXEC) = 6
statx(6, "", AT_STATX_SYNC_AS_STAT|AT_EMPTY_PATH, STATX_ALL, {stx_mask=STATX_ALL|STATX_MNT_ID|STATX_SUBVOL, stx_attributes=0, stx_mode=S_IFREG|0644, stx_size=23508, ...}) = 0
read(6, "\3\2\0\0\0etag: W/\"b4fb60a884974a022d"..., 23508) = 23508
read(6, "", 32)                         = 0
close(6)                                = 0
openat(AT_FDCWD, "/home/xolra0d/.cargo/registry/index/index.crates.io-1949cf8c6b5b557f/.cache/ha/sh/hashbrown", O_RDONLY|O_CLOEXEC) = 6
statx(6, "", AT_STATX_SYNC_AS_STAT|AT_EMPTY_PATH, STATX_ALL, {stx_mask=STATX_ALL|STATX_MNT_ID|STATX_SUBVOL, stx_attributes=0, stx_mode=S_IFREG|0644, stx_size=98811, ...}) = 0
brk(0x557066f5c000)                     = 0x557066f5c000
read(6, "\3\2\0\0\0etag: W/\"e1f3929f528f6617a6"..., 98811) = 98811
read(6, "", 32)                         = 0
close(6)                                = 0
openat(AT_FDCWD, "/home/xolra0d/.cargo/registry/index/index.crates.io-1949cf8c6b5b557f/.cache/lo/ck/lock_api", O_RDONLY|O_CLOEXEC) = 6
statx(6, "", AT_STATX_SYNC_AS_STAT|AT_EMPTY_PATH, STATX_ALL, {stx_mask=STATX_ALL|STATX_MNT_ID|STATX_SUBVOL, stx_attributes=0, stx_mode=S_IFREG|0644, stx_size=14858, ...}) = 0
read(6, "\3\2\0\0\0etag: W/\"46e2e1cd21acff46fe"..., 14858) = 14858
read(6, "", 32)                         = 0
close(6)                                = 0
openat(AT_FDCWD, "/home/xolra0d/.cargo/registry/index/index.crates.io-1949cf8c6b5b557f/.cache/on/ce/once_cell", O_RDONLY|O_CLOEXEC) = 6
statx(6, "", AT_STATX_SYNC_AS_STAT|AT_EMPTY_PATH, STATX_ALL, {stx_mask=STATX_ALL|STATX_MNT_ID|STATX_SUBVOL, stx_attributes=0, stx_mode=S_IFREG|0644, stx_size=48102, ...}) = 0
read(6, "\3\2\0\0\0etag: W/\"2940a0bb4a7c83df7d"..., 48102) = 48102
read(6, "", 32)                         = 0
close(6)                                = 0
openat(AT_FDCWD, "/home/xolra0d/.cargo/registry/index/index.crates.io-1949cf8c6b5b557f/.cache/pa/rk/parking_lot_core", O_RDONLY|O_CLOEXEC) = 6
statx(6, "", AT_STATX_SYNC_AS_STAT|AT_EMPTY_PATH, STATX_ALL, {stx_mask=STATX_ALL|STATX_MNT_ID|STATX_SUBVOL, stx_attributes=0, stx_mode=S_IFREG|0644, stx_size=65487, ...}) = 0
brk(0x557066f85000)                     = 0x557066f85000
read(6, "\3\2\0\0\0etag: W/\"ec12dd466743b6780e"..., 65487) = 65487
read(6, "", 32)                         = 0
close(6)                                = 0
openat(AT_FDCWD, "/home/xolra0d/.cargo/registry/index/index.crates.io-1949cf8c6b5b557f/.cache/de/ri/derive_more-impl", O_RDONLY|O_CLOEXEC) = 6
statx(6, "", AT_STATX_SYNC_AS_STAT|AT_EMPTY_PATH, STATX_ALL, {stx_mask=STATX_ALL|STATX_MNT_ID|STATX_SUBVOL, stx_attributes=0, stx_mode=S_IFREG|0644, stx_size=23384, ...}) = 0
read(6, "\3\2\0\0\0etag: \"de8d4cfe1c7282ffe42b"..., 23384) = 23384
read(6, "", 32)                         = 0
close(6)                                = 0
openat(AT_FDCWD, "/home/xolra0d/.cargo/registry/index/index.crates.io-1949cf8c6b5b557f/.cache/an/st/anstream", O_RDONLY|O_CLOEXEC) = 6
statx(6, "", AT_STATX_SYNC_AS_STAT|AT_EMPTY_PATH, STATX_ALL, {stx_mask=STATX_ALL|STATX_MNT_ID|STATX_SUBVOL, stx_attributes=0, stx_mode=S_IFREG|0644, stx_size=51713, ...}) = 0
read(6, "\3\2\0\0\0etag: W/\"75b6d684246d5b1943"..., 51713) = 51713
read(6, "", 32)                         = 0
close(6)                                = 0
openat(AT_FDCWD, "/home/xolra0d/.cargo/registry/index/index.crates.io-1949cf8c6b5b557f/.cache/an/st/anstyle", O_RDONLY|O_CLOEXEC) = 6
statx(6, "", AT_STATX_SYNC_AS_STAT|AT_EMPTY_PATH, STATX_ALL, {stx_mask=STATX_ALL|STATX_MNT_ID|STATX_SUBVOL, stx_attributes=0, stx_mode=S_IFREG|0644, stx_size=9004, ...}) = 0
read(6, "\3\2\0\0\0etag: W/\"3261a150b1dee1fa7b"..., 9004) = 9004
read(6, "", 32)                         = 0
close(6)                                = 0
openat(AT_FDCWD, "/home/xolra0d/.cargo/registry/index/index.crates.io-1949cf8c6b5b557f/.cache/en/v_/env_filter", O_RDONLY|O_CLOEXEC) = 6
statx(6, "", AT_STATX_SYNC_AS_STAT|AT_EMPTY_PATH, STATX_ALL, {stx_mask=STATX_ALL|STATX_MNT_ID|STATX_SUBVOL, stx_attributes=0, stx_mode=S_IFREG|0644, stx_size=2949, ...}) = 0
brk(0x557066fa6000)                     = 0x557066fa6000
read(6, "\3\2\0\0\0etag: W/\"395422717a9a0c6b31"..., 2949) = 2949
read(6, "", 32)                         = 0
close(6)                                = 0
openat(AT_FDCWD, "/home/xolra0d/.cargo/registry/index/index.crates.io-1949cf8c6b5b557f/.cache/ji/ff/jiff", O_RDONLY|O_CLOEXEC) = 6
statx(6, "", AT_STATX_SYNC_AS_STAT|AT_EMPTY_PATH, STATX_ALL, {stx_mask=STATX_ALL|STATX_MNT_ID|STATX_SUBVOL, stx_attributes=0, stx_mode=S_IFREG|0644, stx_size=188797, ...}) = 0
brk(0x557066fd4000)                     = 0x557066fd4000
read(6, "\3\2\0\0\0etag: \"0d94802983c3dcc482fc"..., 188797) = 188797
read(6, "", 32)                         = 0
close(6)                                = 0
openat(AT_FDCWD, "/home/xolra0d/.cargo/registry/index/index.crates.io-1949cf8c6b5b557f/.cache/fu/tu/futures-channel", O_RDONLY|O_CLOEXEC) = 6
statx(6, "", AT_STATX_SYNC_AS_STAT|AT_EMPTY_PATH, STATX_ALL, {stx_mask=STATX_ALL|STATX_MNT_ID|STATX_SUBVOL, stx_attributes=0, stx_mode=S_IFREG|0644, stx_size=20536, ...}) = 0
read(6, "\3\2\0\0\0etag: W/\"b9494a66f762e5d83d"..., 20536) = 20536
read(6, "", 32)                         = 0
close(6)                                = 0
openat(AT_FDCWD, "/home/xolra0d/.cargo/registry/index/index.crates.io-1949cf8c6b5b557f/.cache/fu/tu/futures-core", O_RDONLY|O_CLOEXEC) = 6
statx(6, "", AT_STATX_SYNC_AS_STAT|AT_EMPTY_PATH, STATX_ALL, {stx_mask=STATX_ALL|STATX_MNT_ID|STATX_SUBVOL, stx_attributes=0, stx_mode=S_IFREG|0644, stx_size=10459, ...}) = 0
read(6, "\3\2\0\0\0etag: W/\"45110477cbac5fa4bb"..., 10459) = 10459
read(6, "", 32)                         = 0
close(6)                                = 0
openat(AT_FDCWD, "/home/xolra0d/.cargo/registry/index/index.crates.io-1949cf8c6b5b557f/.cache/fu/tu/futures-executor", O_RDONLY|O_CLOEXEC) = 6
statx(6, "", AT_STATX_SYNC_AS_STAT|AT_EMPTY_PATH, STATX_ALL, {stx_mask=STATX_ALL|STATX_MNT_ID|STATX_SUBVOL, stx_attributes=0, stx_mode=S_IFREG|0644, stx_size=28471, ...}) = 0
read(6, "\3\2\0\0\0etag: W/\"942eea632994a597d0"..., 28471) = 28471
read(6, "", 32)                         = 0
close(6)                                = 0
brk(0x557066ff5000)                     = 0x557066ff5000
openat(AT_FDCWD, "/home/xolra0d/.cargo/registry/index/index.crates.io-1949cf8c6b5b557f/.cache/fu/tu/futures-io", O_RDONLY|O_CLOEXEC) = 6
statx(6, "", AT_STATX_SYNC_AS_STAT|AT_EMPTY_PATH, STATX_ALL, {stx_mask=STATX_ALL|STATX_MNT_ID|STATX_SUBVOL, stx_attributes=0, stx_mode=S_IFREG|0644, stx_size=9329, ...}) = 0
read(6, "\3\2\0\0\0etag: W/\"47372317e15135de67"..., 9329) = 9329
read(6, "", 32)                         = 0
close(6)                                = 0
openat(AT_FDCWD, "/home/xolra0d/.cargo/registry/index/index.crates.io-1949cf8c6b5b557f/.cache/fu/tu/futures-sink", O_RDONLY|O_CLOEXEC) = 6
statx(6, "", AT_STATX_SYNC_AS_STAT|AT_EMPTY_PATH, STATX_ALL, {stx_mask=STATX_ALL|STATX_MNT_ID|STATX_SUBVOL, stx_attributes=0, stx_mode=S_IFREG|0644, stx_size=8979, ...}) = 0
read(6, "\3\2\0\0\0etag: W/\"9d588743d7822dce7d"..., 8979) = 8979
read(6, "", 32)                         = 0
close(6)                                = 0
openat(AT_FDCWD, "/home/xolra0d/.cargo/registry/index/index.crates.io-1949cf8c6b5b557f/.cache/fu/tu/futures-task", O_RDONLY|O_CLOEXEC) = 6
statx(6, "", AT_STATX_SYNC_AS_STAT|AT_EMPTY_PATH, STATX_ALL, {stx_mask=STATX_ALL|STATX_MNT_ID|STATX_SUBVOL, stx_attributes=0, stx_mode=S_IFREG|0644, stx_size=9461, ...}) = 0
read(6, "\3\2\0\0\0etag: W/\"2d421da61f59499db7"..., 9461) = 9461
read(6, "", 32)                         = 0
close(6)                                = 0
openat(AT_FDCWD, "/home/xolra0d/.cargo/registry/index/index.crates.io-1949cf8c6b5b557f/.cache/fu/tu/futures-util", O_RDONLY|O_CLOEXEC) = 6
statx(6, "", AT_STATX_SYNC_AS_STAT|AT_EMPTY_PATH, STATX_ALL, {stx_mask=STATX_ALL|STATX_MNT_ID|STATX_SUBVOL, stx_attributes=0, stx_mode=S_IFREG|0644, stx_size=84348, ...}) = 0
read(6, "\3\2\0\0\0etag: W/\"c3fc379837fee19828"..., 84348) = 84348
read(6, "", 32)                         = 0
close(6)                                = 0
brk(0x557067016000)                     = 0x557067016000
openat(AT_FDCWD, "/home/xolra0d/.cargo/registry/index/index.crates.io-1949cf8c6b5b557f/.cache/lz/4-/lz4-sys", O_RDONLY|O_CLOEXEC) = 6
statx(6, "", AT_STATX_SYNC_AS_STAT|AT_EMPTY_PATH, STATX_ALL, {stx_mask=STATX_ALL|STATX_MNT_ID|STATX_SUBVOL, stx_attributes=0, stx_mode=S_IFREG|0644, stx_size=5266, ...}) = 0
read(6, "\3\2\0\0\0etag: W/\"6551b2588bf54e1d3f"..., 5266) = 5266
read(6, "", 32)                         = 0
close(6)                                = 0
openat(AT_FDCWD, "/home/xolra0d/.cargo/registry/index/index.crates.io-1949cf8c6b5b557f/.cache/li/bc/libc", O_RDONLY|O_CLOEXEC) = 6
statx(6, "", AT_STATX_SYNC_AS_STAT|AT_EMPTY_PATH, STATX_ALL, {stx_mask=STATX_ALL|STATX_MNT_ID|STATX_SUBVOL, stx_attributes=0, stx_mode=S_IFREG|0644, stx_size=77227, ...}) = 0
read(6, "\3\2\0\0\0etag: \"7ee9ef6e9342c4167398"..., 77227) = 77227
read(6, "", 32)                         = 0
close(6)                                = 0
brk(0x557067037000)                     = 0x557067037000
openat(AT_FDCWD, "/home/xolra0d/.cargo/registry/index/index.crates.io-1949cf8c6b5b557f/.cache/ei/th/either", O_RDONLY|O_CLOEXEC) = 6
statx(6, "", AT_STATX_SYNC_AS_STAT|AT_EMPTY_PATH, STATX_ALL, {stx_mask=STATX_ALL|STATX_MNT_ID|STATX_SUBVOL, stx_attributes=0, stx_mode=S_IFREG|0644, stx_size=9602, ...}) = 0
read(6, "\3\2\0\0\0etag: W/\"4002f930ded2a3f034"..., 9602) = 9602
read(6, "", 32)                         = 0
close(6)                                = 0
openat(AT_FDCWD, "/home/xolra0d/.cargo/registry/index/index.crates.io-1949cf8c6b5b557f/.cache/ra/yo/rayon-core", O_RDONLY|O_CLOEXEC) = 6
statx(6, "", AT_STATX_SYNC_AS_STAT|AT_EMPTY_PATH, STATX_ALL, {stx_mask=STATX_ALL|STATX_MNT_ID|STATX_SUBVOL, stx_attributes=0, stx_mode=S_IFREG|0644, stx_size=29319, ...}) = 0
read(6, "\3\2\0\0\0etag: W/\"a2b821706c497623ff"..., 29319) = 29319
read(6, "", 32)                         = 0
close(6)                                = 0
openat(AT_FDCWD, "/home/xolra0d/.cargo/registry/index/index.crates.io-1949cf8c6b5b557f/.cache/by/te/bytecheck", O_RDONLY|O_CLOEXEC) = 6
statx(6, "", AT_STATX_SYNC_AS_STAT|AT_EMPTY_PATH, STATX_ALL, {stx_mask=STATX_ALL|STATX_MNT_ID|STATX_SUBVOL, stx_attributes=0, stx_mode=S_IFREG|0644, stx_size=27496, ...}) = 0
read(6, "\3\2\0\0\0etag: W/\"75c7db9c6efd395f0c"..., 27496) = 27496
read(6, "", 32)                         = 0
close(6)                                = 0
openat(AT_FDCWD, "/home/xolra0d/.cargo/registry/index/index.crates.io-1949cf8c6b5b557f/.cache/by/te/bytes", O_RDONLY|O_CLOEXEC) = 6
statx(6, "", AT_STATX_SYNC_AS_STAT|AT_EMPTY_PATH, STATX_ALL, {stx_mask=STATX_ALL|STATX_MNT_ID|STATX_SUBVOL, stx_attributes=0, stx_mode=S_IFREG|0644, stx_size=27196, ...}) = 0
read(6, "\3\2\0\0\0etag: W/\"b7a8f940070df50be1"..., 27196) = 27196
read(6, "", 32)                         = 0
close(6)                                = 0
brk(0x557067058000)                     = 0x557067058000
openat(AT_FDCWD, "/home/xolra0d/.cargo/registry/index/index.crates.io-1949cf8c6b5b557f/.cache/in/de/indexmap", O_RDONLY|O_CLOEXEC) = 6
statx(6, "", AT_STATX_SYNC_AS_STAT|AT_EMPTY_PATH, STATX_ALL, {stx_mask=STATX_ALL|STATX_MNT_ID|STATX_SUBVOL, stx_attributes=0, stx_mode=S_IFREG|0644, stx_size=88838, ...}) = 0
read(6, "\3\2\0\0\0etag: \"7f2387d0866f502d0eba"..., 88838) = 88838
read(6, "", 32)                         = 0
close(6)                                = 0
openat(AT_FDCWD, "/home/xolra0d/.cargo/registry/index/index.crates.io-1949cf8c6b5b557f/.cache/mu/ng/munge", O_RDONLY|O_CLOEXEC) = 6
statx(6, "", AT_STATX_SYNC_AS_STAT|AT_EMPTY_PATH, STATX_ALL, {stx_mask=STATX_ALL|STATX_MNT_ID|STATX_SUBVOL, stx_attributes=0, stx_mode=S_IFREG|0644, stx_size=5133, ...}) = 0
read(6, "\3\2\0\0\0etag: W/\"e3ce6fdb539315b4bb"..., 5133) = 5133
read(6, "", 32)                         = 0
close(6)                                = 0
openat(AT_FDCWD, "/home/xolra0d/.cargo/registry/index/index.crates.io-1949cf8c6b5b557f/.cache/pt/r_/ptr_meta", O_RDONLY|O_CLOEXEC) = 6
statx(6, "", AT_STATX_SYNC_AS_STAT|AT_EMPTY_PATH, STATX_ALL, {stx_mask=STATX_ALL|STATX_MNT_ID|STATX_SUBVOL, stx_attributes=0, stx_mode=S_IFREG|0644, stx_size=4310, ...}) = 0
read(6, "\3\2\0\0\0etag: W/\"af6b1c11a5ce16a2fd"..., 4310) = 4310
read(6, "", 32)                         = 0
close(6)                                = 0
openat(AT_FDCWD, "/home/xolra0d/.cargo/registry/index/index.crates.io-1949cf8c6b5b557f/.cache/ra/nc/rancor", O_RDONLY|O_CLOEXEC) = 6
statx(6, "", AT_STATX_SYNC_AS_STAT|AT_EMPTY_PATH, STATX_ALL, {stx_mask=STATX_ALL|STATX_MNT_ID|STATX_SUBVOL, stx_attributes=0, stx_mode=S_IFREG|0644, stx_size=4911, ...}) = 0
read(6, "\3\2\0\0\0etag: W/\"f1f0294f4437ca845a"..., 4911) = 4911
read(6, "", 32)                         = 0
close(6)                                = 0
brk(0x557067079000)                     = 0x557067079000
openat(AT_FDCWD, "/home/xolra0d/.cargo/registry/index/index.crates.io-1949cf8c6b5b557f/.cache/re/nd/rend", O_RDONLY|O_CLOEXEC) = 6
statx(6, "", AT_STATX_SYNC_AS_STAT|AT_EMPTY_PATH, STATX_ALL, {stx_mask=STATX_ALL|STATX_MNT_ID|STATX_SUBVOL, stx_attributes=0, stx_mode=S_IFREG|0644, stx_size=10738, ...}) = 0
read(6, "\3\2\0\0\0etag: W/\"810a80c89a3219ca56"..., 10738) = 10738
read(6, "", 32)                         = 0
close(6)                                = 0
openat(AT_FDCWD, "/home/xolra0d/.cargo/registry/index/index.crates.io-1949cf8c6b5b557f/.cache/rk/yv/rkyv_derive", O_RDONLY|O_CLOEXEC) = 6
statx(6, "", AT_STATX_SYNC_AS_STAT|AT_EMPTY_PATH, STATX_ALL, {stx_mask=STATX_ALL|STATX_MNT_ID|STATX_SUBVOL, stx_attributes=0, stx_mode=S_IFREG|0644, stx_size=51194, ...}) = 0
read(6, "\3\2\0\0\0etag: \"7838a4f3a9d4a0d77a59"..., 51194) = 51194
read(6, "", 32)                         = 0
close(6)                                = 0
openat(AT_FDCWD, "/home/xolra0d/.cargo/registry/index/index.crates.io-1949cf8c6b5b557f/.cache/ti/ny/tinyvec", O_RDONLY|O_CLOEXEC) = 6
statx(6, "", AT_STATX_SYNC_AS_STAT|AT_EMPTY_PATH, STATX_ALL, {stx_mask=STATX_ALL|STATX_MNT_ID|STATX_SUBVOL, stx_attributes=0, stx_mode=S_IFREG|0644, stx_size=27437, ...}) = 0
read(6, "\3\2\0\0\0etag: W/\"e3f44b55330733de2d"..., 27437) = 27437
read(6, "", 32)                         = 0
close(6)                                = 0
brk(0x55706709a000)                     = 0x55706709a000
openat(AT_FDCWD, "/home/xolra0d/.cargo/registry/index/index.crates.io-1949cf8c6b5b557f/.cache/by/te/byteorder", O_RDONLY|O_CLOEXEC) = 6
statx(6, "", AT_STATX_SYNC_AS_STAT|AT_EMPTY_PATH, STATX_ALL, {stx_mask=STATX_ALL|STATX_MNT_ID|STATX_SUBVOL, stx_attributes=0, stx_mode=S_IFREG|0644, stx_size=23451, ...}) = 0
read(6, "\3\2\0\0\0etag: W/\"248cc1104ffce0f393"..., 23451) = 23451
read(6, "", 32)                         = 0
close(6)                                = 0
openat(AT_FDCWD, "/home/xolra0d/.cargo/registry/index/index.crates.io-1949cf8c6b5b557f/.cache/3/r/rmp", O_RDONLY|O_CLOEXEC) = 6
statx(6, "", AT_STATX_SYNC_AS_STAT|AT_EMPTY_PATH, STATX_ALL, {stx_mask=STATX_ALL|STATX_MNT_ID|STATX_SUBVOL, stx_attributes=0, stx_mode=S_IFREG|0644, stx_size=15299, ...}) = 0
read(6, "\3\2\0\0\0etag: \"0cd99ccd40b9b27ef400"..., 15299) = 15299
read(6, "", 32)                         = 0
close(6)                                = 0
openat(AT_FDCWD, "/home/xolra0d/.cargo/registry/index/index.crates.io-1949cf8c6b5b557f/.cache/se/rd/serde_core", O_RDONLY|O_CLOEXEC) = 6
statx(6, "", AT_STATX_SYNC_AS_STAT|AT_EMPTY_PATH, STATX_ALL, {stx_mask=STATX_ALL|STATX_MNT_ID|STATX_SUBVOL, stx_attributes=0, stx_mode=S_IFREG|0644, stx_size=5655, ...}) = 0
read(6, "\3\2\0\0\0etag: W/\"649dd4acbe7b779e01"..., 5655) = 5655
read(6, "", 32)                         = 0
close(6)                                = 0
openat(AT_FDCWD, "/home/xolra0d/.cargo/registry/index/index.crates.io-1949cf8c6b5b557f/.cache/se/rd/serde_derive", O_RDONLY|O_CLOEXEC) = 6
statx(6, "", AT_STATX_SYNC_AS_STAT|AT_EMPTY_PATH, STATX_ALL, {stx_mask=STATX_ALL|STATX_MNT_ID|STATX_SUBVOL, stx_attributes=0, stx_mode=S_IFREG|0644, stx_size=188923, ...}) = 0
brk(0x5570670da000)                     = 0x5570670da000
read(6, "\3\2\0\0\0etag: W/\"08a44554764b58629d"..., 188923) = 188923
read(6, "", 32)                         = 0
close(6)                                = 0
openat(AT_FDCWD, "/home/xolra0d/.cargo/registry/index/index.crates.io-1949cf8c6b5b557f/.cache/re/cu/recursive", O_RDONLY|O_CLOEXEC) = 6
statx(6, "", AT_STATX_SYNC_AS_STAT|AT_EMPTY_PATH, STATX_ALL, {stx_mask=STATX_ALL|STATX_MNT_ID|STATX_SUBVOL, stx_attributes=0, stx_mode=S_IFREG|0644, stx_size=864, ...}) = 0
read(6, "\3\2\0\0\0etag: \"b119a4330ddb4afbc37c"..., 864) = 864
read(6, "", 32)                         = 0
close(6)                                = 0
openat(AT_FDCWD, "/home/xolra0d/.cargo/registry/index/index.crates.io-1949cf8c6b5b557f/.cache/ba/ck/backtrace", O_RDONLY|O_CLOEXEC) = 6
statx(6, "", AT_STATX_SYNC_AS_STAT|AT_EMPTY_PATH, STATX_ALL, {stx_mask=STATX_ALL|STATX_MNT_ID|STATX_SUBVOL, stx_attributes=0, stx_mode=S_IFREG|0644, stx_size=198732, ...}) = 0
brk(0x557067122000)                     = 0x557067122000
read(6, "\3\2\0\0\0etag: W/\"ebd8856b40676ad30b"..., 198732) = 198732
read(6, "", 32)                         = 0
close(6)                                = 0
openat(AT_FDCWD, "/home/xolra0d/.cargo/registry/index/index.crates.io-1949cf8c6b5b557f/.cache/io/-u/io-uring", O_RDONLY|O_CLOEXEC) = 6
statx(6, "", AT_STATX_SYNC_AS_STAT|AT_EMPTY_PATH, STATX_ALL, {stx_mask=STATX_ALL|STATX_MNT_ID|STATX_SUBVOL, stx_attributes=0, stx_mode=S_IFREG|0644, stx_size=53663, ...}) = 0
read(6, "\3\2\0\0\0etag: W/\"1bc9c82600df67fed3"..., 53663) = 53663
read(6, "", 32)                         = 0
close(6)                                = 0
openat(AT_FDCWD, "/home/xolra0d/.cargo/registry/index/index.crates.io-1949cf8c6b5b557f/.cache/3/m/mio", O_RDONLY|O_CLOEXEC) = 6
statx(6, "", AT_STATX_SYNC_AS_STAT|AT_EMPTY_PATH, STATX_ALL, {stx_mask=STATX_ALL|STATX_MNT_ID|STATX_SUBVOL, stx_attributes=0, stx_mode=S_IFREG|0644, stx_size=104842, ...}) = 0
brk(0x557067149000)                     = 0x557067149000
read(6, "\3\2\0\0\0etag: W/\"4036372d737bca3454"..., 104842) = 104842
read(6, "", 32)                         = 0
close(6)                                = 0
openat(AT_FDCWD, "/home/xolra0d/.cargo/registry/index/index.crates.io-1949cf8c6b5b557f/.cache/pi/n-/pin-project-lite", O_RDONLY|O_CLOEXEC) = 6
statx(6, "", AT_STATX_SYNC_AS_STAT|AT_EMPTY_PATH, STATX_ALL, {stx_mask=STATX_ALL|STATX_MNT_ID|STATX_SUBVOL, stx_attributes=0, stx_mode=S_IFREG|0644, stx_size=17068, ...}) = 0
read(6, "\3\2\0\0\0etag: W/\"475302572ea568f30b"..., 17068) = 17068
read(6, "", 32)                         = 0
close(6)                                = 0
openat(AT_FDCWD, "/home/xolra0d/.cargo/registry/index/index.crates.io-1949cf8c6b5b557f/.cache/sl/ab/slab", O_RDONLY|O_CLOEXEC) = 6
statx(6, "", AT_STATX_SYNC_AS_STAT|AT_EMPTY_PATH, STATX_ALL, {stx_mask=STATX_ALL|STATX_MNT_ID|STATX_SUBVOL, stx_attributes=0, stx_mode=S_IFREG|0644, stx_size=7038, ...}) = 0
read(6, "\3\2\0\0\0etag: W/\"38403395c89269de06"..., 7038) = 7038
read(6, "", 32)                         = 0
close(6)                                = 0
openat(AT_FDCWD, "/home/xolra0d/.cargo/registry/index/index.crates.io-1949cf8c6b5b557f/.cache/so/ck/socket2", O_RDONLY|O_CLOEXEC) = 6
statx(6, "", AT_STATX_SYNC_AS_STAT|AT_EMPTY_PATH, STATX_ALL, {stx_mask=STATX_ALL|STATX_MNT_ID|STATX_SUBVOL, stx_attributes=0, stx_mode=S_IFREG|0644, stx_size=36824, ...}) = 0
read(6, "\3\2\0\0\0etag: W/\"4fad5a8185291f3b9a"..., 36824) = 36824
read(6, "", 32)                         = 0
close(6)                                = 0
openat(AT_FDCWD, "/home/xolra0d/.cargo/registry/index/index.crates.io-1949cf8c6b5b557f/.cache/to/ki/tokio-macros", O_RDONLY|O_CLOEXEC) = 6
statx(6, "", AT_STATX_SYNC_AS_STAT|AT_EMPTY_PATH, STATX_ALL, {stx_mask=STATX_ALL|STATX_MNT_ID|STATX_SUBVOL, stx_attributes=0, stx_mode=S_IFREG|0644, stx_size=21369, ...}) = 0
read(6, "\3\2\0\0\0etag: W/\"1fb9f62b7ffec38793"..., 21369) = 21369
read(6, "", 32)                         = 0
close(6)                                = 0
brk(0x55706716a000)                     = 0x55706716a000
openat(AT_FDCWD, "/home/xolra0d/.cargo/registry/index/index.crates.io-1949cf8c6b5b557f/.cache/wi/nd/windows-sys", O_RDONLY|O_CLOEXEC) = 6
statx(6, "", AT_STATX_SYNC_AS_STAT|AT_EMPTY_PATH, STATX_ALL, {stx_mask=STATX_ALL|STATX_MNT_ID|STATX_SUBVOL, stx_attributes=0, stx_mode=S_IFREG|0644, stx_size=490747, ...}) = 0
brk(0x5570671e2000)                     = 0x5570671e2000
read(6, "\3\2\0\0\0etag: W/\"ea36cded7da017eca1"..., 490747) = 490747
read(6, "", 32)                         = 0
close(6)                                = 0
brk(0x557067208000)                     = 0x557067208000
openat(AT_FDCWD, "/home/xolra0d/.cargo/registry/index/index.crates.io-1949cf8c6b5b557f/.cache/se/rd/serde_spanned", O_RDONLY|O_CLOEXEC) = 6
statx(6, "", AT_STATX_SYNC_AS_STAT|AT_EMPTY_PATH, STATX_ALL, {stx_mask=STATX_ALL|STATX_MNT_ID|STATX_SUBVOL, stx_attributes=0, stx_mode=S_IFREG|0644, stx_size=8714, ...}) = 0
read(6, "\3\2\0\0\0etag: \"d04a25b9fe64a0b1fbe8"..., 8714) = 8714
read(6, "", 32)                         = 0
close(6)                                = 0
openat(AT_FDCWD, "/home/xolra0d/.cargo/registry/index/index.crates.io-1949cf8c6b5b557f/.cache/to/ml/toml_datetime", O_RDONLY|O_CLOEXEC) = 6
statx(6, "", AT_STATX_SYNC_AS_STAT|AT_EMPTY_PATH, STATX_ALL, {stx_mask=STATX_ALL|STATX_MNT_ID|STATX_SUBVOL, stx_attributes=0, stx_mode=S_IFREG|0644, stx_size=7812, ...}) = 0
read(6, "\3\2\0\0\0etag: \"9d07d4d747fa8e910eb3"..., 7812) = 7812
read(6, "", 32)                         = 0
close(6)                                = 0
openat(AT_FDCWD, "/home/xolra0d/.cargo/registry/index/index.crates.io-1949cf8c6b5b557f/.cache/to/ml/toml_parser", O_RDONLY|O_CLOEXEC) = 6
statx(6, "", AT_STATX_SYNC_AS_STAT|AT_EMPTY_PATH, STATX_ALL, {stx_mask=STATX_ALL|STATX_MNT_ID|STATX_SUBVOL, stx_attributes=0, stx_mode=S_IFREG|0644, stx_size=6545, ...}) = 0
read(6, "\3\2\0\0\0etag: \"2f7b1213dcdfeca8bde9"..., 6545) = 6545
read(6, "", 32)                         = 0
close(6)                                = 0
openat(AT_FDCWD, "/home/xolra0d/.cargo/registry/index/index.crates.io-1949cf8c6b5b557f/.cache/to/ml/toml_writer", O_RDONLY|O_CLOEXEC) = 6
statx(6, "", AT_STATX_SYNC_AS_STAT|AT_EMPTY_PATH, STATX_ALL, {stx_mask=STATX_ALL|STATX_MNT_ID|STATX_SUBVOL, stx_attributes=0, stx_mode=S_IFREG|0644, stx_size=4231, ...}) = 0
read(6, "\3\2\0\0\0etag: \"127980c3a3838d653653"..., 4231) = 4231
read(6, "", 32)                         = 0
close(6)                                = 0
openat(AT_FDCWD, "/home/xolra0d/.cargo/registry/index/index.crates.io-1949cf8c6b5b557f/.cache/wi/nn/winnow", O_RDONLY|O_CLOEXEC) = 6
statx(6, "", AT_STATX_SYNC_AS_STAT|AT_EMPTY_PATH, STATX_ALL, {stx_mask=STATX_ALL|STATX_MNT_ID|STATX_SUBVOL, stx_attributes=0, stx_mode=S_IFREG|0644, stx_size=218622, ...}) = 0
brk(0x55706723d000)                     = 0x55706723d000
read(6, "\3\2\0\0\0etag: W/\"c1cdeb5ce961589f15"..., 218622) = 218622
read(6, "", 32)                         = 0
close(6)                                = 0
openat(AT_FDCWD, "/home/xolra0d/.cargo/registry/index/index.crates.io-1949cf8c6b5b557f/.cache/ge/tr/getrandom", O_RDONLY|O_CLOEXEC) = 6
statx(6, "", AT_STATX_SYNC_AS_STAT|AT_EMPTY_PATH, STATX_ALL, {stx_mask=STATX_ALL|STATX_MNT_ID|STATX_SUBVOL, stx_attributes=0, stx_mode=S_IFREG|0644, stx_size=74848, ...}) = 0
read(6, "\3\2\0\0\0etag: \"9c051f6dcf6b5b53e168"..., 74848) = 74848
read(6, "", 32)                         = 0
close(6)                                = 0
openat(AT_FDCWD, "/home/xolra0d/.cargo/registry/index/index.crates.io-1949cf8c6b5b557f/.cache/js/-s/js-sys", O_RDONLY|O_CLOEXEC) = 6
statx(6, "", AT_STATX_SYNC_AS_STAT|AT_EMPTY_PATH, STATX_ALL, {stx_mask=STATX_ALL|STATX_MNT_ID|STATX_SUBVOL, stx_attributes=0, stx_mode=S_IFREG|0644, stx_size=62970, ...}) = 0
brk(0x557067269000)                     = 0x557067269000
read(6, "\3\2\0\0\0etag: \"e48d24cfcf5f3c775cca"..., 62970) = 62970
read(6, "", 32)                         = 0
close(6)                                = 0
openat(AT_FDCWD, "/home/xolra0d/.cargo/registry/index/index.crates.io-1949cf8c6b5b557f/.cache/wa/sm/wasm-bindgen", O_RDONLY|O_CLOEXEC) = 6
statx(6, "", AT_STATX_SYNC_AS_STAT|AT_EMPTY_PATH, STATX_ALL, {stx_mask=STATX_ALL|STATX_MNT_ID|STATX_SUBVOL, stx_attributes=0, stx_mode=S_IFREG|0644, stx_size=146264, ...}) = 0
brk(0x557067292000)                     = 0x557067292000
read(6, "\3\2\0\0\0etag: \"257bbb7011b098170bed"..., 146264) = 146264
read(6, "", 32)                         = 0
close(6)                                = 0
openat(AT_FDCWD, "/home/xolra0d/.cargo/registry/index/index.crates.io-1949cf8c6b5b557f/.cache/sc/op/scopeguard", O_RDONLY|O_CLOEXEC) = 6
statx(6, "", AT_STATX_SYNC_AS_STAT|AT_EMPTY_PATH, STATX_ALL, {stx_mask=STATX_ALL|STATX_MNT_ID|STATX_SUBVOL, stx_attributes=0, stx_mode=S_IFREG|0644, stx_size=2012, ...}) = 0
read(6, "\3\2\0\0\0etag: W/\"706e8dea8247bc1293"..., 2012) = 2012
read(6, "", 32)                         = 0
close(6)                                = 0
openat(AT_FDCWD, "/home/xolra0d/.cargo/registry/index/index.crates.io-1949cf8c6b5b557f/.cache/re/do/redox_syscall", O_RDONLY|O_CLOEXEC) = 6
statx(6, "", AT_STATX_SYNC_AS_STAT|AT_EMPTY_PATH, STATX_ALL, {stx_mask=STATX_ALL|STATX_MNT_ID|STATX_SUBVOL, stx_attributes=0, stx_mode=S_IFREG|0644, stx_size=33369, ...}) = 0
read(6, "\3\2\0\0\0etag: \"655be514946a8fff19ab"..., 33369) = 33369
read(6, "", 32)                         = 0
close(6)                                = 0
openat(AT_FDCWD, "/home/xolra0d/.cargo/registry/index/index.crates.io-1949cf8c6b5b557f/.cache/sm/al/smallvec", O_RDONLY|O_CLOEXEC) = 6
statx(6, "", AT_STATX_SYNC_AS_STAT|AT_EMPTY_PATH, STATX_ALL, {stx_mask=STATX_ALL|STATX_MNT_ID|STATX_SUBVOL, stx_attributes=0, stx_mode=S_IFREG|0644, stx_size=38981, ...}) = 0
brk(0x5570672b3000)                     = 0x5570672b3000
read(6, "\3\2\0\0\0etag: W/\"fb2e35d48fcf0cd7b7"..., 38981) = 38981
read(6, "", 32)                         = 0
close(6)                                = 0
openat(AT_FDCWD, "/home/xolra0d/.cargo/registry/index/index.crates.io-1949cf8c6b5b557f/.cache/wi/nd/windows-link", O_RDONLY|O_CLOEXEC) = 6
statx(6, "", AT_STATX_SYNC_AS_STAT|AT_EMPTY_PATH, STATX_ALL, {stx_mask=STATX_ALL|STATX_MNT_ID|STATX_SUBVOL, stx_attributes=0, stx_mode=S_IFREG|0644, stx_size=1314, ...}) = 0
read(6, "\3\2\0\0\0etag: W/\"f65cde2287025d248f"..., 1314) = 1314
read(6, "", 32)                         = 0
close(6)                                = 0
openat(AT_FDCWD, "/home/xolra0d/.cargo/registry/index/index.crates.io-1949cf8c6b5b557f/.cache/pr/oc/proc-macro2", O_RDONLY|O_CLOEXEC) = 6
statx(6, "", AT_STATX_SYNC_AS_STAT|AT_EMPTY_PATH, STATX_ALL, {stx_mask=STATX_ALL|STATX_MNT_ID|STATX_SUBVOL, stx_attributes=0, stx_mode=S_IFREG|0644, stx_size=92794, ...}) = 0
read(6, "\3\2\0\0\0etag: \"f12f3228467f00a71c7a"..., 92794) = 92794
read(6, "", 32)                         = 0
close(6)                                = 0
brk(0x5570672d4000)                     = 0x5570672d4000
openat(AT_FDCWD, "/home/xolra0d/.cargo/registry/index/index.crates.io-1949cf8c6b5b557f/.cache/qu/ot/quote", O_RDONLY|O_CLOEXEC) = 6
statx(6, "", AT_STATX_SYNC_AS_STAT|AT_EMPTY_PATH, STATX_ALL, {stx_mask=STATX_ALL|STATX_MNT_ID|STATX_SUBVOL, stx_attributes=0, stx_mode=S_IFREG|0644, stx_size=40778, ...}) = 0
read(6, "\3\2\0\0\0etag: \"8ab9c1c3c0b173f60c7e"..., 40778) = 40778
read(6, "", 32)                         = 0
close(6)                                = 0
openat(AT_FDCWD, "/home/xolra0d/.cargo/registry/index/index.crates.io-1949cf8c6b5b557f/.cache/3/s/syn", O_RDONLY|O_CLOEXEC) = 6
statx(6, "", AT_STATX_SYNC_AS_STAT|AT_EMPTY_PATH, STATX_ALL, {stx_mask=STATX_ALL|STATX_MNT_ID|STATX_SUBVOL, stx_attributes=0, stx_mode=S_IFREG|0644, stx_size=625447, ...}) = 0
brk(0x55706737b000)                     = 0x55706737b000
read(6, "\3\2\0\0\0etag: \"8876ebf29be1488017d9"..., 625447) = 625447
read(6, "", 32)                         = 0
close(6)                                = 0
openat(AT_FDCWD, "/home/xolra0d/.cargo/registry/index/index.crates.io-1949cf8c6b5b557f/.cache/un/ic/unicode-xid", O_RDONLY|O_CLOEXEC) = 6
statx(6, "", AT_STATX_SYNC_AS_STAT|AT_EMPTY_PATH, STATX_ALL, {stx_mask=STATX_ALL|STATX_MNT_ID|STATX_SUBVOL, stx_attributes=0, stx_mode=S_IFREG|0644, stx_size=2994, ...}) = 0
read(6, "\3\2\0\0\0etag: W/\"db7f8a2ad905ac9768"..., 2994) = 2994
read(6, "", 32)                         = 0
close(6)                                = 0
openat(AT_FDCWD, "/home/xolra0d/.cargo/registry/index/index.crates.io-1949cf8c6b5b557f/.cache/an/st/anstyle-parse", O_RDONLY|O_CLOEXEC) = 6
statx(6, "", AT_STATX_SYNC_AS_STAT|AT_EMPTY_PATH, STATX_ALL, {stx_mask=STATX_ALL|STATX_MNT_ID|STATX_SUBVOL, stx_attributes=0, stx_mode=S_IFREG|0644, stx_size=12364, ...}) = 0
read(6, "\3\2\0\0\0etag: W/\"aa776df2cd6509ead5"..., 12364) = 12364
read(6, "", 32)                         = 0
close(6)                                = 0
openat(AT_FDCWD, "/home/xolra0d/.cargo/registry/index/index.crates.io-1949cf8c6b5b557f/.cache/an/st/anstyle-query", O_RDONLY|O_CLOEXEC) = 6
statx(6, "", AT_STATX_SYNC_AS_STAT|AT_EMPTY_PATH, STATX_ALL, {stx_mask=STATX_ALL|STATX_MNT_ID|STATX_SUBVOL, stx_attributes=0, stx_mode=S_IFREG|0644, stx_size=3636, ...}) = 0
read(6, "\3\2\0\0\0etag: W/\"da6c72d2e7b530b4c6"..., 3636) = 3636
read(6, "", 32)                         = 0
close(6)                                = 0
openat(AT_FDCWD, "/home/xolra0d/.cargo/registry/index/index.crates.io-1949cf8c6b5b557f/.cache/an/st/anstyle-wincon", O_RDONLY|O_CLOEXEC) = 6
statx(6, "", AT_STATX_SYNC_AS_STAT|AT_EMPTY_PATH, STATX_ALL, {stx_mask=STATX_ALL|STATX_MNT_ID|STATX_SUBVOL, stx_attributes=0, stx_mode=S_IFREG|0644, stx_size=13209, ...}) = 0
read(6, "\3\2\0\0\0etag: W/\"e6cd0309ed1a8add69"..., 13209) = 13209
read(6, "", 32)                         = 0
close(6)                                = 0
openat(AT_FDCWD, "/home/xolra0d/.cargo/registry/index/index.crates.io-1949cf8c6b5b557f/.cache/co/lo/colorchoice", O_RDONLY|O_CLOEXEC) = 6
statx(6, "", AT_STATX_SYNC_AS_STAT|AT_EMPTY_PATH, STATX_ALL, {stx_mask=STATX_ALL|STATX_MNT_ID|STATX_SUBVOL, stx_attributes=0, stx_mode=S_IFREG|0644, stx_size=956, ...}) = 0
read(6, "\3\2\0\0\0etag: \"5f15ac942449f273088a"..., 956) = 956
read(6, "", 32)                         = 0
close(6)                                = 0
openat(AT_FDCWD, "/home/xolra0d/.cargo/registry/index/index.crates.io-1949cf8c6b5b557f/.cache/is/_t/is_terminal_polyfill", O_RDONLY|O_CLOEXEC) = 6
statx(6, "", AT_STATX_SYNC_AS_STAT|AT_EMPTY_PATH, STATX_ALL, {stx_mask=STATX_ALL|STATX_MNT_ID|STATX_SUBVOL, stx_attributes=0, stx_mode=S_IFREG|0644, stx_size=1644, ...}) = 0
read(6, "\3\2\0\0\0etag: W/\"480810e76c443c9bd9"..., 1644) = 1644
read(6, "", 32)                         = 0
close(6)                                = 0
openat(AT_FDCWD, "/home/xolra0d/.cargo/registry/index/index.crates.io-1949cf8c6b5b557f/.cache/ut/f8/utf8parse", O_RDONLY|O_CLOEXEC) = 6
statx(6, "", AT_STATX_SYNC_AS_STAT|AT_EMPTY_PATH, STATX_ALL, {stx_mask=STATX_ALL|STATX_MNT_ID|STATX_SUBVOL, stx_attributes=0, stx_mode=S_IFREG|0644, stx_size=901, ...}) = 0
read(6, "\3\2\0\0\0etag: \"cb017a464b3bd42f68b1"..., 901) = 901
read(6, "", 32)                         = 0
close(6)                                = 0
openat(AT_FDCWD, "/home/xolra0d/.cargo/registry/index/index.crates.io-1949cf8c6b5b557f/.cache/re/ge/regex", O_RDONLY|O_CLOEXEC) = 6
statx(6, "", AT_STATX_SYNC_AS_STAT|AT_EMPTY_PATH, STATX_ALL, {stx_mask=STATX_ALL|STATX_MNT_ID|STATX_SUBVOL, stx_attributes=0, stx_mode=S_IFREG|0644, stx_size=209289, ...}) = 0
brk(0x5570673ca000)                     = 0x5570673ca000
read(6, "\3\2\0\0\0etag: W/\"1d5503e5c7d1e101a2"..., 209289) = 209289
read(6, "", 32)                         = 0
close(6)                                = 0
openat(AT_FDCWD, "/home/xolra0d/.cargo/registry/index/index.crates.io-1949cf8c6b5b557f/.cache/ji/ff/jiff-static", O_RDONLY|O_CLOEXEC) = 6
statx(6, "", AT_STATX_SYNC_AS_STAT|AT_EMPTY_PATH, STATX_ALL, {stx_mask=STATX_ALL|STATX_MNT_ID|STATX_SUBVOL, stx_attributes=0, stx_mode=S_IFREG|0644, stx_size=13171, ...}) = 0
read(6, "\3\2\0\0\0etag: \"e12c0880965cfbc487d3"..., 13171) = 13171
read(6, "", 32)                         = 0
close(6)                                = 0
openat(AT_FDCWD, "/home/xolra0d/.cargo/registry/index/index.crates.io-1949cf8c6b5b557f/.cache/po/rt/portable-atomic", O_RDONLY|O_CLOEXEC) = 6
statx(6, "", AT_STATX_SYNC_AS_STAT|AT_EMPTY_PATH, STATX_ALL, {stx_mask=STATX_ALL|STATX_MNT_ID|STATX_SUBVOL, stx_attributes=0, stx_mode=S_IFREG|0644, stx_size=66713, ...}) = 0
read(6, "\3\2\0\0\0etag: \"4730ae36828e263f1f74"..., 66713) = 66713
read(6, "", 32)                         = 0
close(6)                                = 0
brk(0x5570673eb000)                     = 0x5570673eb000
openat(AT_FDCWD, "/home/xolra0d/.cargo/registry/index/index.crates.io-1949cf8c6b5b557f/.cache/po/rt/portable-atomic-util", O_RDONLY|O_CLOEXEC) = 6
statx(6, "", AT_STATX_SYNC_AS_STAT|AT_EMPTY_PATH, STATX_ALL, {stx_mask=STATX_ALL|STATX_MNT_ID|STATX_SUBVOL, stx_attributes=0, stx_mode=S_IFREG|0644, stx_size=4282, ...}) = 0
read(6, "\3\2\0\0\0etag: W/\"47a1f0df30c98de950"..., 4282) = 4282
read(6, "", 32)                         = 0
close(6)                                = 0
openat(AT_FDCWD, "/home/xolra0d/.cargo/registry/index/index.crates.io-1949cf8c6b5b557f/.cache/fu/tu/futures-macro", O_RDONLY|O_CLOEXEC) = 6
statx(6, "", AT_STATX_SYNC_AS_STAT|AT_EMPTY_PATH, STATX_ALL, {stx_mask=STATX_ALL|STATX_MNT_ID|STATX_SUBVOL, stx_attributes=0, stx_mode=S_IFREG|0644, stx_size=19542, ...}) = 0
read(6, "\3\2\0\0\0etag: W/\"226cd6361ca57b676e"..., 19542) = 19542
read(6, "", 32)                         = 0
close(6)                                = 0
openat(AT_FDCWD, "/home/xolra0d/.cargo/registry/index/index.crates.io-1949cf8c6b5b557f/.cache/me/mc/memchr", O_RDONLY|O_CLOEXEC) = 6
statx(6, "", AT_STATX_SYNC_AS_STAT|AT_EMPTY_PATH, STATX_ALL, {stx_mask=STATX_ALL|STATX_MNT_ID|STATX_SUBVOL, stx_attributes=0, stx_mode=S_IFREG|0644, stx_size=24392, ...}) = 0
read(6, "\3\2\0\0\0etag: W/\"d8ad9092af95ef7a0a"..., 24392) = 24392
read(6, "", 32)                         = 0
close(6)                                = 0
openat(AT_FDCWD, "/home/xolra0d/.cargo/registry/index/index.crates.io-1949cf8c6b5b557f/.cache/pi/n-/pin-utils", O_RDONLY|O_CLOEXEC) = 6
statx(6, "", AT_STATX_SYNC_AS_STAT|AT_EMPTY_PATH, STATX_ALL, {stx_mask=STATX_ALL|STATX_MNT_ID|STATX_SUBVOL, stx_attributes=0, stx_mode=S_IFREG|0644, stx_size=890, ...}) = 0
read(6, "\3\2\0\0\0etag: \"2a42289bf7f1418c33b7"..., 890) = 890
read(6, "", 32)                         = 0
close(6)                                = 0
brk(0x55706740c000)                     = 0x55706740c000
openat(AT_FDCWD, "/home/xolra0d/.cargo/registry/index/index.crates.io-1949cf8c6b5b557f/.cache/2/cc", O_RDONLY|O_CLOEXEC) = 6
statx(6, "", AT_STATX_SYNC_AS_STAT|AT_EMPTY_PATH, STATX_ALL, {stx_mask=STATX_ALL|STATX_MNT_ID|STATX_SUBVOL, stx_attributes=0, stx_mode=S_IFREG|0644, stx_size=125267, ...}) = 0
read(6, "\3\2\0\0\0etag: \"062073e52e67a8dc1dfd"..., 125267) = 125267
read(6, "", 32)                         = 0
close(6)                                = 0
brk(0x557067430000)                     = 0x557067430000
openat(AT_FDCWD, "/home/xolra0d/.cargo/registry/index/index.crates.io-1949cf8c6b5b557f/.cache/cr/os/crossbeam-deque", O_RDONLY|O_CLOEXEC) = 6
statx(6, "", AT_STATX_SYNC_AS_STAT|AT_EMPTY_PATH, STATX_ALL, {stx_mask=STATX_ALL|STATX_MNT_ID|STATX_SUBVOL, stx_attributes=0, stx_mode=S_IFREG|0644, stx_size=15108, ...}) = 0
read(6, "\3\2\0\0\0etag: W/\"08e8800c989d112324"..., 15108) = 15108
read(6, "", 32)                         = 0
close(6)                                = 0
openat(AT_FDCWD, "/home/xolra0d/.cargo/registry/index/index.crates.io-1949cf8c6b5b557f/.cache/by/te/bytecheck_derive", O_RDONLY|O_CLOEXEC) = 6
statx(6, "", AT_STATX_SYNC_AS_STAT|AT_EMPTY_PATH, STATX_ALL, {stx_mask=STATX_ALL|STATX_MNT_ID|STATX_SUBVOL, stx_attributes=0, stx_mode=S_IFREG|0644, stx_size=18919, ...}) = 0
read(6, "\3\2\0\0\0etag: W/\"2f2286d1e28406d93e"..., 18919) = 18919
read(6, "", 32)                         = 0
close(6)                                = 0
openat(AT_FDCWD, "/home/xolra0d/.cargo/registry/index/index.crates.io-1949cf8c6b5b557f/.cache/si/md/simdutf8", O_RDONLY|O_CLOEXEC) = 6
statx(6, "", AT_STATX_SYNC_AS_STAT|AT_EMPTY_PATH, STATX_ALL, {stx_mask=STATX_ALL|STATX_MNT_ID|STATX_SUBVOL, stx_attributes=0, stx_mode=S_IFREG|0644, stx_size=2046, ...}) = 0
read(6, "\3\2\0\0\0etag: W/\"5a13d6984730f73a49"..., 2046) = 2046
read(6, "", 32)                         = 0
close(6)                                = 0
openat(AT_FDCWD, "/home/xolra0d/.cargo/registry/index/index.crates.io-1949cf8c6b5b557f/.cache/eq/ui/equivalent", O_RDONLY|O_CLOEXEC) = 6
statx(6, "", AT_STATX_SYNC_AS_STAT|AT_EMPTY_PATH, STATX_ALL, {stx_mask=STATX_ALL|STATX_MNT_ID|STATX_SUBVOL, stx_attributes=0, stx_mode=S_IFREG|0644, stx_size=758, ...}) = 0
read(6, "\3\2\0\0\0etag: \"9e8ed51a6f4e6a2c92ef"..., 758) = 758
read(6, "", 32)                         = 0
close(6)                                = 0
openat(AT_FDCWD, "/home/xolra0d/.cargo/registry/index/index.crates.io-1949cf8c6b5b557f/.cache/mu/ng/munge_macro", O_RDONLY|O_CLOEXEC) = 6
statx(6, "", AT_STATX_SYNC_AS_STAT|AT_EMPTY_PATH, STATX_ALL, {stx_mask=STATX_ALL|STATX_MNT_ID|STATX_SUBVOL, stx_attributes=0, stx_mode=S_IFREG|0644, stx_size=5022, ...}) = 0
read(6, "\3\2\0\0\0etag: W/\"7f411b5718f12bc4d1"..., 5022) = 5022
read(6, "", 32)                         = 0
close(6)                                = 0
brk(0x557067451000)                     = 0x557067451000
openat(AT_FDCWD, "/home/xolra0d/.cargo/registry/index/index.crates.io-1949cf8c6b5b557f/.cache/ti/ny/tinyvec_macros", O_RDONLY|O_CLOEXEC) = 6
statx(6, "", AT_STATX_SYNC_AS_STAT|AT_EMPTY_PATH, STATX_ALL, {stx_mask=STATX_ALL|STATX_MNT_ID|STATX_SUBVOL, stx_attributes=0, stx_mode=S_IFREG|0644, stx_size=368, ...}) = 0
read(6, "\3\2\0\0\0etag: \"e58e1f1d8116d622891d"..., 368) = 368
read(6, "", 32)                         = 0
close(6)                                = 0
openat(AT_FDCWD, "/home/xolra0d/.cargo/registry/index/index.crates.io-1949cf8c6b5b557f/.cache/nu/m-/num-traits", O_RDONLY|O_CLOEXEC) = 6
statx(6, "", AT_STATX_SYNC_AS_STAT|AT_EMPTY_PATH, STATX_ALL, {stx_mask=STATX_ALL|STATX_MNT_ID|STATX_SUBVOL, stx_attributes=0, stx_mode=S_IFREG|0644, stx_size=8830, ...}) = 0
read(6, "\3\2\0\0\0etag: W/\"f0c22a14798809516d"..., 8830) = 8830
read(6, "", 32)                         = 0
close(6)                                = 0
openat(AT_FDCWD, "/home/xolra0d/.cargo/registry/index/index.crates.io-1949cf8c6b5b557f/.cache/pa/st/paste", O_RDONLY|O_CLOEXEC) = 6
statx(6, "", AT_STATX_SYNC_AS_STAT|AT_EMPTY_PATH, STATX_ALL, {stx_mask=STATX_ALL|STATX_MNT_ID|STATX_SUBVOL, stx_attributes=0, stx_mode=S_IFREG|0644, stx_size=18139, ...}) = 0
read(6, "\3\2\0\0\0etag: W/\"aeb1cde8a0222a6970"..., 18139) = 18139
read(6, "", 32)                         = 0
close(6)                                = 0
openat(AT_FDCWD, "/home/xolra0d/.cargo/registry/index/index.crates.io-1949cf8c6b5b557f/.cache/re/cu/recursive-proc-macro-impl", O_RDONLY|O_CLOEXEC) = 6
statx(6, "", AT_STATX_SYNC_AS_STAT|AT_EMPTY_PATH, STATX_ALL, {stx_mask=STATX_ALL|STATX_MNT_ID|STATX_SUBVOL, stx_attributes=0, stx_mode=S_IFREG|0644, stx_size=856, ...}) = 0
read(6, "\3\2\0\0\0etag: \"363acf32b8e9316c4139"..., 856) = 856
read(6, "", 32)                         = 0
close(6)                                = 0
openat(AT_FDCWD, "/home/xolra0d/.cargo/registry/index/index.crates.io-1949cf8c6b5b557f/.cache/st/ac/stacker", O_RDONLY|O_CLOEXEC) = 6
statx(6, "", AT_STATX_SYNC_AS_STAT|AT_EMPTY_PATH, STATX_ALL, {stx_mask=STATX_ALL|STATX_MNT_ID|STATX_SUBVOL, stx_attributes=0, stx_mode=S_IFREG|0644, stx_size=17239, ...}) = 0
read(6, "\3\2\0\0\0etag: W/\"66677005248ed46da1"..., 17239) = 17239
read(6, "", 32)                         = 0
close(6)                                = 0
openat(AT_FDCWD, "/home/xolra0d/.cargo/registry/index/index.crates.io-1949cf8c6b5b557f/.cache/ad/dr/addr2line", O_RDONLY|O_CLOEXEC) = 6
statx(6, "", AT_STATX_SYNC_AS_STAT|AT_EMPTY_PATH, STATX_ALL, {stx_mask=STATX_ALL|STATX_MNT_ID|STATX_SUBVOL, stx_attributes=0, stx_mode=S_IFREG|0644, stx_size=68431, ...}) = 0
brk(0x557067481000)                     = 0x557067481000
read(6, "\3\2\0\0\0etag: W/\"e67cc273e6ff484636"..., 68431) = 68431
read(6, "", 32)                         = 0
close(6)                                = 0
openat(AT_FDCWD, "/home/xolra0d/.cargo/registry/index/index.crates.io-1949cf8c6b5b557f/.cache/mi/ni/miniz_oxide", O_RDONLY|O_CLOEXEC) = 6
statx(6, "", AT_STATX_SYNC_AS_STAT|AT_EMPTY_PATH, STATX_ALL, {stx_mask=STATX_ALL|STATX_MNT_ID|STATX_SUBVOL, stx_attributes=0, stx_mode=S_IFREG|0644, stx_size=35887, ...}) = 0
read(6, "\3\2\0\0\0etag: \"042d818debcd98c3e2e6"..., 35887) = 35887
read(6, "", 32)                         = 0
close(6)                                = 0
openat(AT_FDCWD, "/home/xolra0d/.cargo/registry/index/index.crates.io-1949cf8c6b5b557f/.cache/ob/je/object", O_RDONLY|O_CLOEXEC) = 6
statx(6, "", AT_STATX_SYNC_AS_STAT|AT_EMPTY_PATH, STATX_ALL, {stx_mask=STATX_ALL|STATX_MNT_ID|STATX_SUBVOL, stx_attributes=0, stx_mode=S_IFREG|0644, stx_size=120053, ...}) = 0
brk(0x5570674af000)                     = 0x5570674af000
read(6, "\3\2\0\0\0etag: \"aa628214d75b85155302"..., 120053) = 120053
read(6, "", 32)                         = 0
close(6)                                = 0
openat(AT_FDCWD, "/home/xolra0d/.cargo/registry/index/index.crates.io-1949cf8c6b5b557f/.cache/ru/st/rustc-demangle", O_RDONLY|O_CLOEXEC) = 6
statx(6, "", AT_STATX_SYNC_AS_STAT|AT_EMPTY_PATH, STATX_ALL, {stx_mask=STATX_ALL|STATX_MNT_ID|STATX_SUBVOL, stx_attributes=0, stx_mode=S_IFREG|0644, stx_size=10409, ...}) = 0
read(6, "\3\2\0\0\0etag: \"93052160cc442a930084"..., 10409) = 10409
read(6, "", 32)                         = 0
close(6)                                = 0
openat(AT_FDCWD, "/home/xolra0d/.cargo/registry/index/index.crates.io-1949cf8c6b5b557f/.cache/bi/tf/bitflags", O_RDONLY|O_CLOEXEC) = 6
statx(6, "", AT_STATX_SYNC_AS_STAT|AT_EMPTY_PATH, STATX_ALL, {stx_mask=STATX_ALL|STATX_MNT_ID|STATX_SUBVOL, stx_attributes=0, stx_mode=S_IFREG|0644, stx_size=50955, ...}) = 0
read(6, "\3\2\0\0\0etag: W/\"10beb2dafd57d3ca6d"..., 50955) = 50955
read(6, "", 32)                         = 0
close(6)                                = 0
openat(AT_FDCWD, "/home/xolra0d/.cargo/registry/index/index.crates.io-1949cf8c6b5b557f/.cache/wa/si/wasi", O_RDONLY|O_CLOEXEC) = 6
statx(6, "", AT_STATX_SYNC_AS_STAT|AT_EMPTY_PATH, STATX_ALL, {stx_mask=STATX_ALL|STATX_MNT_ID|STATX_SUBVOL, stx_attributes=0, stx_mode=S_IFREG|0644, stx_size=16794, ...}) = 0
brk(0x5570674d1000)                     = 0x5570674d1000
read(6, "\3\2\0\0\0etag: W/\"f88947308ee9932ae5"..., 16794) = 16794
read(6, "", 32)                         = 0
close(6)                                = 0
openat(AT_FDCWD, "/home/xolra0d/.cargo/registry/index/index.crates.io-1949cf8c6b5b557f/.cache/wi/nd/windows-targets", O_RDONLY|O_CLOEXEC) = 6
statx(6, "", AT_STATX_SYNC_AS_STAT|AT_EMPTY_PATH, STATX_ALL, {stx_mask=STATX_ALL|STATX_MNT_ID|STATX_SUBVOL, stx_attributes=0, stx_mode=S_IFREG|0644, stx_size=38241, ...}) = 0
read(6, "\3\2\0\0\0etag: W/\"9eae8f6dc2301d446d"..., 38241) = 38241
read(6, "", 32)                         = 0
close(6)                                = 0
brk(0x5570674f2000)                     = 0x5570674f2000
openat(AT_FDCWD, "/home/xolra0d/.cargo/registry/index/index.crates.io-1949cf8c6b5b557f/.cache/r-/ef/r-efi", O_RDONLY|O_CLOEXEC) = 6
statx(6, "", AT_STATX_SYNC_AS_STAT|AT_EMPTY_PATH, STATX_ALL, {stx_mask=STATX_ALL|STATX_MNT_ID|STATX_SUBVOL, stx_attributes=0, stx_mode=S_IFREG|0644, stx_size=6523, ...}) = 0
read(6, "\3\2\0\0\0etag: W/\"2f7eb29a0333654e55"..., 6523) = 6523
read(6, "", 32)                         = 0
close(6)                                = 0
openat(AT_FDCWD, "/home/xolra0d/.cargo/registry/index/index.crates.io-1949cf8c6b5b557f/.cache/wa/si/wasip2", O_RDONLY|O_CLOEXEC) = 6
statx(6, "", AT_STATX_SYNC_AS_STAT|AT_EMPTY_PATH, STATX_ALL, {stx_mask=STATX_ALL|STATX_MNT_ID|STATX_SUBVOL, stx_attributes=0, stx_mode=S_IFREG|0644, stx_size=2440, ...}) = 0
read(6, "\3\2\0\0\0etag: \"61b0385c4bf3461a3ab1"..., 2440) = 2440
read(6, "", 32)                         = 0
close(6)                                = 0
openat(AT_FDCWD, "/home/xolra0d/.cargo/registry/index/index.crates.io-1949cf8c6b5b557f/.cache/ru/st/rustversion", O_RDONLY|O_CLOEXEC) = 6
statx(6, "", AT_STATX_SYNC_AS_STAT|AT_EMPTY_PATH, STATX_ALL, {stx_mask=STATX_ALL|STATX_MNT_ID|STATX_SUBVOL, stx_attributes=0, stx_mode=S_IFREG|0644, stx_size=8863, ...}) = 0
read(6, "\3\2\0\0\0etag: W/\"3f7dbcce1c47c47e4f"..., 8863) = 8863
read(6, "", 32)                         = 0
close(6)                                = 0
openat(AT_FDCWD, "/home/xolra0d/.cargo/registry/index/index.crates.io-1949cf8c6b5b557f/.cache/wa/sm/wasm-bindgen-macro", O_RDONLY|O_CLOEXEC) = 6
statx(6, "", AT_STATX_SYNC_AS_STAT|AT_EMPTY_PATH, STATX_ALL, {stx_mask=STATX_ALL|STATX_MNT_ID|STATX_SUBVOL, stx_attributes=0, stx_mode=S_IFREG|0644, stx_size=92331, ...}) = 0
brk(0x557067515000)                     = 0x557067515000
read(6, "\3\2\0\0\0etag: \"b78a2709e95c2be6f093"..., 92331) = 92331
read(6, "", 32)                         = 0
close(6)                                = 0
openat(AT_FDCWD, "/home/xolra0d/.cargo/registry/index/index.crates.io-1949cf8c6b5b557f/.cache/wa/sm/wasm-bindgen-shared", O_RDONLY|O_CLOEXEC) = 6
statx(6, "", AT_STATX_SYNC_AS_STAT|AT_EMPTY_PATH, STATX_ALL, {stx_mask=STATX_ALL|STATX_MNT_ID|STATX_SUBVOL, stx_attributes=0, stx_mode=S_IFREG|0644, stx_size=32589, ...}) = 0
read(6, "\3\2\0\0\0etag: \"d19a692c076b80e41622"..., 32589) = 32589
read(6, "", 32)                         = 0
close(6)                                = 0
openat(AT_FDCWD, "/home/xolra0d/.cargo/registry/index/index.crates.io-1949cf8c6b5b557f/.cache/un/ic/unicode-ident", O_RDONLY|O_CLOEXEC) = 6
statx(6, "", AT_STATX_SYNC_AS_STAT|AT_EMPTY_PATH, STATX_ALL, {stx_mask=STATX_ALL|STATX_MNT_ID|STATX_SUBVOL, stx_attributes=0, stx_mode=S_IFREG|0644, stx_size=20404, ...}) = 0
read(6, "\3\2\0\0\0etag: W/\"5f09c3b0d677ef8c10"..., 20404) = 20404
read(6, "", 32)                         = 0
close(6)                                = 0
brk(0x557067536000)                     = 0x557067536000
brk(0x557067557000)                     = 0x557067557000
openat(AT_FDCWD, "/home/xolra0d/.cargo/registry/index/index.crates.io-1949cf8c6b5b557f/.cache/on/ce/once_cell_polyfill", O_RDONLY|O_CLOEXEC) = 6
statx(6, "", AT_STATX_SYNC_AS_STAT|AT_EMPTY_PATH, STATX_ALL, {stx_mask=STATX_ALL|STATX_MNT_ID|STATX_SUBVOL, stx_attributes=0, stx_mode=S_IFREG|0644, stx_size=1426, ...}) = 0
read(6, "\3\2\0\0\0etag: W/\"a4d7be11d7797e00f5"..., 1426) = 1426
read(6, "", 32)                         = 0
close(6)                                = 0
openat(AT_FDCWD, "/home/xolra0d/.cargo/registry/index/index.crates.io-1949cf8c6b5b557f/.cache/ah/o-/aho-corasick", O_RDONLY|O_CLOEXEC) = 6
statx(6, "", AT_STATX_SYNC_AS_STAT|AT_EMPTY_PATH, STATX_ALL, {stx_mask=STATX_ALL|STATX_MNT_ID|STATX_SUBVOL, stx_attributes=0, stx_mode=S_IFREG|0644, stx_size=41492, ...}) = 0
read(6, "\3\2\0\0\0etag: W/\"933d78d2cb1f0b3ce6"..., 41492) = 41492
read(6, "", 32)                         = 0
close(6)                                = 0
openat(AT_FDCWD, "/home/xolra0d/.cargo/registry/index/index.crates.io-1949cf8c6b5b557f/.cache/re/ge/regex-automata", O_RDONLY|O_CLOEXEC) = 6
statx(6, "", AT_STATX_SYNC_AS_STAT|AT_EMPTY_PATH, STATX_ALL, {stx_mask=STATX_ALL|STATX_MNT_ID|STATX_SUBVOL, stx_attributes=0, stx_mode=S_IFREG|0644, stx_size=84572, ...}) = 0
read(6, "\3\2\0\0\0etag: W/\"da213a58f64fdaa0ce"..., 84572) = 84572
read(6, "", 32)                         = 0
close(6)                                = 0
openat(AT_FDCWD, "/home/xolra0d/.cargo/registry/index/index.crates.io-1949cf8c6b5b557f/.cache/re/ge/regex-syntax", O_RDONLY|O_CLOEXEC) = 6
statx(6, "", AT_STATX_SYNC_AS_STAT|AT_EMPTY_PATH, STATX_ALL, {stx_mask=STATX_ALL|STATX_MNT_ID|STATX_SUBVOL, stx_attributes=0, stx_mode=S_IFREG|0644, stx_size=31572, ...}) = 0
brk(0x557067579000)                     = 0x557067579000
read(6, "\3\2\0\0\0etag: W/\"2f3586a542d4fb1a2c"..., 31572) = 31572
read(6, "", 32)                         = 0
close(6)                                = 0
openat(AT_FDCWD, "/home/xolra0d/.cargo/registry/index/index.crates.io-1949cf8c6b5b557f/.cache/fi/nd/find-msvc-tools", O_RDONLY|O_CLOEXEC) = 6
statx(6, "", AT_STATX_SYNC_AS_STAT|AT_EMPTY_PATH, STATX_ALL, {stx_mask=STATX_ALL|STATX_MNT_ID|STATX_SUBVOL, stx_attributes=0, stx_mode=S_IFREG|0644, stx_size=1999, ...}) = 0
read(6, "\3\2\0\0\0etag: \"6201ba72530ba42ded7e"..., 1999) = 1999
read(6, "", 32)                         = 0
close(6)                                = 0
openat(AT_FDCWD, "/home/xolra0d/.cargo/registry/index/index.crates.io-1949cf8c6b5b557f/.cache/sh/le/shlex", O_RDONLY|O_CLOEXEC) = 6
statx(6, "", AT_STATX_SYNC_AS_STAT|AT_EMPTY_PATH, STATX_ALL, {stx_mask=STATX_ALL|STATX_MNT_ID|STATX_SUBVOL, stx_attributes=0, stx_mode=S_IFREG|0644, stx_size=1240, ...}) = 0
read(6, "\3\2\0\0\0etag: W/\"4ca4af30470fcc2bf2"..., 1240) = 1240
read(6, "", 32)                         = 0
close(6)                                = 0
openat(AT_FDCWD, "/home/xolra0d/.cargo/registry/index/index.crates.io-1949cf8c6b5b557f/.cache/cr/os/crossbeam-epoch", O_RDONLY|O_CLOEXEC) = 6
statx(6, "", AT_STATX_SYNC_AS_STAT|AT_EMPTY_PATH, STATX_ALL, {stx_mask=STATX_ALL|STATX_MNT_ID|STATX_SUBVOL, stx_attributes=0, stx_mode=S_IFREG|0644, stx_size=45668, ...}) = 0
read(6, "\3\2\0\0\0etag: W/\"90807d833f48df3e7f"..., 45668) = 45668
read(6, "", 32)                         = 0
close(6)                                = 0
brk(0x55706759a000)                     = 0x55706759a000
openat(AT_FDCWD, "/home/xolra0d/.cargo/registry/index/index.crates.io-1949cf8c6b5b557f/.cache/pt/r_/ptr_meta_derive", O_RDONLY|O_CLOEXEC) = 6
statx(6, "", AT_STATX_SYNC_AS_STAT|AT_EMPTY_PATH, STATX_ALL, {stx_mask=STATX_ALL|STATX_MNT_ID|STATX_SUBVOL, stx_attributes=0, stx_mode=S_IFREG|0644, stx_size=6758, ...}) = 0
read(6, "\3\2\0\0\0etag: W/\"f949c64ef4e6acb290"..., 6758) = 6758
read(6, "", 32)                         = 0
close(6)                                = 0
openat(AT_FDCWD, "/home/xolra0d/.cargo/registry/index/index.crates.io-1949cf8c6b5b557f/.cache/au/to/autocfg", O_RDONLY|O_CLOEXEC) = 6
statx(6, "", AT_STATX_SYNC_AS_STAT|AT_EMPTY_PATH, STATX_ALL, {stx_mask=STATX_ALL|STATX_MNT_ID|STATX_SUBVOL, stx_attributes=0, stx_mode=S_IFREG|0644, stx_size=2867, ...}) = 0
read(6, "\3\2\0\0\0etag: W/\"96e92ea8261e4063d9"..., 2867) = 2867
read(6, "", 32)                         = 0
close(6)                                = 0
openat(AT_FDCWD, "/home/xolra0d/.cargo/registry/index/index.crates.io-1949cf8c6b5b557f/.cache/3/p/psm", O_RDONLY|O_CLOEXEC) = 6
statx(6, "", AT_STATX_SYNC_AS_STAT|AT_EMPTY_PATH, STATX_ALL, {stx_mask=STATX_ALL|STATX_MNT_ID|STATX_SUBVOL, stx_attributes=0, stx_mode=S_IFREG|0644, stx_size=7791, ...}) = 0
read(6, "\3\2\0\0\0etag: W/\"7da9f5efedd36997ec"..., 7791) = 7791
read(6, "", 32)                         = 0
close(6)                                = 0
openat(AT_FDCWD, "/home/xolra0d/.cargo/registry/index/index.crates.io-1949cf8c6b5b557f/.cache/gi/ml/gimli", O_RDONLY|O_CLOEXEC) = 6
statx(6, "", AT_STATX_SYNC_AS_STAT|AT_EMPTY_PATH, STATX_ALL, {stx_mask=STATX_ALL|STATX_MNT_ID|STATX_SUBVOL, stx_attributes=0, stx_mode=S_IFREG|0644, stx_size=65966, ...}) = 0
brk(0x5570675bf000)                     = 0x5570675bf000
read(6, "\3\2\0\0\0etag: W/\"d5d00f7fddf8f30806"..., 65966) = 65966
read(6, "", 32)                         = 0
close(6)                                = 0
openat(AT_FDCWD, "/home/xolra0d/.cargo/registry/index/index.crates.io-1949cf8c6b5b557f/.cache/ad/le/adler2", O_RDONLY|O_CLOEXEC) = 6
statx(6, "", AT_STATX_SYNC_AS_STAT|AT_EMPTY_PATH, STATX_ALL, {stx_mask=STATX_ALL|STATX_MNT_ID|STATX_SUBVOL, stx_attributes=0, stx_mode=S_IFREG|0644, stx_size=1028, ...}) = 0
read(6, "\3\2\0\0\0etag: \"b91097f5e53d17591c9c"..., 1028) = 1028
read(6, "", 32)                         = 0
close(6)                                = 0
openat(AT_FDCWD, "/home/xolra0d/.cargo/registry/index/index.crates.io-1949cf8c6b5b557f/.cache/wi/nd/windows_aarch64_gnullvm", O_RDONLY|O_CLOEXEC) = 6
statx(6, "", AT_STATX_SYNC_AS_STAT|AT_EMPTY_PATH, STATX_ALL, {stx_mask=STATX_ALL|STATX_MNT_ID|STATX_SUBVOL, stx_attributes=0, stx_mode=S_IFREG|0644, stx_size=3661, ...}) = 0
read(6, "\3\2\0\0\0etag: W/\"0592389cd4020f2d6b"..., 3661) = 3661
read(6, "", 32)                         = 0
close(6)                                = 0
openat(AT_FDCWD, "/home/xolra0d/.cargo/registry/index/index.crates.io-1949cf8c6b5b557f/.cache/wi/nd/windows_aarch64_msvc", O_RDONLY|O_CLOEXEC) = 6
statx(6, "", AT_STATX_SYNC_AS_STAT|AT_EMPTY_PATH, STATX_ALL, {stx_mask=STATX_ALL|STATX_MNT_ID|STATX_SUBVOL, stx_attributes=0, stx_mode=S_IFREG|0644, stx_size=6138, ...}) = 0
read(6, "\3\2\0\0\0etag: W/\"e0b176e99fd9a95ef4"..., 6138) = 6138
read(6, "", 32)                         = 0
close(6)                                = 0
openat(AT_FDCWD, "/home/xolra0d/.cargo/registry/index/index.crates.io-1949cf8c6b5b557f/.cache/wi/nd/windows_i686_gnu", O_RDONLY|O_CLOEXEC) = 6
statx(6, "", AT_STATX_SYNC_AS_STAT|AT_EMPTY_PATH, STATX_ALL, {stx_mask=STATX_ALL|STATX_MNT_ID|STATX_SUBVOL, stx_attributes=0, stx_mode=S_IFREG|0644, stx_size=6328, ...}) = 0
read(6, "\3\2\0\0\0etag: W/\"4930937b75e619887a"..., 6328) = 6328
read(6, "", 32)                         = 0
close(6)                                = 0
openat(AT_FDCWD, "/home/xolra0d/.cargo/registry/index/index.crates.io-1949cf8c6b5b557f/.cache/wi/nd/windows_i686_gnullvm", O_RDONLY|O_CLOEXEC) = 6
statx(6, "", AT_STATX_SYNC_AS_STAT|AT_EMPTY_PATH, STATX_ALL, {stx_mask=STATX_ALL|STATX_MNT_ID|STATX_SUBVOL, stx_attributes=0, stx_mode=S_IFREG|0644, stx_size=999, ...}) = 0
read(6, "\3\2\0\0\0etag: \"a16436dde5b59c2bf03d"..., 999) = 999
read(6, "", 32)                         = 0
close(6)                                = 0
openat(AT_FDCWD, "/home/xolra0d/.cargo/registry/index/index.crates.io-1949cf8c6b5b557f/.cache/wi/nd/windows_i686_msvc", O_RDONLY|O_CLOEXEC) = 6
statx(6, "", AT_STATX_SYNC_AS_STAT|AT_EMPTY_PATH, STATX_ALL, {stx_mask=STATX_ALL|STATX_MNT_ID|STATX_SUBVOL, stx_attributes=0, stx_mode=S_IFREG|0644, stx_size=6531, ...}) = 0
read(6, "\3\2\0\0\0etag: W/\"8ffd8174a99bd44e10"..., 6531) = 6531
read(6, "", 32)                         = 0
close(6)                                = 0
openat(AT_FDCWD, "/home/xolra0d/.cargo/registry/index/index.crates.io-1949cf8c6b5b557f/.cache/wi/nd/windows_x86_64_gnu", O_RDONLY|O_CLOEXEC) = 6
statx(6, "", AT_STATX_SYNC_AS_STAT|AT_EMPTY_PATH, STATX_ALL, {stx_mask=STATX_ALL|STATX_MNT_ID|STATX_SUBVOL, stx_attributes=0, stx_mode=S_IFREG|0644, stx_size=6402, ...}) = 0
read(6, "\3\2\0\0\0etag: W/\"9a06905261f49fc3d8"..., 6402) = 6402
read(6, "", 32)                         = 0
close(6)                                = 0
openat(AT_FDCWD, "/home/xolra0d/.cargo/registry/index/index.crates.io-1949cf8c6b5b557f/.cache/wi/nd/windows_x86_64_gnullvm", O_RDONLY|O_CLOEXEC) = 6
statx(6, "", AT_STATX_SYNC_AS_STAT|AT_EMPTY_PATH, STATX_ALL, {stx_mask=STATX_ALL|STATX_MNT_ID|STATX_SUBVOL, stx_attributes=0, stx_mode=S_IFREG|0644, stx_size=3641, ...}) = 0
read(6, "\3\2\0\0\0etag: W/\"70d8b0bceb04248ae1"..., 3641) = 3641
read(6, "", 32)                         = 0
close(6)                                = 0
openat(AT_FDCWD, "/home/xolra0d/.cargo/registry/index/index.crates.io-1949cf8c6b5b557f/.cache/wi/nd/windows_x86_64_msvc", O_RDONLY|O_CLOEXEC) = 6
statx(6, "", AT_STATX_SYNC_AS_STAT|AT_EMPTY_PATH, STATX_ALL, {stx_mask=STATX_ALL|STATX_MNT_ID|STATX_SUBVOL, stx_attributes=0, stx_mode=S_IFREG|0644, stx_size=6607, ...}) = 0
read(6, "\3\2\0\0\0etag: W/\"027fd4acd7ebf8c9aa"..., 6607) = 6607
read(6, "", 32)                         = 0
close(6)                                = 0
brk(0x5570675e0000)                     = 0x5570675e0000
openat(AT_FDCWD, "/home/xolra0d/.cargo/registry/index/index.crates.io-1949cf8c6b5b557f/.cache/wi/t-/wit-bindgen", O_RDONLY|O_CLOEXEC) = 6
statx(6, "", AT_STATX_SYNC_AS_STAT|AT_EMPTY_PATH, STATX_ALL, {stx_mask=STATX_ALL|STATX_MNT_ID|STATX_SUBVOL, stx_attributes=0, stx_mode=S_IFREG|0644, stx_size=38554, ...}) = 0
read(6, "\3\2\0\0\0etag: \"fe89e00a958012213494"..., 38554) = 38554
read(6, "", 32)                         = 0
close(6)                                = 0
openat(AT_FDCWD, "/home/xolra0d/.cargo/registry/index/index.crates.io-1949cf8c6b5b557f/.cache/wa/sm/wasm-bindgen-macro-support", O_RDONLY|O_CLOEXEC) = 6
statx(6, "", AT_STATX_SYNC_AS_STAT|AT_EMPTY_PATH, STATX_ALL, {stx_mask=STATX_ALL|STATX_MNT_ID|STATX_SUBVOL, stx_attributes=0, stx_mode=S_IFREG|0644, stx_size=86749, ...}) = 0
brk(0x557067607000)                     = 0x557067607000
read(6, "\3\2\0\0\0etag: \"aad793a559ec05d156f0"..., 86749) = 86749
read(6, "", 32)                         = 0
close(6)                                = 0
brk(0x557067628000)                     = 0x557067628000
openat(AT_FDCWD, "/home/xolra0d/.cargo/registry/index/index.crates.io-1949cf8c6b5b557f/.cache/wa/sm/wasm-bindgen-backend", O_RDONLY|O_CLOEXEC) = 6
statx(6, "", AT_STATX_SYNC_AS_STAT|AT_EMPTY_PATH, STATX_ALL, {stx_mask=STATX_ALL|STATX_MNT_ID|STATX_SUBVOL, stx_attributes=0, stx_mode=S_IFREG|0644, stx_size=105505, ...}) = 0
read(6, "\3\2\0\0\0etag: W/\"e478bb8090bfb8db1b"..., 105505) = 105505
read(6, "", 32)                         = 0
close(6)                                = 0
brk(0x557067649000)                     = 0x557067649000
openat(AT_FDCWD, "/home/xolra0d/.cargo/registry/index/index.crates.io-1949cf8c6b5b557f/.cache/bu/mp/bumpalo", O_RDONLY|O_CLOEXEC) = 6
statx(6, "", AT_STATX_SYNC_AS_STAT|AT_EMPTY_PATH, STATX_ALL, {stx_mask=STATX_ALL|STATX_MNT_ID|STATX_SUBVOL, stx_attributes=0, stx_mode=S_IFREG|0644, stx_size=31874, ...}) = 0
read(6, "\3\2\0\0\0etag: \"9aca8f67e5f962801c03"..., 31874) = 31874
read(6, "", 32)                         = 0
close(6)                                = 0
brk(0x55706766a000)                     = 0x55706766a000
brk(0x55706768b000)                     = 0x55706768b000
brk(0x5570676ac000)                     = 0x5570676ac000
brk(0x5570676cd000)                     = 0x5570676cd000
brk(0x5570676ee000)                     = 0x5570676ee000
brk(0x557067711000)                     = 0x557067711000
lstat("/home", {st_mode=S_IFDIR|0755, st_size=14, ...}) = 0
lstat("/home/xolra0d", {st_mode=S_IFDIR|0755, st_size=2112, ...}) = 0
lstat("/home/xolra0d/.cargo", {st_mode=S_IFDIR|0755, st_size=264, ...}) = 0
lstat("/home/xolra0d/.cargo/.global-cache", {st_mode=S_IFREG|0644, st_size=458752, ...}) = 0
getpid()                                = 1064834
getpid()                                = 1064834
openat(AT_FDCWD, "/home/xolra0d/.cargo/.global-cache", O_RDWR|O_CREAT|O_NOFOLLOW|O_CLOEXEC, 0644) = 6
fstat(6, {st_mode=S_IFREG|0644, st_size=458752, ...}) = 0
fstat(6, {st_mode=S_IFREG|0644, st_size=458752, ...}) = 0
stat("/home/xolra0d/.cargo/.global-cache", {st_mode=S_IFREG|0644, st_size=458752, ...}) = 0
pread64(6, "SQLite format 3\0\20\0\1\1\0@  \0\0.\260\0\0\0p"..., 100, 0) = 100
getpid()                                = 1064834
openat(AT_FDCWD, "/dev/urandom", O_RDONLY|O_CLOEXEC) = 7
read(7, "\310\247H\22:\254\24\0MK\361\315\37\222\230\351\267\325W\244\230\265\2772T\367\217\30\2064,>"..., 44) = 44
close(7)                                = 0
fcntl(6, F_SETLK, {l_type=F_RDLCK, l_whence=SEEK_SET, l_start=1073741824, l_len=1}) = 0
fcntl(6, F_SETLK, {l_type=F_RDLCK, l_whence=SEEK_SET, l_start=1073741826, l_len=510}) = 0
fcntl(6, F_SETLK, {l_type=F_UNLCK, l_whence=SEEK_SET, l_start=1073741824, l_len=1}) = 0
stat("/home/xolra0d/.cargo/.global-cache-journal", 0x7ffda6d4a4c0) = -1 ENOENT (No such file or directory)
stat("/home/xolra0d/.cargo/.global-cache-wal", 0x7ffda6d4a490) = -1 ENOENT (No such file or directory)
fstat(6, {st_mode=S_IFREG|0644, st_size=458752, ...}) = 0
pread64(6, "SQLite format 3\0\20\0\1\1\0@  \0\0.\260\0\0\0p"..., 4096, 0) = 4096
fcntl(6, F_SETLK, {l_type=F_WRLCK, l_whence=SEEK_SET, l_start=1073741825, l_len=1}) = 0
fcntl(6, F_SETLK, {l_type=F_WRLCK, l_whence=SEEK_SET, l_start=1073741824, l_len=1}) = 0
fcntl(6, F_SETLK, {l_type=F_WRLCK, l_whence=SEEK_SET, l_start=1073741826, l_len=510}) = 0
fcntl(6, F_SETLK, {l_type=F_RDLCK, l_whence=SEEK_SET, l_start=1073741826, l_len=510}) = 0
fcntl(6, F_SETLK, {l_type=F_UNLCK, l_whence=SEEK_SET, l_start=1073741824, l_len=2}) = 0
fcntl(6, F_SETLK, {l_type=F_UNLCK, l_whence=SEEK_SET, l_start=0, l_len=0}) = 0
fcntl(6, F_SETLK, {l_type=F_RDLCK, l_whence=SEEK_SET, l_start=1073741824, l_len=1}) = 0
fcntl(6, F_SETLK, {l_type=F_RDLCK, l_whence=SEEK_SET, l_start=1073741826, l_len=510}) = 0
fcntl(6, F_SETLK, {l_type=F_UNLCK, l_whence=SEEK_SET, l_start=1073741824, l_len=1}) = 0
stat("/home/xolra0d/.cargo/.global-cache-journal", 0x7ffda6d4a570) = -1 ENOENT (No such file or directory)
pread64(6, "\0\0.\260\0\0\0p\0\0\0005\0\0\0\21", 16, 24) = 16
stat("/home/xolra0d/.cargo/.global-cache-wal", 0x7ffda6d4a540) = -1 ENOENT (No such file or directory)
fstat(6, {st_mode=S_IFREG|0644, st_size=458752, ...}) = 0
pread64(6, "\n\0\0\0\2\17\267\0\17\334\17\267\0\0\0\0\0\0\0\0\0\0\0\0\0\0\0\0\0\0\0\0"..., 4096, 8192) = 4096
pread64(6, "\r\0\0\0\2\17\254\0\17\326\17\254\0\0\0\0\0\0\0\0\0\0\0\0\0\0\0\0\0\0\0\0"..., 4096, 4096) = 4096
fcntl(6, F_SETLK, {l_type=F_WRLCK, l_whence=SEEK_SET, l_start=1073741825, l_len=1}) = 0
stat("/home/xolra0d/.cargo/.global-cache", {st_mode=S_IFREG|0644, st_size=458752, ...}) = 0
getpid()                                = 1064834
stat("/home/xolra0d/.cargo/.global-cache", {st_mode=S_IFREG|0644, st_size=458752, ...}) = 0
openat(AT_FDCWD, "/home/xolra0d/.cargo/.global-cache-journal", O_RDWR|O_CREAT|O_NOFOLLOW|O_CLOEXEC, 0644) = 7
fstat(7, {st_mode=S_IFREG|0644, st_size=0, ...}) = 0
geteuid()                               = 1000
pwrite64(7, "\0\0\0\0\0\0\0\0\0\0\0\0M\2001t\0\0\0p\0\0\2\0\0\0\20\0\0\0\0\0"..., 512, 0) = 512
pwrite64(7, "\0\0\0\2", 4, 512)         = 4
pwrite64(7, "\r\0\0\0\2\17\254\0\17\326\17\254\0\0\0\0\0\0\0\0\0\0\0\0\0\0\0\0\0\0\0\0"..., 4096, 516) = 4096
pwrite64(7, "M\2001t", 4, 4612)         = 4
fcntl(6, F_SETLK, {l_type=F_WRLCK, l_whence=SEEK_SET, l_start=1073741824, l_len=1}) = 0
fcntl(6, F_SETLK, {l_type=F_WRLCK, l_whence=SEEK_SET, l_start=1073741826, l_len=510}) = 0
pwrite64(7, "\0\0\0\1", 4, 4616)        = 4
pwrite64(7, "SQLite format 3\0\20\0\1\1\0@  \0\0.\260\0\0\0p"..., 4096, 4620) = 4096
pwrite64(7, "M\2003\327", 4, 8716)      = 4
pread64(7, "", 8, 9216)                 = 0
fsync(7)                                = 0
openat(AT_FDCWD, "/home/xolra0d/.cargo", O_RDONLY|O_CLOEXEC) = 8
fsync(8)                                = 0
close(8)                                = 0
pwrite64(7, "\331\325\5\371 \241c\327\0\0\0\2", 12, 0) = 12
fsync(7)                                = 0
pwrite64(6, "SQLite format 3\0\20\0\1\1\0@  \0\0.\261\0\0\0p"..., 4096, 0) = 4096
pwrite64(6, "\r\0\0\0\2\17\254\0\17\326\17\254\0\0\0\0\0\0\0\0\0\0\0\0\0\0\0\0\0\0\0\0"..., 4096, 4096) = 4096
fsync(6)                                = 0
close(7)                                = 0
unlink("/home/xolra0d/.cargo/.global-cache-journal") = 0
fcntl(6, F_SETLK, {l_type=F_RDLCK, l_whence=SEEK_SET, l_start=1073741826, l_len=510}) = 0
fcntl(6, F_SETLK, {l_type=F_UNLCK, l_whence=SEEK_SET, l_start=1073741824, l_len=2}) = 0
fcntl(6, F_SETLK, {l_type=F_UNLCK, l_whence=SEEK_SET, l_start=0, l_len=0}) = 0
flock(3, LOCK_UN)                       = 0
close(3)                                = 0
openat(AT_FDCWD, "/home/xolra0d/dev/databases/touchhouse/Cargo.lock", O_RDONLY|O_CLOEXEC) = 3
statfs("/home/xolra0d/dev/databases/touchhouse/Cargo.lock", {f_type=BTRFS_SUPER_MAGIC, f_bsize=4096, f_blocks=165429248, f_bfree=50111579, f_bavail=49671627, f_files=0, f_ffree=0, f_fsid={val=[0x57730a96, 0xa2cc1a53]}, f_namelen=255, f_frsize=4096, f_flags=ST_VALID|ST_RELATIME}) = 0
flock(3, LOCK_SH|LOCK_NB)               = 0
read(3, "# This file is automatically @ge", 32) = 32
read(3, "nerated by Cargo.\n# It is not in", 32) = 32
read(3, "tended for manual editing.\nversi"..., 64) = 64
read(3, "2line\"\nversion = \"0.25.1\"\nsource"..., 128) = 128
read(3, "3bd7c774a838b8220fe0593c86d9fb09"..., 256) = 256
read(3, "fa\"\n\n[[package]]\nname = \"aho-cor"..., 512) = 512
read(3, "orchoice\",\n \"is_terminal_polyfil"..., 1024) = 1024
read(3, "on = \"1.5.0\"\nsource = \"registry+"..., 2048) = 2048
read(3, "source = \"registry+https://githu"..., 4096) = 4096
read(3, "ebc3f97d39e72338912123a67330d723"..., 8192) = 8192
read(3, "e-atomic-util\"\nversion = \"0.2.4\""..., 16384) = 16384
read(3, "x\"\nchecksum = \"c1dc67659d35f387f"..., 32768) = 2510
read(3, "", 30258)                      = 0
flock(3, LOCK_UN)                       = 0
close(3)                                = 0
openat(AT_FDCWD, "/home/xolra0d/.cargo/.package-cache", O_RDWR|O_CREAT|O_CLOEXEC, 0666) = 3
statfs("/home/xolra0d/.cargo/.package-cache", {f_type=BTRFS_SUPER_MAGIC, f_bsize=4096, f_blocks=165429248, f_bfree=50111579, f_bavail=49671627, f_files=0, f_ffree=0, f_fsid={val=[0x57730a96, 0xa2cc1a53]}, f_namelen=255, f_frsize=4096, f_flags=ST_VALID|ST_RELATIME}) = 0
flock(3, LOCK_EX|LOCK_NB)               = 0
statx(AT_FDCWD, "/home/xolra0d/.nvm/versions/node/v24.12.0/bin/rustc", AT_STATX_SYNC_AS_STAT, STATX_ALL, 0x7ffda6d4ab90) = -1 ENOENT (No such file or directory)
statx(AT_FDCWD, "/home/xolra0d/.duckdb/cli/latest/rustc", AT_STATX_SYNC_AS_STAT, STATX_ALL, 0x7ffda6d4ab90) = -1 ENOENT (No such file or directory)
statx(AT_FDCWD, "/home/xolra0d/.local/share/solana/install/active_release/bin/rustc", AT_STATX_SYNC_AS_STAT, STATX_ALL, 0x7ffda6d4ab90) = -1 ENOENT (No such file or directory)
statx(AT_FDCWD, "/home/xolra0d/.local/bin/rustc", AT_STATX_SYNC_AS_STAT, STATX_ALL, 0x7ffda6d4ab90) = -1 ENOENT (No such file or directory)
statx(AT_FDCWD, "/usr/bin/rustc", AT_STATX_SYNC_AS_STAT, STATX_ALL, {stx_mask=STATX_ALL|STATX_MNT_ID|STATX_SUBVOL, stx_attributes=0, stx_mode=S_IFREG|0755, stx_size=12086344, ...}) = 0
statx(AT_FDCWD, "/home/xolra0d/.nvm/versions/node/v24.12.0/bin/rustup", AT_STATX_SYNC_AS_STAT, STATX_ALL, 0x7ffda6d4ab90) = -1 ENOENT (No such file or directory)
statx(AT_FDCWD, "/home/xolra0d/.duckdb/cli/latest/rustup", AT_STATX_SYNC_AS_STAT, STATX_ALL, 0x7ffda6d4ab90) = -1 ENOENT (No such file or directory)
statx(AT_FDCWD, "/home/xolra0d/.local/share/solana/install/active_release/bin/rustup", AT_STATX_SYNC_AS_STAT, STATX_ALL, 0x7ffda6d4ab90) = -1 ENOENT (No such file or directory)
statx(AT_FDCWD, "/home/xolra0d/.local/bin/rustup", AT_STATX_SYNC_AS_STAT, STATX_ALL, 0x7ffda6d4ab90) = -1 ENOENT (No such file or directory)
statx(AT_FDCWD, "/usr/bin/rustup", AT_STATX_SYNC_AS_STAT, STATX_ALL, {stx_mask=STATX_ALL|STATX_MNT_ID|STATX_SUBVOL, stx_attributes=0, stx_mode=S_IFREG|0755, stx_size=12086344, ...}) = 0
statx(AT_FDCWD, "/usr/bin/rustc", AT_STATX_SYNC_AS_STAT, STATX_ALL, {stx_mask=STATX_ALL|STATX_MNT_ID|STATX_SUBVOL, stx_attributes=0, stx_mode=S_IFREG|0755, stx_size=12086344, ...}) = 0
statx(AT_FDCWD, "/usr/bin/rustup", AT_STATX_SYNC_AS_STAT, STATX_ALL, {stx_mask=STATX_ALL|STATX_MNT_ID|STATX_SUBVOL, stx_attributes=0, stx_mode=S_IFREG|0755, stx_size=12086344, ...}) = 0
getcwd("/home/xolra0d/dev/databases/touchhouse", 512) = 39
statx(AT_FDCWD, "/home/xolra0d/.rustup/toolchains/stable-x86_64-unknown-linux-gnu/bin/rustc", AT_STATX_SYNC_AS_STAT, STATX_ALL, {stx_mask=STATX_ALL|STATX_MNT_ID|STATX_SUBVOL, stx_attributes=0, stx_mode=S_IFREG|0755, stx_size=654904, ...}) = 0
statx(AT_FDCWD, "/home/xolra0d/.rustup/toolchains/stable-x86_64-unknown-linux-gnu/bin/rustc", AT_STATX_SYNC_AS_STAT, STATX_ALL, {stx_mask=STATX_ALL|STATX_MNT_ID|STATX_SUBVOL, stx_attributes=0, stx_mode=S_IFREG|0755, stx_size=654904, ...}) = 0
statx(AT_FDCWD, "/home/xolra0d/.rustup/toolchains/stable-x86_64-unknown-linux-gnu/bin/rustc", AT_STATX_SYNC_AS_STAT, STATX_ALL, {stx_mask=STATX_ALL|STATX_MNT_ID|STATX_SUBVOL, stx_attributes=0, stx_mode=S_IFREG|0755, stx_size=654904, ...}) = 0
openat(AT_FDCWD, "/home/xolra0d/dev/databases/touchhouse/target/.rustc_info.json", O_RDONLY|O_CLOEXEC) = 7
statx(7, "", AT_STATX_SYNC_AS_STAT|AT_EMPTY_PATH, STATX_ALL, {stx_mask=STATX_ALL|STATX_MNT_ID|STATX_SUBVOL, stx_attributes=0, stx_mode=S_IFREG|0644, stx_size=1728, ...}) = 0
read(7, "{\"rustc_fingerprint\":11666309488"..., 1728) = 1728
read(7, "", 32)                         = 0
close(7)                                = 0
brk(0x557067732000)                     = 0x557067732000
brk(0x557067753000)                     = 0x557067753000
brk(0x557067774000)                     = 0x557067774000
brk(0x55706779a000)                     = 0x55706779a000
flock(3, LOCK_UN)                       = 0
close(3)                                = 0
socketpair(AF_UNIX, SOCK_STREAM|SOCK_CLOEXEC|SOCK_NONBLOCK, 0, [3, 7]) = 0
openat(AT_FDCWD, "/home/xolra0d/.cargo/.package-cache", O_RDWR|O_CREAT|O_CLOEXEC, 0666) = 8
statfs("/home/xolra0d/.cargo/.package-cache", {f_type=BTRFS_SUPER_MAGIC, f_bsize=4096, f_blocks=165429248, f_bfree=50111579, f_bavail=49671627, f_files=0, f_ffree=0, f_fsid={val=[0x57730a96, 0xa2cc1a53]}, f_namelen=255, f_frsize=4096, f_flags=ST_VALID|ST_RELATIME}) = 0
flock(8, LOCK_EX|LOCK_NB)               = 0
ioctl(2, TIOCGWINSZ, {ws_row=33, ws_col=60, ws_xpixel=600, ws_ypixel=726}) = 0
openat(AT_FDCWD, "/home/xolra0d/.cargo/registry/index/index.crates.io-1949cf8c6b5b557f/config.json", O_RDONLY|O_CLOEXEC) = 9
statx(9, "", AT_STATX_SYNC_AS_STAT|AT_EMPTY_PATH, STATX_ALL, {stx_mask=STATX_ALL|STATX_MNT_ID|STATX_SUBVOL, stx_attributes=0, stx_mode=S_IFREG|0644, stx_size=76, ...}) = 0
read(9, "{\n  \"dl\": \"https://static.crates"..., 76) = 76
read(9, "", 32)                         = 0
close(9)                                = 0
openat(AT_FDCWD, "/home/xolra0d/.cargo/registry/cache/index.crates.io-1949cf8c6b5b557f/aho-corasick-1.1.3.crate", O_RDONLY|O_CLOEXEC) = 9
statx(9, "", AT_STATX_SYNC_AS_STAT|AT_EMPTY_PATH, STATX_ALL, {stx_mask=STATX_ALL|STATX_MNT_ID|STATX_SUBVOL, stx_attributes=0, stx_mode=S_IFREG|0644, stx_size=183311, ...}) = 0
openat(AT_FDCWD, "/home/xolra0d/.cargo/registry/src/index.crates.io-1949cf8c6b5b557f/aho-corasick-1.1.3/.cargo-ok", O_RDONLY|O_CLOEXEC) = 10
statx(10, "", AT_STATX_SYNC_AS_STAT|AT_EMPTY_PATH, STATX_ALL, {stx_mask=STATX_ALL|STATX_MNT_ID|STATX_SUBVOL, stx_attributes=0, stx_mode=S_IFREG|0644, stx_size=7, ...}) = 0
read(10, "{\"v\":1}", 7)                = 7
read(10, "", 32)                        = 0
close(10)                               = 0
openat(AT_FDCWD, "/home/xolra0d/.cargo/registry/src/index.crates.io-1949cf8c6b5b557f/aho-corasick-1.1.3/Cargo.toml", O_RDONLY|O_CLOEXEC) = 10
statx(10, "", AT_STATX_SYNC_AS_STAT|AT_EMPTY_PATH, STATX_ALL, {stx_mask=STATX_ALL|STATX_MNT_ID|STATX_SUBVOL, stx_attributes=0, stx_mode=S_IFREG|0644, stx_size=1562, ...}) = 0
read(10, "# THIS FILE IS AUTOMATICALLY GEN"..., 1562) = 1562
read(10, "", 32)                        = 0
close(10)                               = 0
statx(AT_FDCWD, "/home/xolra0d/.cargo/registry/src/index.crates.io-1949cf8c6b5b557f/aho-corasick-1.1.3/build.rs", AT_STATX_SYNC_AS_STAT, STATX_ALL, 0x7ffda6d44840) = -1 ENOENT (No such file or directory)
statx(AT_FDCWD, "/home/xolra0d/.cargo/registry/src/index.crates.io-1949cf8c6b5b557f/aho-corasick-1.1.3/src/lib.rs", AT_STATX_SYNC_AS_STAT, STATX_ALL, {stx_mask=STATX_ALL|STATX_MNT_ID|STATX_SUBVOL, stx_attributes=0, stx_mode=S_IFREG|0644, stx_size=11900, ...}) = 0
statx(AT_FDCWD, "/home/xolra0d/.cargo/registry/src/index.crates.io-1949cf8c6b5b557f/aho-corasick-1.1.3/src/main.rs", AT_STATX_SYNC_AS_STAT, STATX_ALL, 0x7ffda6d44920) = -1 ENOENT (No such file or directory)
openat(AT_FDCWD, "/home/xolra0d/.cargo/registry/src/index.crates.io-1949cf8c6b5b557f/aho-corasick-1.1.3/src/bin", O_RDONLY|O_NONBLOCK|O_CLOEXEC|O_DIRECTORY) = -1 ENOENT (No such file or directory)
openat(AT_FDCWD, "/home/xolra0d/.cargo/registry/src/index.crates.io-1949cf8c6b5b557f/aho-corasick-1.1.3/examples", O_RDONLY|O_NONBLOCK|O_CLOEXEC|O_DIRECTORY) = -1 ENOENT (No such file or directory)
openat(AT_FDCWD, "/home/xolra0d/.cargo/registry/src/index.crates.io-1949cf8c6b5b557f/aho-corasick-1.1.3/benches", O_RDONLY|O_NONBLOCK|O_CLOEXEC|O_DIRECTORY) = -1 ENOENT (No such file or directory)
statx(AT_FDCWD, "/home/xolra0d/.cargo/registry/src/index.crates.io-1949cf8c6b5b557f/aho-corasick-1.1.3", AT_STATX_SYNC_AS_STAT, STATX_ALL, {stx_mask=STATX_ALL|STATX_MNT_ID|STATX_SUBVOL, stx_attributes=0, stx_mode=S_IFDIR|0755, stx_size=270, ...}) = 0
close(9)                                = 0
openat(AT_FDCWD, "/home/xolra0d/.cargo/registry/cache/index.crates.io-1949cf8c6b5b557f/anstream-0.6.21.crate", O_RDONLY|O_CLOEXEC) = 9
statx(9, "", AT_STATX_SYNC_AS_STAT|AT_EMPTY_PATH, STATX_ALL, {stx_mask=STATX_ALL|STATX_MNT_ID|STATX_SUBVOL, stx_attributes=0, stx_mode=S_IFREG|0644, stx_size=29516, ...}) = 0
openat(AT_FDCWD, "/home/xolra0d/.cargo/registry/src/index.crates.io-1949cf8c6b5b557f/anstream-0.6.21/.cargo-ok", O_RDONLY|O_CLOEXEC) = 10
statx(10, "", AT_STATX_SYNC_AS_STAT|AT_EMPTY_PATH, STATX_ALL, {stx_mask=STATX_ALL|STATX_MNT_ID|STATX_SUBVOL, stx_attributes=0, stx_mode=S_IFREG|0644, stx_size=7, ...}) = 0
read(10, "{\"v\":1}", 7)                = 7
read(10, "", 32)                        = 0
close(10)                               = 0
openat(AT_FDCWD, "/home/xolra0d/.cargo/registry/src/index.crates.io-1949cf8c6b5b557f/anstream-0.6.21/Cargo.toml", O_RDONLY|O_CLOEXEC) = 10
statx(10, "", AT_STATX_SYNC_AS_STAT|AT_EMPTY_PATH, STATX_ALL, {stx_mask=STATX_ALL|STATX_MNT_ID|STATX_SUBVOL, stx_attributes=0, stx_mode=S_IFREG|0644, stx_size=5027, ...}) = 0
read(10, "# THIS FILE IS AUTOMATICALLY GEN"..., 5027) = 5027
read(10, "", 32)                        = 0
close(10)                               = 0
statx(AT_FDCWD, "/home/xolra0d/.cargo/registry/src/index.crates.io-1949cf8c6b5b557f/anstream-0.6.21", AT_STATX_SYNC_AS_STAT, STATX_ALL, {stx_mask=STATX_ALL|STATX_MNT_ID|STATX_SUBVOL, stx_attributes=0, stx_mode=S_IFDIR|0755, stx_size=218, ...}) = 0
close(9)                                = 0
openat(AT_FDCWD, "/home/xolra0d/.cargo/registry/cache/index.crates.io-1949cf8c6b5b557f/anstyle-1.0.13.crate", O_RDONLY|O_CLOEXEC) = 9
statx(9, "", AT_STATX_SYNC_AS_STAT|AT_EMPTY_PATH, STATX_ALL, {stx_mask=STATX_ALL|STATX_MNT_ID|STATX_SUBVOL, stx_attributes=0, stx_mode=S_IFREG|0644, stx_size=17651, ...}) = 0
openat(AT_FDCWD, "/home/xolra0d/.cargo/registry/src/index.crates.io-1949cf8c6b5b557f/anstyle-1.0.13/.cargo-ok", O_RDONLY|O_CLOEXEC) = 10
statx(10, "", AT_STATX_SYNC_AS_STAT|AT_EMPTY_PATH, STATX_ALL, {stx_mask=STATX_ALL|STATX_MNT_ID|STATX_SUBVOL, stx_attributes=0, stx_mode=S_IFREG|0644, stx_size=7, ...}) = 0
read(10, "{\"v\":1}", 7)                = 7
read(10, "", 32)                        = 0
close(10)                               = 0
openat(AT_FDCWD, "/home/xolra0d/.cargo/registry/src/index.crates.io-1949cf8c6b5b557f/anstyle-1.0.13/Cargo.toml", O_RDONLY|O_CLOEXEC) = 10
statx(10, "", AT_STATX_SYNC_AS_STAT|AT_EMPTY_PATH, STATX_ALL, {stx_mask=STATX_ALL|STATX_MNT_ID|STATX_SUBVOL, stx_attributes=0, stx_mode=S_IFREG|0644, stx_size=4190, ...}) = 0
read(10, "# THIS FILE IS AUTOMATICALLY GEN"..., 4190) = 4190
read(10, "", 32)                        = 0
close(10)                               = 0
statx(AT_FDCWD, "/home/xolra0d/.cargo/registry/src/index.crates.io-1949cf8c6b5b557f/anstyle-1.0.13", AT_STATX_SYNC_AS_STAT, STATX_ALL, {stx_mask=STATX_ALL|STATX_MNT_ID|STATX_SUBVOL, stx_attributes=0, stx_mode=S_IFDIR|0755, stx_size=218, ...}) = 0
close(9)                                = 0
openat(AT_FDCWD, "/home/xolra0d/.cargo/registry/cache/index.crates.io-1949cf8c6b5b557f/anstyle-parse-0.2.7.crate", O_RDONLY|O_CLOEXEC) = 9
statx(9, "", AT_STATX_SYNC_AS_STAT|AT_EMPTY_PATH, STATX_ALL, {stx_mask=STATX_ALL|STATX_MNT_ID|STATX_SUBVOL, stx_attributes=0, stx_mode=S_IFREG|0644, stx_size=21707, ...}) = 0
openat(AT_FDCWD, "/home/xolra0d/.cargo/registry/src/index.crates.io-1949cf8c6b5b557f/anstyle-parse-0.2.7/.cargo-ok", O_RDONLY|O_CLOEXEC) = 10
statx(10, "", AT_STATX_SYNC_AS_STAT|AT_EMPTY_PATH, STATX_ALL, {stx_mask=STATX_ALL|STATX_MNT_ID|STATX_SUBVOL, stx_attributes=0, stx_mode=S_IFREG|0644, stx_size=7, ...}) = 0
read(10, "{\"v\":1}", 7)                = 7
read(10, "", 32)                        = 0
close(10)                               = 0
openat(AT_FDCWD, "/home/xolra0d/.cargo/registry/src/index.crates.io-1949cf8c6b5b557f/anstyle-parse-0.2.7/Cargo.toml", O_RDONLY|O_CLOEXEC) = 10
statx(10, "", AT_STATX_SYNC_AS_STAT|AT_EMPTY_PATH, STATX_ALL, {stx_mask=STATX_ALL|STATX_MNT_ID|STATX_SUBVOL, stx_attributes=0, stx_mode=S_IFREG|0644, stx_size=4545, ...}) = 0
read(10, "# THIS FILE IS AUTOMATICALLY GEN"..., 4545) = 4545
read(10, "", 32)                        = 0
close(10)                               = 0
statx(AT_FDCWD, "/home/xolra0d/.cargo/registry/src/index.crates.io-1949cf8c6b5b557f/anstyle-parse-0.2.7", AT_STATX_SYNC_AS_STAT, STATX_ALL, {stx_mask=STATX_ALL|STATX_MNT_ID|STATX_SUBVOL, stx_attributes=0, stx_mode=S_IFDIR|0755, stx_size=218, ...}) = 0
close(9)                                = 0
openat(AT_FDCWD, "/home/xolra0d/.cargo/registry/cache/index.crates.io-1949cf8c6b5b557f/anstyle-query-1.1.4.crate", O_RDONLY|O_CLOEXEC) = 9
statx(9, "", AT_STATX_SYNC_AS_STAT|AT_EMPTY_PATH, STATX_ALL, {stx_mask=STATX_ALL|STATX_MNT_ID|STATX_SUBVOL, stx_attributes=0, stx_mode=S_IFREG|0644, stx_size=10192, ...}) = 0
openat(AT_FDCWD, "/home/xolra0d/.cargo/registry/src/index.crates.io-1949cf8c6b5b557f/anstyle-query-1.1.4/.cargo-ok", O_RDONLY|O_CLOEXEC) = 10
statx(10, "", AT_STATX_SYNC_AS_STAT|AT_EMPTY_PATH, STATX_ALL, {stx_mask=STATX_ALL|STATX_MNT_ID|STATX_SUBVOL, stx_attributes=0, stx_mode=S_IFREG|0644, stx_size=7, ...}) = 0
read(10, "{\"v\":1}", 7)                = 7
read(10, "", 32)                        = 0
close(10)                               = 0
openat(AT_FDCWD, "/home/xolra0d/.cargo/registry/src/index.crates.io-1949cf8c6b5b557f/anstyle-query-1.1.4/Cargo.toml", O_RDONLY|O_CLOEXEC) = 10
statx(10, "", AT_STATX_SYNC_AS_STAT|AT_EMPTY_PATH, STATX_ALL, {stx_mask=STATX_ALL|STATX_MNT_ID|STATX_SUBVOL, stx_attributes=0, stx_mode=S_IFREG|0644, stx_size=4201, ...}) = 0
read(10, "# THIS FILE IS AUTOMATICALLY GEN"..., 4201) = 4201
read(10, "", 32)                        = 0
close(10)                               = 0
statx(AT_FDCWD, "/home/xolra0d/.cargo/registry/src/index.crates.io-1949cf8c6b5b557f/anstyle-query-1.1.4", AT_STATX_SYNC_AS_STAT, STATX_ALL, {stx_mask=STATX_ALL|STATX_MNT_ID|STATX_SUBVOL, stx_attributes=0, stx_mode=S_IFDIR|0755, stx_size=218, ...}) = 0
close(9)                                = 0
openat(AT_FDCWD, "/home/xolra0d/.cargo/registry/cache/index.crates.io-1949cf8c6b5b557f/autocfg-1.5.0.crate", O_RDONLY|O_CLOEXEC) = 9
statx(9, "", AT_STATX_SYNC_AS_STAT|AT_EMPTY_PATH, STATX_ALL, {stx_mask=STATX_ALL|STATX_MNT_ID|STATX_SUBVOL, stx_attributes=0, stx_mode=S_IFREG|0644, stx_size=18729, ...}) = 0
openat(AT_FDCWD, "/home/xolra0d/.cargo/registry/src/index.crates.io-1949cf8c6b5b557f/autocfg-1.5.0/.cargo-ok", O_RDONLY|O_CLOEXEC) = 10
statx(10, "", AT_STATX_SYNC_AS_STAT|AT_EMPTY_PATH, STATX_ALL, {stx_mask=STATX_ALL|STATX_MNT_ID|STATX_SUBVOL, stx_attributes=0, stx_mode=S_IFREG|0644, stx_size=7, ...}) = 0
read(10, "{\"v\":1}", 7)                = 7
read(10, "", 32)                        = 0
close(10)                               = 0
openat(AT_FDCWD, "/home/xolra0d/.cargo/registry/src/index.crates.io-1949cf8c6b5b557f/autocfg-1.5.0/Cargo.toml", O_RDONLY|O_CLOEXEC) = 10
statx(10, "", AT_STATX_SYNC_AS_STAT|AT_EMPTY_PATH, STATX_ALL, {stx_mask=STATX_ALL|STATX_MNT_ID|STATX_SUBVOL, stx_attributes=0, stx_mode=S_IFREG|0644, stx_size=1581, ...}) = 0
read(10, "# THIS FILE IS AUTOMATICALLY GEN"..., 1581) = 1581
read(10, "", 32)                        = 0
close(10)                               = 0
statx(AT_FDCWD, "/home/xolra0d/.cargo/registry/src/index.crates.io-1949cf8c6b5b557f/autocfg-1.5.0", AT_STATX_SYNC_AS_STAT, STATX_ALL, {stx_mask=STATX_ALL|STATX_MNT_ID|STATX_SUBVOL, stx_attributes=0, stx_mode=S_IFDIR|0755, stx_size=248, ...}) = 0
close(9)                                = 0
openat(AT_FDCWD, "/home/xolra0d/.cargo/registry/cache/index.crates.io-1949cf8c6b5b557f/bytecheck-0.8.2.crate", O_RDONLY|O_CLOEXEC) = 9
statx(9, "", AT_STATX_SYNC_AS_STAT|AT_EMPTY_PATH, STATX_ALL, {stx_mask=STATX_ALL|STATX_MNT_ID|STATX_SUBVOL, stx_attributes=0, stx_mode=S_IFREG|0644, stx_size=12642, ...}) = 0
openat(AT_FDCWD, "/home/xolra0d/.cargo/registry/src/index.crates.io-1949cf8c6b5b557f/bytecheck-0.8.2/.cargo-ok", O_RDONLY|O_CLOEXEC) = 10
statx(10, "", AT_STATX_SYNC_AS_STAT|AT_EMPTY_PATH, STATX_ALL, {stx_mask=STATX_ALL|STATX_MNT_ID|STATX_SUBVOL, stx_attributes=0, stx_mode=S_IFREG|0644, stx_size=7, ...}) = 0
read(10, "{\"v\":1}", 7)                = 7
read(10, "", 32)                        = 0
close(10)                               = 0
openat(AT_FDCWD, "/home/xolra0d/.cargo/registry/src/index.crates.io-1949cf8c6b5b557f/bytecheck-0.8.2/Cargo.toml", O_RDONLY|O_CLOEXEC) = 10
statx(10, "", AT_STATX_SYNC_AS_STAT|AT_EMPTY_PATH, STATX_ALL, {stx_mask=STATX_ALL|STATX_MNT_ID|STATX_SUBVOL, stx_attributes=0, stx_mode=S_IFREG|0644, stx_size=1496, ...}) = 0
read(10, "# THIS FILE IS AUTOMATICALLY GEN"..., 1496) = 1496
read(10, "", 32)                        = 0
close(10)                               = 0
statx(AT_FDCWD, "/home/xolra0d/.cargo/registry/src/index.crates.io-1949cf8c6b5b557f/bytecheck-0.8.2", AT_STATX_SYNC_AS_STAT, STATX_ALL, {stx_mask=STATX_ALL|STATX_MNT_ID|STATX_SUBVOL, stx_attributes=0, stx_mode=S_IFDIR|0755, stx_size=186, ...}) = 0
close(9)                                = 0
openat(AT_FDCWD, "/home/xolra0d/.cargo/registry/cache/index.crates.io-1949cf8c6b5b557f/bytecheck_derive-0.8.2.crate", O_RDONLY|O_CLOEXEC) = 9
statx(9, "", AT_STATX_SYNC_AS_STAT|AT_EMPTY_PATH, STATX_ALL, {stx_mask=STATX_ALL|STATX_MNT_ID|STATX_SUBVOL, stx_attributes=0, stx_mode=S_IFREG|0644, stx_size=8933, ...}) = 0
openat(AT_FDCWD, "/home/xolra0d/.cargo/registry/src/index.crates.io-1949cf8c6b5b557f/bytecheck_derive-0.8.2/.cargo-ok", O_RDONLY|O_CLOEXEC) = 10
statx(10, "", AT_STATX_SYNC_AS_STAT|AT_EMPTY_PATH, STATX_ALL, {stx_mask=STATX_ALL|STATX_MNT_ID|STATX_SUBVOL, stx_attributes=0, stx_mode=S_IFREG|0644, stx_size=7, ...}) = 0
read(10, "{\"v\":1}", 7)                = 7
read(10, "", 32)                        = 0
close(10)                               = 0
openat(AT_FDCWD, "/home/xolra0d/.cargo/registry/src/index.crates.io-1949cf8c6b5b557f/bytecheck_derive-0.8.2/Cargo.toml", O_RDONLY|O_CLOEXEC) = 10
statx(10, "", AT_STATX_SYNC_AS_STAT|AT_EMPTY_PATH, STATX_ALL, {stx_mask=STATX_ALL|STATX_MNT_ID|STATX_SUBVOL, stx_attributes=0, stx_mode=S_IFREG|0644, stx_size=1402, ...}) = 0
read(10, "# THIS FILE IS AUTOMATICALLY GEN"..., 1402) = 1402
read(10, "", 32)                        = 0
close(10)                               = 0
statx(AT_FDCWD, "/home/xolra0d/.cargo/registry/src/index.crates.io-1949cf8c6b5b557f/bytecheck_derive-0.8.2", AT_STATX_SYNC_AS_STAT, STATX_ALL, {stx_mask=STATX_ALL|STATX_MNT_ID|STATX_SUBVOL, stx_attributes=0, stx_mode=S_IFDIR|0755, stx_size=166, ...}) = 0
close(9)                                = 0
openat(AT_FDCWD, "/home/xolra0d/.cargo/registry/cache/index.crates.io-1949cf8c6b5b557f/byteorder-1.5.0.crate", O_RDONLY|O_CLOEXEC) = 9
statx(9, "", AT_STATX_SYNC_AS_STAT|AT_EMPTY_PATH, STATX_ALL, {stx_mask=STATX_ALL|STATX_MNT_ID|STATX_SUBVOL, stx_attributes=0, stx_mode=S_IFREG|0644, stx_size=23288, ...}) = 0
openat(AT_FDCWD, "/home/xolra0d/.cargo/registry/src/index.crates.io-1949cf8c6b5b557f/byteorder-1.5.0/.cargo-ok", O_RDONLY|O_CLOEXEC) = 10
statx(10, "", AT_STATX_SYNC_AS_STAT|AT_EMPTY_PATH, STATX_ALL, {stx_mask=STATX_ALL|STATX_MNT_ID|STATX_SUBVOL, stx_attributes=0, stx_mode=S_IFREG|0644, stx_size=7, ...}) = 0
read(10, "{\"v\":1}", 7)                = 7
read(10, "", 32)                        = 0
close(10)                               = 0
openat(AT_FDCWD, "/home/xolra0d/.cargo/registry/src/index.crates.io-1949cf8c6b5b557f/byteorder-1.5.0/Cargo.toml", O_RDONLY|O_CLOEXEC) = 10
statx(10, "", AT_STATX_SYNC_AS_STAT|AT_EMPTY_PATH, STATX_ALL, {stx_mask=STATX_ALL|STATX_MNT_ID|STATX_SUBVOL, stx_attributes=0, stx_mode=S_IFREG|0644, stx_size=1280, ...}) = 0
read(10, "# THIS FILE IS AUTOMATICALLY GEN"..., 1280) = 1280
read(10, "", 32)                        = 0
close(10)                               = 0
statx(AT_FDCWD, "/home/xolra0d/.cargo/registry/src/index.crates.io-1949cf8c6b5b557f/byteorder-1.5.0/build.rs", AT_STATX_SYNC_AS_STAT, STATX_ALL, 0x7ffda6d44840) = -1 ENOENT (No such file or directory)
statx(AT_FDCWD, "/home/xolra0d/.cargo/registry/src/index.crates.io-1949cf8c6b5b557f/byteorder-1.5.0/src/lib.rs", AT_STATX_SYNC_AS_STAT, STATX_ALL, {stx_mask=STATX_ALL|STATX_MNT_ID|STATX_SUBVOL, stx_attributes=0, stx_mode=S_IFREG|0644, stx_size=106597, ...}) = 0
statx(AT_FDCWD, "/home/xolra0d/.cargo/registry/src/index.crates.io-1949cf8c6b5b557f/byteorder-1.5.0/src/main.rs", AT_STATX_SYNC_AS_STAT, STATX_ALL, 0x7ffda6d44920) = -1 ENOENT (No such file or directory)
openat(AT_FDCWD, "/home/xolra0d/.cargo/registry/src/index.crates.io-1949cf8c6b5b557f/byteorder-1.5.0/src/bin", O_RDONLY|O_NONBLOCK|O_CLOEXEC|O_DIRECTORY) = -1 ENOENT (No such file or directory)
openat(AT_FDCWD, "/home/xolra0d/.cargo/registry/src/index.crates.io-1949cf8c6b5b557f/byteorder-1.5.0/examples", O_RDONLY|O_NONBLOCK|O_CLOEXEC|O_DIRECTORY) = -1 ENOENT (No such file or directory)
openat(AT_FDCWD, "/home/xolra0d/.cargo/registry/src/index.crates.io-1949cf8c6b5b557f/byteorder-1.5.0/tests", O_RDONLY|O_NONBLOCK|O_CLOEXEC|O_DIRECTORY) = -1 ENOENT (No such file or directory)
openat(AT_FDCWD, "/home/xolra0d/.cargo/registry/src/index.crates.io-1949cf8c6b5b557f/byteorder-1.5.0/benches", O_RDONLY|O_NONBLOCK|O_CLOEXEC|O_DIRECTORY) = 10
fstat(10, {st_mode=S_IFDIR|0755, st_size=16, ...}) = 0
getdents64(10, 0x557066cabfe0 /* 3 entries */, 32768) = 80
getdents64(10, 0x557066cabfe0 /* 0 entries */, 32768) = 0
close(10)                               = 0
statx(AT_FDCWD, "/home/xolra0d/.cargo/registry/src/index.crates.io-1949cf8c6b5b557f/byteorder-1.5.0", AT_STATX_SYNC_AS_STAT, STATX_ALL, {stx_mask=STATX_ALL|STATX_MNT_ID|STATX_SUBVOL, stx_attributes=0, stx_mode=S_IFDIR|0755, stx_size=282, ...}) = 0
close(9)                                = 0
openat(AT_FDCWD, "/home/xolra0d/.cargo/registry/cache/index.crates.io-1949cf8c6b5b557f/bytes-1.10.1.crate", O_RDONLY|O_CLOEXEC) = 9
statx(9, "", AT_STATX_SYNC_AS_STAT|AT_EMPTY_PATH, STATX_ALL, {stx_mask=STATX_ALL|STATX_MNT_ID|STATX_SUBVOL, stx_attributes=0, stx_mode=S_IFREG|0644, stx_size=76779, ...}) = 0
openat(AT_FDCWD, "/home/xolra0d/.cargo/registry/src/index.crates.io-1949cf8c6b5b557f/bytes-1.10.1/.cargo-ok", O_RDONLY|O_CLOEXEC) = 10
statx(10, "", AT_STATX_SYNC_AS_STAT|AT_EMPTY_PATH, STATX_ALL, {stx_mask=STATX_ALL|STATX_MNT_ID|STATX_SUBVOL, stx_attributes=0, stx_mode=S_IFREG|0644, stx_size=7, ...}) = 0
read(10, "{\"v\":1}", 7)                = 7
read(10, "", 32)                        = 0
close(10)                               = 0
openat(AT_FDCWD, "/home/xolra0d/.cargo/registry/src/index.crates.io-1949cf8c6b5b557f/bytes-1.10.1/Cargo.toml", O_RDONLY|O_CLOEXEC) = 10
statx(10, "", AT_STATX_SYNC_AS_STAT|AT_EMPTY_PATH, STATX_ALL, {stx_mask=STATX_ALL|STATX_MNT_ID|STATX_SUBVOL, stx_attributes=0, stx_mode=S_IFREG|0644, stx_size=2459, ...}) = 0
read(10, "# THIS FILE IS AUTOMATICALLY GEN"..., 2459) = 2459
read(10, "", 32)                        = 0
close(10)                               = 0
statx(AT_FDCWD, "/home/xolra0d/.cargo/registry/src/index.crates.io-1949cf8c6b5b557f/bytes-1.10.1", AT_STATX_SYNC_AS_STAT, STATX_ALL, {stx_mask=STATX_ALL|STATX_MNT_ID|STATX_SUBVOL, stx_attributes=0, stx_mode=S_IFDIR|0755, stx_size=296, ...}) = 0
close(9)                                = 0
openat(AT_FDCWD, "/home/xolra0d/.cargo/registry/cache/index.crates.io-1949cf8c6b5b557f/cc-1.2.41.crate", O_RDONLY|O_CLOEXEC) = 9
statx(9, "", AT_STATX_SYNC_AS_STAT|AT_EMPTY_PATH, STATX_ALL, {stx_mask=STATX_ALL|STATX_MNT_ID|STATX_SUBVOL, stx_attributes=0, stx_mode=S_IFREG|0644, stx_size=91154, ...}) = 0
openat(AT_FDCWD, "/home/xolra0d/.cargo/registry/src/index.crates.io-1949cf8c6b5b557f/cc-1.2.41/.cargo-ok", O_RDONLY|O_CLOEXEC) = 10
statx(10, "", AT_STATX_SYNC_AS_STAT|AT_EMPTY_PATH, STATX_ALL, {stx_mask=STATX_ALL|STATX_MNT_ID|STATX_SUBVOL, stx_attributes=0, stx_mode=S_IFREG|0644, stx_size=7, ...}) = 0
read(10, "{\"v\":1}", 7)                = 7
read(10, "", 32)                        = 0
close(10)                               = 0
openat(AT_FDCWD, "/home/xolra0d/.cargo/registry/src/index.crates.io-1949cf8c6b5b557f/cc-1.2.41/Cargo.toml", O_RDONLY|O_CLOEXEC) = 10
statx(10, "", AT_STATX_SYNC_AS_STAT|AT_EMPTY_PATH, STATX_ALL, {stx_mask=STATX_ALL|STATX_MNT_ID|STATX_SUBVOL, stx_attributes=0, stx_mode=S_IFREG|0644, stx_size=1805, ...}) = 0
read(10, "# THIS FILE IS AUTOMATICALLY GEN"..., 1805) = 1805
read(10, "", 32)                        = 0
close(10)                               = 0
statx(AT_FDCWD, "/home/xolra0d/.cargo/registry/src/index.crates.io-1949cf8c6b5b557f/cc-1.2.41", AT_STATX_SYNC_AS_STAT, STATX_ALL, {stx_mask=STATX_ALL|STATX_MNT_ID|STATX_SUBVOL, stx_attributes=0, stx_mode=S_IFDIR|0755, stx_size=268, ...}) = 0
close(9)                                = 0
openat(AT_FDCWD, "/home/xolra0d/.cargo/registry/cache/index.crates.io-1949cf8c6b5b557f/cfg-if-1.0.3.crate", O_RDONLY|O_CLOEXEC) = 9
statx(9, "", AT_STATX_SYNC_AS_STAT|AT_EMPTY_PATH, STATX_ALL, {stx_mask=STATX_ALL|STATX_MNT_ID|STATX_SUBVOL, stx_attributes=0, stx_mode=S_IFREG|0644, stx_size=8719, ...}) = 0
openat(AT_FDCWD, "/home/xolra0d/.cargo/registry/src/index.crates.io-1949cf8c6b5b557f/cfg-if-1.0.3/.cargo-ok", O_RDONLY|O_CLOEXEC) = 10
statx(10, "", AT_STATX_SYNC_AS_STAT|AT_EMPTY_PATH, STATX_ALL, {stx_mask=STATX_ALL|STATX_MNT_ID|STATX_SUBVOL, stx_attributes=0, stx_mode=S_IFREG|0644, stx_size=7, ...}) = 0
read(10, "{\"v\":1}", 7)                = 7
read(10, "", 32)                        = 0
close(10)                               = 0
openat(AT_FDCWD, "/home/xolra0d/.cargo/registry/src/index.crates.io-1949cf8c6b5b557f/cfg-if-1.0.3/Cargo.toml", O_RDONLY|O_CLOEXEC) = 10
statx(10, "", AT_STATX_SYNC_AS_STAT|AT_EMPTY_PATH, STATX_ALL, {stx_mask=STATX_ALL|STATX_MNT_ID|STATX_SUBVOL, stx_attributes=0, stx_mode=S_IFREG|0644, stx_size=1217, ...}) = 0
read(10, "# THIS FILE IS AUTOMATICALLY GEN"..., 1217) = 1217
read(10, "", 32)                        = 0
close(10)                               = 0
statx(AT_FDCWD, "/home/xolra0d/.cargo/registry/src/index.crates.io-1949cf8c6b5b557f/cfg-if-1.0.3", AT_STATX_SYNC_AS_STAT, STATX_ALL, {stx_mask=STATX_ALL|STATX_MNT_ID|STATX_SUBVOL, stx_attributes=0, stx_mode=S_IFDIR|0755, stx_size=270, ...}) = 0
close(9)                                = 0
openat(AT_FDCWD, "/home/xolra0d/.cargo/registry/cache/index.crates.io-1949cf8c6b5b557f/colorchoice-1.0.4.crate", O_RDONLY|O_CLOEXEC) = 9
statx(9, "", AT_STATX_SYNC_AS_STAT|AT_EMPTY_PATH, STATX_ALL, {stx_mask=STATX_ALL|STATX_MNT_ID|STATX_SUBVOL, stx_attributes=0, stx_mode=S_IFREG|0644, stx_size=8196, ...}) = 0
openat(AT_FDCWD, "/home/xolra0d/.cargo/registry/src/index.crates.io-1949cf8c6b5b557f/colorchoice-1.0.4/.cargo-ok", O_RDONLY|O_CLOEXEC) = 10
statx(10, "", AT_STATX_SYNC_AS_STAT|AT_EMPTY_PATH, STATX_ALL, {stx_mask=STATX_ALL|STATX_MNT_ID|STATX_SUBVOL, stx_attributes=0, stx_mode=S_IFREG|0644, stx_size=7, ...}) = 0
read(10, "{\"v\":1}", 7)                = 7
read(10, "", 32)                        = 0
close(10)                               = 0
openat(AT_FDCWD, "/home/xolra0d/.cargo/registry/src/index.crates.io-1949cf8c6b5b557f/colorchoice-1.0.4/Cargo.toml", O_RDONLY|O_CLOEXEC) = 10
statx(10, "", AT_STATX_SYNC_AS_STAT|AT_EMPTY_PATH, STATX_ALL, {stx_mask=STATX_ALL|STATX_MNT_ID|STATX_SUBVOL, stx_attributes=0, stx_mode=S_IFREG|0644, stx_size=4002, ...}) = 0
read(10, "# THIS FILE IS AUTOMATICALLY GEN"..., 4002) = 4002
read(10, "", 32)                        = 0
close(10)                               = 0
statx(AT_FDCWD, "/home/xolra0d/.cargo/registry/src/index.crates.io-1949cf8c6b5b557f/colorchoice-1.0.4", AT_STATX_SYNC_AS_STAT, STATX_ALL, {stx_mask=STATX_ALL|STATX_MNT_ID|STATX_SUBVOL, stx_attributes=0, stx_mode=S_IFDIR|0755, stx_size=202, ...}) = 0
close(9)                                = 0
openat(AT_FDCWD, "/home/xolra0d/.cargo/registry/cache/index.crates.io-1949cf8c6b5b557f/crc32fast-1.5.0.crate", O_RDONLY|O_CLOEXEC) = 9
statx(9, "", AT_STATX_SYNC_AS_STAT|AT_EMPTY_PATH, STATX_ALL, {stx_mask=STATX_ALL|STATX_MNT_ID|STATX_SUBVOL, stx_attributes=0, stx_mode=S_IFREG|0644, stx_size=40723, ...}) = 0
openat(AT_FDCWD, "/home/xolra0d/.cargo/registry/src/index.crates.io-1949cf8c6b5b557f/crc32fast-1.5.0/.cargo-ok", O_RDONLY|O_CLOEXEC) = 10
statx(10, "", AT_STATX_SYNC_AS_STAT|AT_EMPTY_PATH, STATX_ALL, {stx_mask=STATX_ALL|STATX_MNT_ID|STATX_SUBVOL, stx_attributes=0, stx_mode=S_IFREG|0644, stx_size=7, ...}) = 0
read(10, "{\"v\":1}", 7)                = 7
read(10, "", 32)                        = 0
close(10)                               = 0
openat(AT_FDCWD, "/home/xolra0d/.cargo/registry/src/index.crates.io-1949cf8c6b5b557f/crc32fast-1.5.0/Cargo.toml", O_RDONLY|O_CLOEXEC) = 10
statx(10, "", AT_STATX_SYNC_AS_STAT|AT_EMPTY_PATH, STATX_ALL, {stx_mask=STATX_ALL|STATX_MNT_ID|STATX_SUBVOL, stx_attributes=0, stx_mode=S_IFREG|0644, stx_size=1424, ...}) = 0
read(10, "# THIS FILE IS AUTOMATICALLY GEN"..., 1424) = 1424
read(10, "", 32)                        = 0
close(10)                               = 0
statx(AT_FDCWD, "/home/xolra0d/.cargo/registry/src/index.crates.io-1949cf8c6b5b557f/crc32fast-1.5.0", AT_STATX_SYNC_AS_STAT, STATX_ALL, {stx_mask=STATX_ALL|STATX_MNT_ID|STATX_SUBVOL, stx_attributes=0, stx_mode=S_IFDIR|0755, stx_size=266, ...}) = 0
close(9)                                = 0
openat(AT_FDCWD, "/home/xolra0d/.cargo/registry/cache/index.crates.io-1949cf8c6b5b557f/crossbeam-deque-0.8.6.crate", O_RDONLY|O_CLOEXEC) = 9
statx(9, "", AT_STATX_SYNC_AS_STAT|AT_EMPTY_PATH, STATX_ALL, {stx_mask=STATX_ALL|STATX_MNT_ID|STATX_SUBVOL, stx_attributes=0, stx_mode=S_IFREG|0644, stx_size=22471, ...}) = 0
openat(AT_FDCWD, "/home/xolra0d/.cargo/registry/src/index.crates.io-1949cf8c6b5b557f/crossbeam-deque-0.8.6/.cargo-ok", O_RDONLY|O_CLOEXEC) = 10
statx(10, "", AT_STATX_SYNC_AS_STAT|AT_EMPTY_PATH, STATX_ALL, {stx_mask=STATX_ALL|STATX_MNT_ID|STATX_SUBVOL, stx_attributes=0, stx_mode=S_IFREG|0644, stx_size=7, ...}) = 0
read(10, "{\"v\":1}", 7)                = 7
read(10, "", 32)                        = 0
close(10)                               = 0
openat(AT_FDCWD, "/home/xolra0d/.cargo/registry/src/index.crates.io-1949cf8c6b5b557f/crossbeam-deque-0.8.6/Cargo.toml", O_RDONLY|O_CLOEXEC) = 10
statx(10, "", AT_STATX_SYNC_AS_STAT|AT_EMPTY_PATH, STATX_ALL, {stx_mask=STATX_ALL|STATX_MNT_ID|STATX_SUBVOL, stx_attributes=0, stx_mode=S_IFREG|0644, stx_size=1875, ...}) = 0
read(10, "# THIS FILE IS AUTOMATICALLY GEN"..., 1875) = 1875
read(10, "", 32)                        = 0
close(10)                               = 0
statx(AT_FDCWD, "/home/xolra0d/.cargo/registry/src/index.crates.io-1949cf8c6b5b557f/crossbeam-deque-0.8.6", AT_STATX_SYNC_AS_STAT, STATX_ALL, {stx_mask=STATX_ALL|STATX_MNT_ID|STATX_SUBVOL, stx_attributes=0, stx_mode=S_IFDIR|0755, stx_size=216, ...}) = 0
close(9)                                = 0
openat(AT_FDCWD, "/home/xolra0d/.cargo/registry/cache/index.crates.io-1949cf8c6b5b557f/crossbeam-epoch-0.9.18.crate", O_RDONLY|O_CLOEXEC) = 9
statx(9, "", AT_STATX_SYNC_AS_STAT|AT_EMPTY_PATH, STATX_ALL, {stx_mask=STATX_ALL|STATX_MNT_ID|STATX_SUBVOL, stx_attributes=0, stx_mode=S_IFREG|0644, stx_size=46875, ...}) = 0
openat(AT_FDCWD, "/home/xolra0d/.cargo/registry/src/index.crates.io-1949cf8c6b5b557f/crossbeam-epoch-0.9.18/.cargo-ok", O_RDONLY|O_CLOEXEC) = 10
statx(10, "", AT_STATX_SYNC_AS_STAT|AT_EMPTY_PATH, STATX_ALL, {stx_mask=STATX_ALL|STATX_MNT_ID|STATX_SUBVOL, stx_attributes=0, stx_mode=S_IFREG|0644, stx_size=7, ...}) = 0
read(10, "{\"v\":1}", 7)                = 7
read(10, "", 32)                        = 0
close(10)                               = 0
openat(AT_FDCWD, "/home/xolra0d/.cargo/registry/src/index.crates.io-1949cf8c6b5b557f/crossbeam-epoch-0.9.18/Cargo.toml", O_RDONLY|O_CLOEXEC) = 10
statx(10, "", AT_STATX_SYNC_AS_STAT|AT_EMPTY_PATH, STATX_ALL, {stx_mask=STATX_ALL|STATX_MNT_ID|STATX_SUBVOL, stx_attributes=0, stx_mode=S_IFREG|0644, stx_size=1355, ...}) = 0
read(10, "# THIS FILE IS AUTOMATICALLY GEN"..., 1355) = 1355
read(10, "", 32)                        = 0
close(10)                               = 0
brk(0x5570677bd000)                     = 0x5570677bd000
statx(AT_FDCWD, "/home/xolra0d/.cargo/registry/src/index.crates.io-1949cf8c6b5b557f/crossbeam-epoch-0.9.18/build.rs", AT_STATX_SYNC_AS_STAT, STATX_ALL, 0x7ffda6d44840) = -1 ENOENT (No such file or directory)
statx(AT_FDCWD, "/home/xolra0d/.cargo/registry/src/index.crates.io-1949cf8c6b5b557f/crossbeam-epoch-0.9.18/src/lib.rs", AT_STATX_SYNC_AS_STAT, STATX_ALL, {stx_mask=STATX_ALL|STATX_MNT_ID|STATX_SUBVOL, stx_attributes=0, stx_mode=S_IFREG|0644, stx_size=6539, ...}) = 0
statx(AT_FDCWD, "/home/xolra0d/.cargo/registry/src/index.crates.io-1949cf8c6b5b557f/crossbeam-epoch-0.9.18/src/main.rs", AT_STATX_SYNC_AS_STAT, STATX_ALL, 0x7ffda6d44920) = -1 ENOENT (No such file or directory)
openat(AT_FDCWD, "/home/xolra0d/.cargo/registry/src/index.crates.io-1949cf8c6b5b557f/crossbeam-epoch-0.9.18/src/bin", O_RDONLY|O_NONBLOCK|O_CLOEXEC|O_DIRECTORY) = -1 ENOENT (No such file or directory)
openat(AT_FDCWD, "/home/xolra0d/.cargo/registry/src/index.crates.io-1949cf8c6b5b557f/crossbeam-epoch-0.9.18/examples", O_RDONLY|O_NONBLOCK|O_CLOEXEC|O_DIRECTORY) = 10
fstat(10, {st_mode=S_IFDIR|0755, st_size=22, ...}) = 0
getdents64(10, 0x55706779e010 /* 3 entries */, 32768) = 80
getdents64(10, 0x55706779e010 /* 0 entries */, 32768) = 0
close(10)                               = 0
openat(AT_FDCWD, "/home/xolra0d/.cargo/registry/src/index.crates.io-1949cf8c6b5b557f/crossbeam-epoch-0.9.18/tests", O_RDONLY|O_NONBLOCK|O_CLOEXEC|O_DIRECTORY) = 10
fstat(10, {st_mode=S_IFDIR|0755, st_size=14, ...}) = 0
getdents64(10, 0x55706779e010 /* 3 entries */, 32768) = 80
getdents64(10, 0x55706779e010 /* 0 entries */, 32768) = 0
close(10)                               = 0
openat(AT_FDCWD, "/home/xolra0d/.cargo/registry/src/index.crates.io-1949cf8c6b5b557f/crossbeam-epoch-0.9.18/benches", O_RDONLY|O_NONBLOCK|O_CLOEXEC|O_DIRECTORY) = 10
fstat(10, {st_mode=S_IFDIR|0755, st_size=44, ...}) = 0
getdents64(10, 0x55706779e010 /* 5 entries */, 32768) = 144
getdents64(10, 0x55706779e010 /* 0 entries */, 32768) = 0
close(10)                               = 0
statx(AT_FDCWD, "/home/xolra0d/.cargo/registry/src/index.crates.io-1949cf8c6b5b557f/crossbeam-epoch-0.9.18", AT_STATX_SYNC_AS_STAT, STATX_ALL, {stx_mask=STATX_ALL|STATX_MNT_ID|STATX_SUBVOL, stx_attributes=0, stx_mode=S_IFDIR|0755, stx_size=266, ...}) = 0
close(9)                                = 0
openat(AT_FDCWD, "/home/xolra0d/.cargo/registry/cache/index.crates.io-1949cf8c6b5b557f/crossbeam-utils-0.8.21.crate", O_RDONLY|O_CLOEXEC) = 9
statx(9, "", AT_STATX_SYNC_AS_STAT|AT_EMPTY_PATH, STATX_ALL, {stx_mask=STATX_ALL|STATX_MNT_ID|STATX_SUBVOL, stx_attributes=0, stx_mode=S_IFREG|0644, stx_size=42691, ...}) = 0
openat(AT_FDCWD, "/home/xolra0d/.cargo/registry/src/index.crates.io-1949cf8c6b5b557f/crossbeam-utils-0.8.21/.cargo-ok", O_RDONLY|O_CLOEXEC) = 10
statx(10, "", AT_STATX_SYNC_AS_STAT|AT_EMPTY_PATH, STATX_ALL, {stx_mask=STATX_ALL|STATX_MNT_ID|STATX_SUBVOL, stx_attributes=0, stx_mode=S_IFREG|0644, stx_size=7, ...}) = 0
read(10, "{\"v\":1}", 7)                = 7
read(10, "", 32)                        = 0
close(10)                               = 0
openat(AT_FDCWD, "/home/xolra0d/.cargo/registry/src/index.crates.io-1949cf8c6b5b557f/crossbeam-utils-0.8.21/Cargo.toml", O_RDONLY|O_CLOEXEC) = 10
statx(10, "", AT_STATX_SYNC_AS_STAT|AT_EMPTY_PATH, STATX_ALL, {stx_mask=STATX_ALL|STATX_MNT_ID|STATX_SUBVOL, stx_attributes=0, stx_mode=S_IFREG|0644, stx_size=2007, ...}) = 0
read(10, "# THIS FILE IS AUTOMATICALLY GEN"..., 2007) = 2007
read(10, "", 32)                        = 0
close(10)                               = 0
statx(AT_FDCWD, "/home/xolra0d/.cargo/registry/src/index.crates.io-1949cf8c6b5b557f/crossbeam-utils-0.8.21", AT_STATX_SYNC_AS_STAT, STATX_ALL, {stx_mask=STATX_ALL|STATX_MNT_ID|STATX_SUBVOL, stx_attributes=0, stx_mode=S_IFDIR|0755, stx_size=300, ...}) = 0
close(9)                                = 0
openat(AT_FDCWD, "/home/xolra0d/.cargo/registry/cache/index.crates.io-1949cf8c6b5b557f/dashmap-6.1.0.crate", O_RDONLY|O_CLOEXEC) = 9
statx(9, "", AT_STATX_SYNC_AS_STAT|AT_EMPTY_PATH, STATX_ALL, {stx_mask=STATX_ALL|STATX_MNT_ID|STATX_SUBVOL, stx_attributes=0, stx_mode=S_IFREG|0644, stx_size=24828, ...}) = 0
openat(AT_FDCWD, "/home/xolra0d/.cargo/registry/src/index.crates.io-1949cf8c6b5b557f/dashmap-6.1.0/.cargo-ok", O_RDONLY|O_CLOEXEC) = 10
statx(10, "", AT_STATX_SYNC_AS_STAT|AT_EMPTY_PATH, STATX_ALL, {stx_mask=STATX_ALL|STATX_MNT_ID|STATX_SUBVOL, stx_attributes=0, stx_mode=S_IFREG|0644, stx_size=7, ...}) = 0
read(10, "{\"v\":1}", 7)                = 7
read(10, "", 32)                        = 0
close(10)                               = 0
openat(AT_FDCWD, "/home/xolra0d/.cargo/registry/src/index.crates.io-1949cf8c6b5b557f/dashmap-6.1.0/Cargo.toml", O_RDONLY|O_CLOEXEC) = 10
statx(10, "", AT_STATX_SYNC_AS_STAT|AT_EMPTY_PATH, STATX_ALL, {stx_mask=STATX_ALL|STATX_MNT_ID|STATX_SUBVOL, stx_attributes=0, stx_mode=S_IFREG|0644, stx_size=1747, ...}) = 0
read(10, "# THIS FILE IS AUTOMATICALLY GEN"..., 1747) = 1747
read(10, "", 32)                        = 0
close(10)                               = 0
brk(0x5570677df000)                     = 0x5570677df000
statx(AT_FDCWD, "/home/xolra0d/.cargo/registry/src/index.crates.io-1949cf8c6b5b557f/dashmap-6.1.0/build.rs", AT_STATX_SYNC_AS_STAT, STATX_ALL, 0x7ffda6d44840) = -1 ENOENT (No such file or directory)
statx(AT_FDCWD, "/home/xolra0d/.cargo/registry/src/index.crates.io-1949cf8c6b5b557f/dashmap-6.1.0/src/lib.rs", AT_STATX_SYNC_AS_STAT, STATX_ALL, {stx_mask=STATX_ALL|STATX_MNT_ID|STATX_SUBVOL, stx_attributes=0, stx_mode=S_IFREG|0644, stx_size=45531, ...}) = 0
statx(AT_FDCWD, "/home/xolra0d/.cargo/registry/src/index.crates.io-1949cf8c6b5b557f/dashmap-6.1.0/src/main.rs", AT_STATX_SYNC_AS_STAT, STATX_ALL, 0x7ffda6d44920) = -1 ENOENT (No such file or directory)
openat(AT_FDCWD, "/home/xolra0d/.cargo/registry/src/index.crates.io-1949cf8c6b5b557f/dashmap-6.1.0/src/bin", O_RDONLY|O_NONBLOCK|O_CLOEXEC|O_DIRECTORY) = -1 ENOENT (No such file or directory)
openat(AT_FDCWD, "/home/xolra0d/.cargo/registry/src/index.crates.io-1949cf8c6b5b557f/dashmap-6.1.0/examples", O_RDONLY|O_NONBLOCK|O_CLOEXEC|O_DIRECTORY) = -1 ENOENT (No such file or directory)
openat(AT_FDCWD, "/home/xolra0d/.cargo/registry/src/index.crates.io-1949cf8c6b5b557f/dashmap-6.1.0/tests", O_RDONLY|O_NONBLOCK|O_CLOEXEC|O_DIRECTORY) = -1 ENOENT (No such file or directory)
openat(AT_FDCWD, "/home/xolra0d/.cargo/registry/src/index.crates.io-1949cf8c6b5b557f/dashmap-6.1.0/benches", O_RDONLY|O_NONBLOCK|O_CLOEXEC|O_DIRECTORY) = -1 ENOENT (No such file or directory)
statx(AT_FDCWD, "/home/xolra0d/.cargo/registry/src/index.crates.io-1949cf8c6b5b557f/dashmap-6.1.0", AT_STATX_SYNC_AS_STAT, STATX_ALL, {stx_mask=STATX_ALL|STATX_MNT_ID|STATX_SUBVOL, stx_attributes=0, stx_mode=S_IFDIR|0755, stx_size=218, ...}) = 0
close(9)                                = 0
openat(AT_FDCWD, "/home/xolra0d/.cargo/registry/cache/index.crates.io-1949cf8c6b5b557f/derive_more-2.0.1.crate", O_RDONLY|O_CLOEXEC) = 9
statx(9, "", AT_STATX_SYNC_AS_STAT|AT_EMPTY_PATH, STATX_ALL, {stx_mask=STATX_ALL|STATX_MNT_ID|STATX_SUBVOL, stx_attributes=0, stx_mode=S_IFREG|0644, stx_size=70127, ...}) = 0
openat(AT_FDCWD, "/home/xolra0d/.cargo/registry/src/index.crates.io-1949cf8c6b5b557f/derive_more-2.0.1/.cargo-ok", O_RDONLY|O_CLOEXEC) = 10
statx(10, "", AT_STATX_SYNC_AS_STAT|AT_EMPTY_PATH, STATX_ALL, {stx_mask=STATX_ALL|STATX_MNT_ID|STATX_SUBVOL, stx_attributes=0, stx_mode=S_IFREG|0644, stx_size=7, ...}) = 0
read(10, "{\"v\":1}", 7)                = 7
read(10, "", 32)                        = 0
close(10)                               = 0
openat(AT_FDCWD, "/home/xolra0d/.cargo/registry/src/index.crates.io-1949cf8c6b5b557f/derive_more-2.0.1/Cargo.toml", O_RDONLY|O_CLOEXEC) = 10
statx(10, "", AT_STATX_SYNC_AS_STAT|AT_EMPTY_PATH, STATX_ALL, {stx_mask=STATX_ALL|STATX_MNT_ID|STATX_SUBVOL, stx_attributes=0, stx_mode=S_IFREG|0644, stx_size=6119, ...}) = 0
read(10, "# THIS FILE IS AUTOMATICALLY GEN"..., 6119) = 6119
read(10, "", 32)                        = 0
close(10)                               = 0
brk(0x557067807000)                     = 0x557067807000
statx(AT_FDCWD, "/home/xolra0d/.cargo/registry/src/index.crates.io-1949cf8c6b5b557f/derive_more-2.0.1", AT_STATX_SYNC_AS_STAT, STATX_ALL, {stx_mask=STATX_ALL|STATX_MNT_ID|STATX_SUBVOL, stx_attributes=0, stx_mode=S_IFDIR|0755, stx_size=216, ...}) = 0
close(9)                                = 0
openat(AT_FDCWD, "/home/xolra0d/.cargo/registry/cache/index.crates.io-1949cf8c6b5b557f/derive_more-impl-2.0.1.crate", O_RDONLY|O_CLOEXEC) = 9
statx(9, "", AT_STATX_SYNC_AS_STAT|AT_EMPTY_PATH, STATX_ALL, {stx_mask=STATX_ALL|STATX_MNT_ID|STATX_SUBVOL, stx_attributes=0, stx_mode=S_IFREG|0644, stx_size=78233, ...}) = 0
openat(AT_FDCWD, "/home/xolra0d/.cargo/registry/src/index.crates.io-1949cf8c6b5b557f/derive_more-impl-2.0.1/.cargo-ok", O_RDONLY|O_CLOEXEC) = 10
statx(10, "", AT_STATX_SYNC_AS_STAT|AT_EMPTY_PATH, STATX_ALL, {stx_mask=STATX_ALL|STATX_MNT_ID|STATX_SUBVOL, stx_attributes=0, stx_mode=S_IFREG|0644, stx_size=7, ...}) = 0
read(10, "{\"v\":1}", 7)                = 7
read(10, "", 32)                        = 0
close(10)                               = 0
openat(AT_FDCWD, "/home/xolra0d/.cargo/registry/src/index.crates.io-1949cf8c6b5b557f/derive_more-impl-2.0.1/Cargo.toml", O_RDONLY|O_CLOEXEC) = 10
statx(10, "", AT_STATX_SYNC_AS_STAT|AT_EMPTY_PATH, STATX_ALL, {stx_mask=STATX_ALL|STATX_MNT_ID|STATX_SUBVOL, stx_attributes=0, stx_mode=S_IFREG|0644, stx_size=2783, ...}) = 0
read(10, "# THIS FILE IS AUTOMATICALLY GEN"..., 2783) = 2783
read(10, "", 32)                        = 0
close(10)                               = 0
brk(0x557067830000)                     = 0x557067830000
statx(AT_FDCWD, "/home/xolra0d/.cargo/registry/src/index.crates.io-1949cf8c6b5b557f/derive_more-impl-2.0.1", AT_STATX_SYNC_AS_STAT, STATX_ALL, {stx_mask=STATX_ALL|STATX_MNT_ID|STATX_SUBVOL, stx_attributes=0, stx_mode=S_IFDIR|0755, stx_size=172, ...}) = 0
close(9)                                = 0
openat(AT_FDCWD, "/home/xolra0d/.cargo/registry/cache/index.crates.io-1949cf8c6b5b557f/either-1.15.0.crate", O_RDONLY|O_CLOEXEC) = 9
statx(9, "", AT_STATX_SYNC_AS_STAT|AT_EMPTY_PATH, STATX_ALL, {stx_mask=STATX_ALL|STATX_MNT_ID|STATX_SUBVOL, stx_attributes=0, stx_mode=S_IFREG|0644, stx_size=20114, ...}) = 0
openat(AT_FDCWD, "/home/xolra0d/.cargo/registry/src/index.crates.io-1949cf8c6b5b557f/either-1.15.0/.cargo-ok", O_RDONLY|O_CLOEXEC) = 10
statx(10, "", AT_STATX_SYNC_AS_STAT|AT_EMPTY_PATH, STATX_ALL, {stx_mask=STATX_ALL|STATX_MNT_ID|STATX_SUBVOL, stx_attributes=0, stx_mode=S_IFREG|0644, stx_size=7, ...}) = 0
read(10, "{\"v\":1}", 7)                = 7
read(10, "", 32)                        = 0
close(10)                               = 0
openat(AT_FDCWD, "/home/xolra0d/.cargo/registry/src/index.crates.io-1949cf8c6b5b557f/either-1.15.0/Cargo.toml", O_RDONLY|O_CLOEXEC) = 10
statx(10, "", AT_STATX_SYNC_AS_STAT|AT_EMPTY_PATH, STATX_ALL, {stx_mask=STATX_ALL|STATX_MNT_ID|STATX_SUBVOL, stx_attributes=0, stx_mode=S_IFREG|0644, stx_size=1525, ...}) = 0
read(10, "# THIS FILE IS AUTOMATICALLY GEN"..., 1525) = 1525
read(10, "", 32)                        = 0
close(10)                               = 0
statx(AT_FDCWD, "/home/xolra0d/.cargo/registry/src/index.crates.io-1949cf8c6b5b557f/either-1.15.0", AT_STATX_SYNC_AS_STAT, STATX_ALL, {stx_mask=STATX_ALL|STATX_MNT_ID|STATX_SUBVOL, stx_attributes=0, stx_mode=S_IFDIR|0755, stx_size=276, ...}) = 0
close(9)                                = 0
openat(AT_FDCWD, "/home/xolra0d/.cargo/registry/cache/index.crates.io-1949cf8c6b5b557f/env_filter-0.1.3.crate", O_RDONLY|O_CLOEXEC) = 9
statx(9, "", AT_STATX_SYNC_AS_STAT|AT_EMPTY_PATH, STATX_ALL, {stx_mask=STATX_ALL|STATX_MNT_ID|STATX_SUBVOL, stx_attributes=0, stx_mode=S_IFREG|0644, stx_size=15191, ...}) = 0
openat(AT_FDCWD, "/home/xolra0d/.cargo/registry/src/index.crates.io-1949cf8c6b5b557f/env_filter-0.1.3/.cargo-ok", O_RDONLY|O_CLOEXEC) = 10
statx(10, "", AT_STATX_SYNC_AS_STAT|AT_EMPTY_PATH, STATX_ALL, {stx_mask=STATX_ALL|STATX_MNT_ID|STATX_SUBVOL, stx_attributes=0, stx_mode=S_IFREG|0644, stx_size=7, ...}) = 0
read(10, "{\"v\":1}", 7)                = 7
read(10, "", 32)                        = 0
close(10)                               = 0
openat(AT_FDCWD, "/home/xolra0d/.cargo/registry/src/index.crates.io-1949cf8c6b5b557f/env_filter-0.1.3/Cargo.toml", O_RDONLY|O_CLOEXEC) = 10
statx(10, "", AT_STATX_SYNC_AS_STAT|AT_EMPTY_PATH, STATX_ALL, {stx_mask=STATX_ALL|STATX_MNT_ID|STATX_SUBVOL, stx_attributes=0, stx_mode=S_IFREG|0644, stx_size=4247, ...}) = 0
read(10, "# THIS FILE IS AUTOMATICALLY GEN"..., 4247) = 4247
read(10, "", 32)                        = 0
close(10)                               = 0
brk(0x557067854000)                     = 0x557067854000
statx(AT_FDCWD, "/home/xolra0d/.cargo/registry/src/index.crates.io-1949cf8c6b5b557f/env_filter-0.1.3", AT_STATX_SYNC_AS_STAT, STATX_ALL, {stx_mask=STATX_ALL|STATX_MNT_ID|STATX_SUBVOL, stx_attributes=0, stx_mode=S_IFDIR|0755, stx_size=202, ...}) = 0
close(9)                                = 0
openat(AT_FDCWD, "/home/xolra0d/.cargo/registry/cache/index.crates.io-1949cf8c6b5b557f/env_logger-0.11.8.crate", O_RDONLY|O_CLOEXEC) = 9
statx(9, "", AT_STATX_SYNC_AS_STAT|AT_EMPTY_PATH, STATX_ALL, {stx_mask=STATX_ALL|STATX_MNT_ID|STATX_SUBVOL, stx_attributes=0, stx_mode=S_IFREG|0644, stx_size=32538, ...}) = 0
openat(AT_FDCWD, "/home/xolra0d/.cargo/registry/src/index.crates.io-1949cf8c6b5b557f/env_logger-0.11.8/.cargo-ok", O_RDONLY|O_CLOEXEC) = 10
statx(10, "", AT_STATX_SYNC_AS_STAT|AT_EMPTY_PATH, STATX_ALL, {stx_mask=STATX_ALL|STATX_MNT_ID|STATX_SUBVOL, stx_attributes=0, stx_mode=S_IFREG|0644, stx_size=7, ...}) = 0
read(10, "{\"v\":1}", 7)                = 7
read(10, "", 32)                        = 0
close(10)                               = 0
openat(AT_FDCWD, "/home/xolra0d/.cargo/registry/src/index.crates.io-1949cf8c6b5b557f/env_logger-0.11.8/Cargo.toml", O_RDONLY|O_CLOEXEC) = 10
statx(10, "", AT_STATX_SYNC_AS_STAT|AT_EMPTY_PATH, STATX_ALL, {stx_mask=STATX_ALL|STATX_MNT_ID|STATX_SUBVOL, stx_attributes=0, stx_mode=S_IFREG|0644, stx_size=5567, ...}) = 0
read(10, "# THIS FILE IS AUTOMATICALLY GEN"..., 5567) = 5567
read(10, "", 32)                        = 0
close(10)                               = 0
brk(0x557067880000)                     = 0x557067880000
statx(AT_FDCWD, "/home/xolra0d/.cargo/registry/src/index.crates.io-1949cf8c6b5b557f/env_logger-0.11.8", AT_STATX_SYNC_AS_STAT, STATX_ALL, {stx_mask=STATX_ALL|STATX_MNT_ID|STATX_SUBVOL, stx_attributes=0, stx_mode=S_IFDIR|0755, stx_size=228, ...}) = 0
close(9)                                = 0
openat(AT_FDCWD, "/home/xolra0d/.cargo/registry/cache/index.crates.io-1949cf8c6b5b557f/equivalent-1.0.2.crate", O_RDONLY|O_CLOEXEC) = 9
statx(9, "", AT_STATX_SYNC_AS_STAT|AT_EMPTY_PATH, STATX_ALL, {stx_mask=STATX_ALL|STATX_MNT_ID|STATX_SUBVOL, stx_attributes=0, stx_mode=S_IFREG|0644, stx_size=7419, ...}) = 0
openat(AT_FDCWD, "/home/xolra0d/.cargo/registry/src/index.crates.io-1949cf8c6b5b557f/equivalent-1.0.2/.cargo-ok", O_RDONLY|O_CLOEXEC) = 10
statx(10, "", AT_STATX_SYNC_AS_STAT|AT_EMPTY_PATH, STATX_ALL, {stx_mask=STATX_ALL|STATX_MNT_ID|STATX_SUBVOL, stx_attributes=0, stx_mode=S_IFREG|0644, stx_size=7, ...}) = 0
read(10, "{\"v\":1}", 7)                = 7
read(10, "", 32)                        = 0
close(10)                               = 0
openat(AT_FDCWD, "/home/xolra0d/.cargo/registry/src/index.crates.io-1949cf8c6b5b557f/equivalent-1.0.2/Cargo.toml", O_RDONLY|O_CLOEXEC) = 10
statx(10, "", AT_STATX_SYNC_AS_STAT|AT_EMPTY_PATH, STATX_ALL, {stx_mask=STATX_ALL|STATX_MNT_ID|STATX_SUBVOL, stx_attributes=0, stx_mode=S_IFREG|0644, stx_size=946, ...}) = 0
read(10, "# THIS FILE IS AUTOMATICALLY GEN"..., 946) = 946
read(10, "", 32)                        = 0
close(10)                               = 0
statx(AT_FDCWD, "/home/xolra0d/.cargo/registry/src/index.crates.io-1949cf8c6b5b557f/equivalent-1.0.2", AT_STATX_SYNC_AS_STAT, STATX_ALL, {stx_mask=STATX_ALL|STATX_MNT_ID|STATX_SUBVOL, stx_attributes=0, stx_mode=S_IFDIR|0755, stx_size=236, ...}) = 0
close(9)                                = 0
openat(AT_FDCWD, "/home/xolra0d/.cargo/registry/cache/index.crates.io-1949cf8c6b5b557f/find-msvc-tools-0.1.4.crate", O_RDONLY|O_CLOEXEC) = 9
statx(9, "", AT_STATX_SYNC_AS_STAT|AT_EMPTY_PATH, STATX_ALL, {stx_mask=STATX_ALL|STATX_MNT_ID|STATX_SUBVOL, stx_attributes=0, stx_mode=S_IFREG|0644, stx_size=30817, ...}) = 0
openat(AT_FDCWD, "/home/xolra0d/.cargo/registry/src/index.crates.io-1949cf8c6b5b557f/find-msvc-tools-0.1.4/.cargo-ok", O_RDONLY|O_CLOEXEC) = 10
statx(10, "", AT_STATX_SYNC_AS_STAT|AT_EMPTY_PATH, STATX_ALL, {stx_mask=STATX_ALL|STATX_MNT_ID|STATX_SUBVOL, stx_attributes=0, stx_mode=S_IFREG|0644, stx_size=7, ...}) = 0
read(10, "{\"v\":1}", 7)                = 7
read(10, "", 32)                        = 0
close(10)                               = 0
openat(AT_FDCWD, "/home/xolra0d/.cargo/registry/src/index.crates.io-1949cf8c6b5b557f/find-msvc-tools-0.1.4/Cargo.toml", O_RDONLY|O_CLOEXEC) = 10
statx(10, "", AT_STATX_SYNC_AS_STAT|AT_EMPTY_PATH, STATX_ALL, {stx_mask=STATX_ALL|STATX_MNT_ID|STATX_SUBVOL, stx_attributes=0, stx_mode=S_IFREG|0644, stx_size=1175, ...}) = 0
read(10, "# THIS FILE IS AUTOMATICALLY GEN"..., 1175) = 1175
read(10, "", 32)                        = 0
close(10)                               = 0
statx(AT_FDCWD, "/home/xolra0d/.cargo/registry/src/index.crates.io-1949cf8c6b5b557f/find-msvc-tools-0.1.4", AT_STATX_SYNC_AS_STAT, STATX_ALL, {stx_mask=STATX_ALL|STATX_MNT_ID|STATX_SUBVOL, stx_attributes=0, stx_mode=S_IFDIR|0755, stx_size=226, ...}) = 0
close(9)                                = 0
openat(AT_FDCWD, "/home/xolra0d/.cargo/registry/cache/index.crates.io-1949cf8c6b5b557f/futures-0.3.31.crate", O_RDONLY|O_CLOEXEC) = 9
statx(9, "", AT_STATX_SYNC_AS_STAT|AT_EMPTY_PATH, STATX_ALL, {stx_mask=STATX_ALL|STATX_MNT_ID|STATX_SUBVOL, stx_attributes=0, stx_mode=S_IFREG|0644, stx_size=54953, ...}) = 0
openat(AT_FDCWD, "/home/xolra0d/.cargo/registry/src/index.crates.io-1949cf8c6b5b557f/futures-0.3.31/.cargo-ok", O_RDONLY|O_CLOEXEC) = 10
statx(10, "", AT_STATX_SYNC_AS_STAT|AT_EMPTY_PATH, STATX_ALL, {stx_mask=STATX_ALL|STATX_MNT_ID|STATX_SUBVOL, stx_attributes=0, stx_mode=S_IFREG|0644, stx_size=7, ...}) = 0
read(10, "{\"v\":1}", 7)                = 7
read(10, "", 32)                        = 0
close(10)                               = 0
openat(AT_FDCWD, "/home/xolra0d/.cargo/registry/src/index.crates.io-1949cf8c6b5b557f/futures-0.3.31/Cargo.toml", O_RDONLY|O_CLOEXEC) = 10
statx(10, "", AT_STATX_SYNC_AS_STAT|AT_EMPTY_PATH, STATX_ALL, {stx_mask=STATX_ALL|STATX_MNT_ID|STATX_SUBVOL, stx_attributes=0, stx_mode=S_IFREG|0644, stx_size=7092, ...}) = 0
read(10, "# THIS FILE IS AUTOMATICALLY GEN"..., 7092) = 7092
read(10, "", 32)                        = 0
close(10)                               = 0
brk(0x5570678b8000)                     = 0x5570678b8000
statx(AT_FDCWD, "/home/xolra0d/.cargo/registry/src/index.crates.io-1949cf8c6b5b557f/futures-0.3.31/src/lib.rs", AT_STATX_SYNC_AS_STAT, STATX_ALL, {stx_mask=STATX_ALL|STATX_MNT_ID|STATX_SUBVOL, stx_attributes=0, stx_mode=S_IFREG|0644, stx_size=9654, ...}) = 0
statx(AT_FDCWD, "/home/xolra0d/.cargo/registry/src/index.crates.io-1949cf8c6b5b557f/futures-0.3.31", AT_STATX_SYNC_AS_STAT, STATX_ALL, {stx_mask=STATX_ALL|STATX_MNT_ID|STATX_SUBVOL, stx_attributes=0, stx_mode=S_IFDIR|0755, stx_size=220, ...}) = 0
close(9)                                = 0
openat(AT_FDCWD, "/home/xolra0d/.cargo/registry/cache/index.crates.io-1949cf8c6b5b557f/futures-channel-0.3.31.crate", O_RDONLY|O_CLOEXEC) = 9
statx(9, "", AT_STATX_SYNC_AS_STAT|AT_EMPTY_PATH, STATX_ALL, {stx_mask=STATX_ALL|STATX_MNT_ID|STATX_SUBVOL, stx_attributes=0, stx_mode=S_IFREG|0644, stx_size=31971, ...}) = 0
openat(AT_FDCWD, "/home/xolra0d/.cargo/registry/src/index.crates.io-1949cf8c6b5b557f/futures-channel-0.3.31/.cargo-ok", O_RDONLY|O_CLOEXEC) = 10
statx(10, "", AT_STATX_SYNC_AS_STAT|AT_EMPTY_PATH, STATX_ALL, {stx_mask=STATX_ALL|STATX_MNT_ID|STATX_SUBVOL, stx_attributes=0, stx_mode=S_IFREG|0644, stx_size=7, ...}) = 0
read(10, "{\"v\":1}", 7)                = 7
read(10, "", 32)                        = 0
close(10)                               = 0
openat(AT_FDCWD, "/home/xolra0d/.cargo/registry/src/index.crates.io-1949cf8c6b5b557f/futures-channel-0.3.31/Cargo.toml", O_RDONLY|O_CLOEXEC) = 10
statx(10, "", AT_STATX_SYNC_AS_STAT|AT_EMPTY_PATH, STATX_ALL, {stx_mask=STATX_ALL|STATX_MNT_ID|STATX_SUBVOL, stx_attributes=0, stx_mode=S_IFREG|0644, stx_size=1959, ...}) = 0
read(10, "# THIS FILE IS AUTOMATICALLY GEN"..., 1959) = 1959
read(10, "", 32)                        = 0
close(10)                               = 0
statx(AT_FDCWD, "/home/xolra0d/.cargo/registry/src/index.crates.io-1949cf8c6b5b557f/futures-channel-0.3.31/src/lib.rs", AT_STATX_SYNC_AS_STAT, STATX_ALL, {stx_mask=STATX_ALL|STATX_MNT_ID|STATX_SUBVOL, stx_attributes=0, stx_mode=S_IFREG|0644, stx_size=1264, ...}) = 0
statx(AT_FDCWD, "/home/xolra0d/.cargo/registry/src/index.crates.io-1949cf8c6b5b557f/futures-channel-0.3.31", AT_STATX_SYNC_AS_STAT, STATX_ALL, {stx_mask=STATX_ALL|STATX_MNT_ID|STATX_SUBVOL, stx_attributes=0, stx_mode=S_IFDIR|0755, stx_size=206, ...}) = 0
close(9)                                = 0
openat(AT_FDCWD, "/home/xolra0d/.cargo/registry/cache/index.crates.io-1949cf8c6b5b557f/futures-core-0.3.31.crate", O_RDONLY|O_CLOEXEC) = 9
statx(9, "", AT_STATX_SYNC_AS_STAT|AT_EMPTY_PATH, STATX_ALL, {stx_mask=STATX_ALL|STATX_MNT_ID|STATX_SUBVOL, stx_attributes=0, stx_mode=S_IFREG|0644, stx_size=14318, ...}) = 0
openat(AT_FDCWD, "/home/xolra0d/.cargo/registry/src/index.crates.io-1949cf8c6b5b557f/futures-core-0.3.31/.cargo-ok", O_RDONLY|O_CLOEXEC) = 10
statx(10, "", AT_STATX_SYNC_AS_STAT|AT_EMPTY_PATH, STATX_ALL, {stx_mask=STATX_ALL|STATX_MNT_ID|STATX_SUBVOL, stx_attributes=0, stx_mode=S_IFREG|0644, stx_size=7, ...}) = 0
read(10, "{\"v\":1}", 7)                = 7
read(10, "", 32)                        = 0
close(10)                               = 0
openat(AT_FDCWD, "/home/xolra0d/.cargo/registry/src/index.crates.io-1949cf8c6b5b557f/futures-core-0.3.31/Cargo.toml", O_RDONLY|O_CLOEXEC) = 10
statx(10, "", AT_STATX_SYNC_AS_STAT|AT_EMPTY_PATH, STATX_ALL, {stx_mask=STATX_ALL|STATX_MNT_ID|STATX_SUBVOL, stx_attributes=0, stx_mode=S_IFREG|0644, stx_size=1491, ...}) = 0
read(10, "# THIS FILE IS AUTOMATICALLY GEN"..., 1491) = 1491
read(10, "", 32)                        = 0
close(10)                               = 0
statx(AT_FDCWD, "/home/xolra0d/.cargo/registry/src/index.crates.io-1949cf8c6b5b557f/futures-core-0.3.31/src/lib.rs", AT_STATX_SYNC_AS_STAT, STATX_ALL, {stx_mask=STATX_ALL|STATX_MNT_ID|STATX_SUBVOL, stx_attributes=0, stx_mode=S_IFREG|0644, stx_size=653, ...}) = 0
statx(AT_FDCWD, "/home/xolra0d/.cargo/registry/src/index.crates.io-1949cf8c6b5b557f/futures-core-0.3.31", AT_STATX_SYNC_AS_STAT, STATX_ALL, {stx_mask=STATX_ALL|STATX_MNT_ID|STATX_SUBVOL, stx_attributes=0, stx_mode=S_IFDIR|0755, stx_size=182, ...}) = 0
close(9)                                = 0
openat(AT_FDCWD, "/home/xolra0d/.cargo/registry/cache/index.crates.io-1949cf8c6b5b557f/futures-executor-0.3.31.crate", O_RDONLY|O_CLOEXEC) = 9
statx(9, "", AT_STATX_SYNC_AS_STAT|AT_EMPTY_PATH, STATX_ALL, {stx_mask=STATX_ALL|STATX_MNT_ID|STATX_SUBVOL, stx_attributes=0, stx_mode=S_IFREG|0644, stx_size=17965, ...}) = 0
openat(AT_FDCWD, "/home/xolra0d/.cargo/registry/src/index.crates.io-1949cf8c6b5b557f/futures-executor-0.3.31/.cargo-ok", O_RDONLY|O_CLOEXEC) = 10
statx(10, "", AT_STATX_SYNC_AS_STAT|AT_EMPTY_PATH, STATX_ALL, {stx_mask=STATX_ALL|STATX_MNT_ID|STATX_SUBVOL, stx_attributes=0, stx_mode=S_IFREG|0644, stx_size=7, ...}) = 0
read(10, "{\"v\":1}", 7)                = 7
read(10, "", 32)                        = 0
close(10)                               = 0
openat(AT_FDCWD, "/home/xolra0d/.cargo/registry/src/index.crates.io-1949cf8c6b5b557f/futures-executor-0.3.31/Cargo.toml", O_RDONLY|O_CLOEXEC) = 10
statx(10, "", AT_STATX_SYNC_AS_STAT|AT_EMPTY_PATH, STATX_ALL, {stx_mask=STATX_ALL|STATX_MNT_ID|STATX_SUBVOL, stx_attributes=0, stx_mode=S_IFREG|0644, stx_size=1857, ...}) = 0
read(10, "# THIS FILE IS AUTOMATICALLY GEN"..., 1857) = 1857
read(10, "", 32)                        = 0
close(10)                               = 0
brk(0x5570678dd000)                     = 0x5570678dd000
statx(AT_FDCWD, "/home/xolra0d/.cargo/registry/src/index.crates.io-1949cf8c6b5b557f/futures-executor-0.3.31/src/lib.rs", AT_STATX_SYNC_AS_STAT, STATX_ALL, {stx_mask=STATX_ALL|STATX_MNT_ID|STATX_SUBVOL, stx_attributes=0, stx_mode=S_IFREG|0644, stx_size=2753, ...}) = 0
statx(AT_FDCWD, "/home/xolra0d/.cargo/registry/src/index.crates.io-1949cf8c6b5b557f/futures-executor-0.3.31", AT_STATX_SYNC_AS_STAT, STATX_ALL, {stx_mask=STATX_ALL|STATX_MNT_ID|STATX_SUBVOL, stx_attributes=0, stx_mode=S_IFDIR|0755, stx_size=206, ...}) = 0
close(9)                                = 0
openat(AT_FDCWD, "/home/xolra0d/.cargo/registry/cache/index.crates.io-1949cf8c6b5b557f/futures-io-0.3.31.crate", O_RDONLY|O_CLOEXEC) = 9
statx(9, "", AT_STATX_SYNC_AS_STAT|AT_EMPTY_PATH, STATX_ALL, {stx_mask=STATX_ALL|STATX_MNT_ID|STATX_SUBVOL, stx_attributes=0, stx_mode=S_IFREG|0644, stx_size=9047, ...}) = 0
openat(AT_FDCWD, "/home/xolra0d/.cargo/registry/src/index.crates.io-1949cf8c6b5b557f/futures-io-0.3.31/.cargo-ok", O_RDONLY|O_CLOEXEC) = 10
statx(10, "", AT_STATX_SYNC_AS_STAT|AT_EMPTY_PATH, STATX_ALL, {stx_mask=STATX_ALL|STATX_MNT_ID|STATX_SUBVOL, stx_attributes=0, stx_mode=S_IFREG|0644, stx_size=7, ...}) = 0
read(10, "{\"v\":1}", 7)                = 7
read(10, "", 32)                        = 0
close(10)                               = 0
openat(AT_FDCWD, "/home/xolra0d/.cargo/registry/src/index.crates.io-1949cf8c6b5b557f/futures-io-0.3.31/Cargo.toml", O_RDONLY|O_CLOEXEC) = 10
statx(10, "", AT_STATX_SYNC_AS_STAT|AT_EMPTY_PATH, STATX_ALL, {stx_mask=STATX_ALL|STATX_MNT_ID|STATX_SUBVOL, stx_attributes=0, stx_mode=S_IFREG|0644, stx_size=1364, ...}) = 0
read(10, "# THIS FILE IS AUTOMATICALLY GEN"..., 1364) = 1364
read(10, "", 32)                        = 0
close(10)                               = 0
statx(AT_FDCWD, "/home/xolra0d/.cargo/registry/src/index.crates.io-1949cf8c6b5b557f/futures-io-0.3.31/src/lib.rs", AT_STATX_SYNC_AS_STAT, STATX_ALL, {stx_mask=STATX_ALL|STATX_MNT_ID|STATX_SUBVOL, stx_attributes=0, stx_mode=S_IFREG|0644, stx_size=20733, ...}) = 0
statx(AT_FDCWD, "/home/xolra0d/.cargo/registry/src/index.crates.io-1949cf8c6b5b557f/futures-io-0.3.31", AT_STATX_SYNC_AS_STAT, STATX_ALL, {stx_mask=STATX_ALL|STATX_MNT_ID|STATX_SUBVOL, stx_attributes=0, stx_mode=S_IFDIR|0755, stx_size=182, ...}) = 0
close(9)                                = 0
openat(AT_FDCWD, "/home/xolra0d/.cargo/registry/cache/index.crates.io-1949cf8c6b5b557f/futures-macro-0.3.31.crate", O_RDONLY|O_CLOEXEC) = 9
statx(9, "", AT_STATX_SYNC_AS_STAT|AT_EMPTY_PATH, STATX_ALL, {stx_mask=STATX_ALL|STATX_MNT_ID|STATX_SUBVOL, stx_attributes=0, stx_mode=S_IFREG|0644, stx_size=11341, ...}) = 0
openat(AT_FDCWD, "/home/xolra0d/.cargo/registry/src/index.crates.io-1949cf8c6b5b557f/futures-macro-0.3.31/.cargo-ok", O_RDONLY|O_CLOEXEC) = 10
statx(10, "", AT_STATX_SYNC_AS_STAT|AT_EMPTY_PATH, STATX_ALL, {stx_mask=STATX_ALL|STATX_MNT_ID|STATX_SUBVOL, stx_attributes=0, stx_mode=S_IFREG|0644, stx_size=7, ...}) = 0
read(10, "{\"v\":1}", 7)                = 7
read(10, "", 32)                        = 0
close(10)                               = 0
openat(AT_FDCWD, "/home/xolra0d/.cargo/registry/src/index.crates.io-1949cf8c6b5b557f/futures-macro-0.3.31/Cargo.toml", O_RDONLY|O_CLOEXEC) = 10
statx(10, "", AT_STATX_SYNC_AS_STAT|AT_EMPTY_PATH, STATX_ALL, {stx_mask=STATX_ALL|STATX_MNT_ID|STATX_SUBVOL, stx_attributes=0, stx_mode=S_IFREG|0644, stx_size=1326, ...}) = 0
read(10, "# THIS FILE IS AUTOMATICALLY GEN"..., 1326) = 1326
read(10, "", 32)                        = 0
close(10)                               = 0
statx(AT_FDCWD, "/home/xolra0d/.cargo/registry/src/index.crates.io-1949cf8c6b5b557f/futures-macro-0.3.31/src/lib.rs", AT_STATX_SYNC_AS_STAT, STATX_ALL, {stx_mask=STATX_ALL|STATX_MNT_ID|STATX_SUBVOL, stx_attributes=0, stx_mode=S_IFREG|0644, stx_size=1398, ...}) = 0
statx(AT_FDCWD, "/home/xolra0d/.cargo/registry/src/index.crates.io-1949cf8c6b5b557f/futures-macro-0.3.31", AT_STATX_SYNC_AS_STAT, STATX_ALL, {stx_mask=STATX_ALL|STATX_MNT_ID|STATX_SUBVOL, stx_attributes=0, stx_mode=S_IFDIR|0755, stx_size=164, ...}) = 0
close(9)                                = 0
openat(AT_FDCWD, "/home/xolra0d/.cargo/registry/cache/index.crates.io-1949cf8c6b5b557f/futures-sink-0.3.31.crate", O_RDONLY|O_CLOEXEC) = 9
statx(9, "", AT_STATX_SYNC_AS_STAT|AT_EMPTY_PATH, STATX_ALL, {stx_mask=STATX_ALL|STATX_MNT_ID|STATX_SUBVOL, stx_attributes=0, stx_mode=S_IFREG|0644, stx_size=7958, ...}) = 0
openat(AT_FDCWD, "/home/xolra0d/.cargo/registry/src/index.crates.io-1949cf8c6b5b557f/futures-sink-0.3.31/.cargo-ok", O_RDONLY|O_CLOEXEC) = 10
statx(10, "", AT_STATX_SYNC_AS_STAT|AT_EMPTY_PATH, STATX_ALL, {stx_mask=STATX_ALL|STATX_MNT_ID|STATX_SUBVOL, stx_attributes=0, stx_mode=S_IFREG|0644, stx_size=7, ...}) = 0
read(10, "{\"v\":1}", 7)                = 7
read(10, "", 32)                        = 0
close(10)                               = 0
openat(AT_FDCWD, "/home/xolra0d/.cargo/registry/src/index.crates.io-1949cf8c6b5b557f/futures-sink-0.3.31/Cargo.toml", O_RDONLY|O_CLOEXEC) = 10
statx(10, "", AT_STATX_SYNC_AS_STAT|AT_EMPTY_PATH, STATX_ALL, {stx_mask=STATX_ALL|STATX_MNT_ID|STATX_SUBVOL, stx_attributes=0, stx_mode=S_IFREG|0644, stx_size=1286, ...}) = 0
read(10, "# THIS FILE IS AUTOMATICALLY GEN"..., 1286) = 1286
read(10, "", 32)                        = 0
close(10)                               = 0
statx(AT_FDCWD, "/home/xolra0d/.cargo/registry/src/index.crates.io-1949cf8c6b5b557f/futures-sink-0.3.31/src/lib.rs", AT_STATX_SYNC_AS_STAT, STATX_ALL, {stx_mask=STATX_ALL|STATX_MNT_ID|STATX_SUBVOL, stx_attributes=0, stx_mode=S_IFREG|0644, stx_size=9125, ...}) = 0
statx(AT_FDCWD, "/home/xolra0d/.cargo/registry/src/index.crates.io-1949cf8c6b5b557f/futures-sink-0.3.31", AT_STATX_SYNC_AS_STAT, STATX_ALL, {stx_mask=STATX_ALL|STATX_MNT_ID|STATX_SUBVOL, stx_attributes=0, stx_mode=S_IFDIR|0755, stx_size=182, ...}) = 0
close(9)                                = 0
openat(AT_FDCWD, "/home/xolra0d/.cargo/registry/cache/index.crates.io-1949cf8c6b5b557f/futures-task-0.3.31.crate", O_RDONLY|O_CLOEXEC) = 9
statx(9, "", AT_STATX_SYNC_AS_STAT|AT_EMPTY_PATH, STATX_ALL, {stx_mask=STATX_ALL|STATX_MNT_ID|STATX_SUBVOL, stx_attributes=0, stx_mode=S_IFREG|0644, stx_size=11217, ...}) = 0
openat(AT_FDCWD, "/home/xolra0d/.cargo/registry/src/index.crates.io-1949cf8c6b5b557f/futures-task-0.3.31/.cargo-ok", O_RDONLY|O_CLOEXEC) = 10
statx(10, "", AT_STATX_SYNC_AS_STAT|AT_EMPTY_PATH, STATX_ALL, {stx_mask=STATX_ALL|STATX_MNT_ID|STATX_SUBVOL, stx_attributes=0, stx_mode=S_IFREG|0644, stx_size=7, ...}) = 0
read(10, "{\"v\":1}", 7)                = 7
read(10, "", 32)                        = 0
close(10)                               = 0
openat(AT_FDCWD, "/home/xolra0d/.cargo/registry/src/index.crates.io-1949cf8c6b5b557f/futures-task-0.3.31/Cargo.toml", O_RDONLY|O_CLOEXEC) = 10
statx(10, "", AT_STATX_SYNC_AS_STAT|AT_EMPTY_PATH, STATX_ALL, {stx_mask=STATX_ALL|STATX_MNT_ID|STATX_SUBVOL, stx_attributes=0, stx_mode=S_IFREG|0644, stx_size=1319, ...}) = 0
read(10, "# THIS FILE IS AUTOMATICALLY GEN"..., 1319) = 1319
read(10, "", 32)                        = 0
close(10)                               = 0
brk(0x557067902000)                     = 0x557067902000
statx(AT_FDCWD, "/home/xolra0d/.cargo/registry/src/index.crates.io-1949cf8c6b5b557f/futures-task-0.3.31/src/lib.rs", AT_STATX_SYNC_AS_STAT, STATX_ALL, {stx_mask=STATX_ALL|STATX_MNT_ID|STATX_SUBVOL, stx_attributes=0, stx_mode=S_IFREG|0644, stx_size=1403, ...}) = 0
statx(AT_FDCWD, "/home/xolra0d/.cargo/registry/src/index.crates.io-1949cf8c6b5b557f/futures-task-0.3.31", AT_STATX_SYNC_AS_STAT, STATX_ALL, {stx_mask=STATX_ALL|STATX_MNT_ID|STATX_SUBVOL, stx_attributes=0, stx_mode=S_IFDIR|0755, stx_size=182, ...}) = 0
close(9)                                = 0
openat(AT_FDCWD, "/home/xolra0d/.cargo/registry/cache/index.crates.io-1949cf8c6b5b557f/futures-util-0.3.31.crate", O_RDONLY|O_CLOEXEC) = 9
statx(9, "", AT_STATX_SYNC_AS_STAT|AT_EMPTY_PATH, STATX_ALL, {stx_mask=STATX_ALL|STATX_MNT_ID|STATX_SUBVOL, stx_attributes=0, stx_mode=S_IFREG|0644, stx_size=162124, ...}) = 0
openat(AT_FDCWD, "/home/xolra0d/.cargo/registry/src/index.crates.io-1949cf8c6b5b557f/futures-util-0.3.31/.cargo-ok", O_RDONLY|O_CLOEXEC) = 10
statx(10, "", AT_STATX_SYNC_AS_STAT|AT_EMPTY_PATH, STATX_ALL, {stx_mask=STATX_ALL|STATX_MNT_ID|STATX_SUBVOL, stx_attributes=0, stx_mode=S_IFREG|0644, stx_size=7, ...}) = 0
read(10, "{\"v\":1}", 7)                = 7
read(10, "", 32)                        = 0
close(10)                               = 0
openat(AT_FDCWD, "/home/xolra0d/.cargo/registry/src/index.crates.io-1949cf8c6b5b557f/futures-util-0.3.31/Cargo.toml", O_RDONLY|O_CLOEXEC) = 10
statx(10, "", AT_STATX_SYNC_AS_STAT|AT_EMPTY_PATH, STATX_ALL, {stx_mask=STATX_ALL|STATX_MNT_ID|STATX_SUBVOL, stx_attributes=0, stx_mode=S_IFREG|0644, stx_size=3183, ...}) = 0
read(10, "# THIS FILE IS AUTOMATICALLY GEN"..., 3183) = 3183
read(10, "", 32)                        = 0
close(10)                               = 0
statx(AT_FDCWD, "/home/xolra0d/.cargo/registry/src/index.crates.io-1949cf8c6b5b557f/futures-util-0.3.31/src/lib.rs", AT_STATX_SYNC_AS_STAT, STATX_ALL, {stx_mask=STATX_ALL|STATX_MNT_ID|STATX_SUBVOL, stx_attributes=0, stx_mode=S_IFREG|0644, stx_size=11454, ...}) = 0
statx(AT_FDCWD, "/home/xolra0d/.cargo/registry/src/index.crates.io-1949cf8c6b5b557f/futures-util-0.3.31", AT_STATX_SYNC_AS_STAT, STATX_ALL, {stx_mask=STATX_ALL|STATX_MNT_ID|STATX_SUBVOL, stx_attributes=0, stx_mode=S_IFDIR|0755, stx_size=360, ...}) = 0
close(9)                                = 0
openat(AT_FDCWD, "/home/xolra0d/.cargo/registry/cache/index.crates.io-1949cf8c6b5b557f/getrandom-0.3.4.crate", O_RDONLY|O_CLOEXEC) = 9
statx(9, "", AT_STATX_SYNC_AS_STAT|AT_EMPTY_PATH, STATX_ALL, {stx_mask=STATX_ALL|STATX_MNT_ID|STATX_SUBVOL, stx_attributes=0, stx_mode=S_IFREG|0644, stx_size=50932, ...}) = 0
openat(AT_FDCWD, "/home/xolra0d/.cargo/registry/src/index.crates.io-1949cf8c6b5b557f/getrandom-0.3.4/.cargo-ok", O_RDONLY|O_CLOEXEC) = 10
statx(10, "", AT_STATX_SYNC_AS_STAT|AT_EMPTY_PATH, STATX_ALL, {stx_mask=STATX_ALL|STATX_MNT_ID|STATX_SUBVOL, stx_attributes=0, stx_mode=S_IFREG|0644, stx_size=7, ...}) = 0
read(10, "{\"v\":1}", 7)                = 7
read(10, "", 32)                        = 0
close(10)                               = 0
openat(AT_FDCWD, "/home/xolra0d/.cargo/registry/src/index.crates.io-1949cf8c6b5b557f/getrandom-0.3.4/Cargo.toml", O_RDONLY|O_CLOEXEC) = 10
statx(10, "", AT_STATX_SYNC_AS_STAT|AT_EMPTY_PATH, STATX_ALL, {stx_mask=STATX_ALL|STATX_MNT_ID|STATX_SUBVOL, stx_attributes=0, stx_mode=S_IFREG|0644, stx_size=4271, ...}) = 0
read(10, "# THIS FILE IS AUTOMATICALLY GEN"..., 4271) = 4271
read(10, "", 32)                        = 0
close(10)                               = 0
brk(0x557067937000)                     = 0x557067937000
statx(AT_FDCWD, "/home/xolra0d/.cargo/registry/src/index.crates.io-1949cf8c6b5b557f/getrandom-0.3.4", AT_STATX_SYNC_AS_STAT, STATX_ALL, {stx_mask=STATX_ALL|STATX_MNT_ID|STATX_SUBVOL, stx_attributes=0, stx_mode=S_IFDIR|0755, stx_size=288, ...}) = 0
close(9)                                = 0
openat(AT_FDCWD, "/home/xolra0d/.cargo/registry/cache/index.crates.io-1949cf8c6b5b557f/hashbrown-0.14.5.crate", O_RDONLY|O_CLOEXEC) = 9
statx(9, "", AT_STATX_SYNC_AS_STAT|AT_EMPTY_PATH, STATX_ALL, {stx_mask=STATX_ALL|STATX_MNT_ID|STATX_SUBVOL, stx_attributes=0, stx_mode=S_IFREG|0644, stx_size=141498, ...}) = 0
openat(AT_FDCWD, "/home/xolra0d/.cargo/registry/src/index.crates.io-1949cf8c6b5b557f/hashbrown-0.14.5/.cargo-ok", O_RDONLY|O_CLOEXEC) = 10
statx(10, "", AT_STATX_SYNC_AS_STAT|AT_EMPTY_PATH, STATX_ALL, {stx_mask=STATX_ALL|STATX_MNT_ID|STATX_SUBVOL, stx_attributes=0, stx_mode=S_IFREG|0644, stx_size=7, ...}) = 0
read(10, "{\"v\":1}", 7)                = 7
read(10, "", 32)                        = 0
close(10)                               = 0
openat(AT_FDCWD, "/home/xolra0d/.cargo/registry/src/index.crates.io-1949cf8c6b5b557f/hashbrown-0.14.5/Cargo.toml", O_RDONLY|O_CLOEXEC) = 10
statx(10, "", AT_STATX_SYNC_AS_STAT|AT_EMPTY_PATH, STATX_ALL, {stx_mask=STATX_ALL|STATX_MNT_ID|STATX_SUBVOL, stx_attributes=0, stx_mode=S_IFREG|0644, stx_size=2616, ...}) = 0
read(10, "# THIS FILE IS AUTOMATICALLY GEN"..., 2616) = 2616
read(10, "", 32)                        = 0
close(10)                               = 0
brk(0x557067962000)                     = 0x557067962000
statx(AT_FDCWD, "/home/xolra0d/.cargo/registry/src/index.crates.io-1949cf8c6b5b557f/hashbrown-0.14.5/build.rs", AT_STATX_SYNC_AS_STAT, STATX_ALL, 0x7ffda6d44840) = -1 ENOENT (No such file or directory)
statx(AT_FDCWD, "/home/xolra0d/.cargo/registry/src/index.crates.io-1949cf8c6b5b557f/hashbrown-0.14.5/src/lib.rs", AT_STATX_SYNC_AS_STAT, STATX_ALL, {stx_mask=STATX_ALL|STATX_MNT_ID|STATX_SUBVOL, stx_attributes=0, stx_mode=S_IFREG|0644, stx_size=5513, ...}) = 0
statx(AT_FDCWD, "/home/xolra0d/.cargo/registry/src/index.crates.io-1949cf8c6b5b557f/hashbrown-0.14.5/src/main.rs", AT_STATX_SYNC_AS_STAT, STATX_ALL, 0x7ffda6d44920) = -1 ENOENT (No such file or directory)
openat(AT_FDCWD, "/home/xolra0d/.cargo/registry/src/index.crates.io-1949cf8c6b5b557f/hashbrown-0.14.5/src/bin", O_RDONLY|O_NONBLOCK|O_CLOEXEC|O_DIRECTORY) = -1 ENOENT (No such file or directory)
openat(AT_FDCWD, "/home/xolra0d/.cargo/registry/src/index.crates.io-1949cf8c6b5b557f/hashbrown-0.14.5/examples", O_RDONLY|O_NONBLOCK|O_CLOEXEC|O_DIRECTORY) = -1 ENOENT (No such file or directory)
openat(AT_FDCWD, "/home/xolra0d/.cargo/registry/src/index.crates.io-1949cf8c6b5b557f/hashbrown-0.14.5/tests", O_RDONLY|O_NONBLOCK|O_CLOEXEC|O_DIRECTORY) = 10
fstat(10, {st_mode=S_IFDIR|0755, st_size=112, ...}) = 0
getdents64(10, 0x557067939780 /* 8 entries */, 32768) = 248
getdents64(10, 0x557067939780 /* 0 entries */, 32768) = 0
close(10)                               = 0
openat(AT_FDCWD, "/home/xolra0d/.cargo/registry/src/index.crates.io-1949cf8c6b5b557f/hashbrown-0.14.5/benches", O_RDONLY|O_NONBLOCK|O_CLOEXEC|O_DIRECTORY) = 10
fstat(10, {st_mode=S_IFDIR|0755, st_size=68, ...}) = 0
getdents64(10, 0x557067939d10 /* 4 entries */, 32768) = 128
getdents64(10, 0x557067939d10 /* 0 entries */, 32768) = 0
close(10)                               = 0
statx(AT_FDCWD, "/home/xolra0d/.cargo/registry/src/index.crates.io-1949cf8c6b5b557f/hashbrown-0.14.5", AT_STATX_SYNC_AS_STAT, STATX_ALL, {stx_mask=STATX_ALL|STATX_MNT_ID|STATX_SUBVOL, stx_attributes=0, stx_mode=S_IFDIR|0755, stx_size=272, ...}) = 0
close(9)                                = 0
openat(AT_FDCWD, "/home/xolra0d/.cargo/registry/cache/index.crates.io-1949cf8c6b5b557f/hashbrown-0.15.5.crate", O_RDONLY|O_CLOEXEC) = 9
statx(9, "", AT_STATX_SYNC_AS_STAT|AT_EMPTY_PATH, STATX_ALL, {stx_mask=STATX_ALL|STATX_MNT_ID|STATX_SUBVOL, stx_attributes=0, stx_mode=S_IFREG|0644, stx_size=140908, ...}) = 0
openat(AT_FDCWD, "/home/xolra0d/.cargo/registry/src/index.crates.io-1949cf8c6b5b557f/hashbrown-0.15.5/.cargo-ok", O_RDONLY|O_CLOEXEC) = 10
statx(10, "", AT_STATX_SYNC_AS_STAT|AT_EMPTY_PATH, STATX_ALL, {stx_mask=STATX_ALL|STATX_MNT_ID|STATX_SUBVOL, stx_attributes=0, stx_mode=S_IFREG|0644, stx_size=7, ...}) = 0
read(10, "{\"v\":1}", 7)                = 7
read(10, "", 32)                        = 0
close(10)                               = 0
openat(AT_FDCWD, "/home/xolra0d/.cargo/registry/src/index.crates.io-1949cf8c6b5b557f/hashbrown-0.15.5/Cargo.toml", O_RDONLY|O_CLOEXEC) = 10
statx(10, "", AT_STATX_SYNC_AS_STAT|AT_EMPTY_PATH, STATX_ALL, {stx_mask=STATX_ALL|STATX_MNT_ID|STATX_SUBVOL, stx_attributes=0, stx_mode=S_IFREG|0644, stx_size=3019, ...}) = 0
read(10, "# THIS FILE IS AUTOMATICALLY GEN"..., 3019) = 3019
read(10, "", 32)                        = 0
close(10)                               = 0
brk(0x557067983000)                     = 0x557067983000
statx(AT_FDCWD, "/home/xolra0d/.cargo/registry/src/index.crates.io-1949cf8c6b5b557f/hashbrown-0.15.5", AT_STATX_SYNC_AS_STAT, STATX_ALL, {stx_mask=STATX_ALL|STATX_MNT_ID|STATX_SUBVOL, stx_attributes=0, stx_mode=S_IFDIR|0755, stx_size=312, ...}) = 0
close(9)                                = 0
openat(AT_FDCWD, "/home/xolra0d/.cargo/registry/cache/index.crates.io-1949cf8c6b5b557f/hashbrown-0.16.0.crate", O_RDONLY|O_CLOEXEC) = 9
statx(9, "", AT_STATX_SYNC_AS_STAT|AT_EMPTY_PATH, STATX_ALL, {stx_mask=STATX_ALL|STATX_MNT_ID|STATX_SUBVOL, stx_attributes=0, stx_mode=S_IFREG|0644, stx_size=141708, ...}) = 0
openat(AT_FDCWD, "/home/xolra0d/.cargo/registry/src/index.crates.io-1949cf8c6b5b557f/hashbrown-0.16.0/.cargo-ok", O_RDONLY|O_CLOEXEC) = 10
statx(10, "", AT_STATX_SYNC_AS_STAT|AT_EMPTY_PATH, STATX_ALL, {stx_mask=STATX_ALL|STATX_MNT_ID|STATX_SUBVOL, stx_attributes=0, stx_mode=S_IFREG|0644, stx_size=7, ...}) = 0
read(10, "{\"v\":1}", 7)                = 7
read(10, "", 32)                        = 0
close(10)                               = 0
openat(AT_FDCWD, "/home/xolra0d/.cargo/registry/src/index.crates.io-1949cf8c6b5b557f/hashbrown-0.16.0/Cargo.toml", O_RDONLY|O_CLOEXEC) = 10
statx(10, "", AT_STATX_SYNC_AS_STAT|AT_EMPTY_PATH, STATX_ALL, {stx_mask=STATX_ALL|STATX_MNT_ID|STATX_SUBVOL, stx_attributes=0, stx_mode=S_IFREG|0644, stx_size=3051, ...}) = 0
read(10, "# THIS FILE IS AUTOMATICALLY GEN"..., 3051) = 3051
read(10, "", 32)                        = 0
close(10)                               = 0
statx(AT_FDCWD, "/home/xolra0d/.cargo/registry/src/index.crates.io-1949cf8c6b5b557f/hashbrown-0.16.0", AT_STATX_SYNC_AS_STAT, STATX_ALL, {stx_mask=STATX_ALL|STATX_MNT_ID|STATX_SUBVOL, stx_attributes=0, stx_mode=S_IFDIR|0755, stx_size=312, ...}) = 0
close(9)                                = 0
openat(AT_FDCWD, "/home/xolra0d/.cargo/registry/cache/index.crates.io-1949cf8c6b5b557f/indexmap-2.11.4.crate", O_RDONLY|O_CLOEXEC) = 9
statx(9, "", AT_STATX_SYNC_AS_STAT|AT_EMPTY_PATH, STATX_ALL, {stx_mask=STATX_ALL|STATX_MNT_ID|STATX_SUBVOL, stx_attributes=0, stx_mode=S_IFREG|0644, stx_size=100302, ...}) = 0
openat(AT_FDCWD, "/home/xolra0d/.cargo/registry/src/index.crates.io-1949cf8c6b5b557f/indexmap-2.11.4/.cargo-ok", O_RDONLY|O_CLOEXEC) = 10
statx(10, "", AT_STATX_SYNC_AS_STAT|AT_EMPTY_PATH, STATX_ALL, {stx_mask=STATX_ALL|STATX_MNT_ID|STATX_SUBVOL, stx_attributes=0, stx_mode=S_IFREG|0644, stx_size=7, ...}) = 0
read(10, "{\"v\":1}", 7)                = 7
read(10, "", 32)                        = 0
close(10)                               = 0
openat(AT_FDCWD, "/home/xolra0d/.cargo/registry/src/index.crates.io-1949cf8c6b5b557f/indexmap-2.11.4/Cargo.toml", O_RDONLY|O_CLOEXEC) = 10
statx(10, "", AT_STATX_SYNC_AS_STAT|AT_EMPTY_PATH, STATX_ALL, {stx_mask=STATX_ALL|STATX_MNT_ID|STATX_SUBVOL, stx_attributes=0, stx_mode=S_IFREG|0644, stx_size=2858, ...}) = 0
read(10, "# THIS FILE IS AUTOMATICALLY GEN"..., 2858) = 2858
read(10, "", 32)                        = 0
close(10)                               = 0
brk(0x5570679a9000)                     = 0x5570679a9000
statx(AT_FDCWD, "/home/xolra0d/.cargo/registry/src/index.crates.io-1949cf8c6b5b557f/indexmap-2.11.4", AT_STATX_SYNC_AS_STAT, STATX_ALL, {stx_mask=STATX_ALL|STATX_MNT_ID|STATX_SUBVOL, stx_attributes=0, stx_mode=S_IFDIR|0755, stx_size=308, ...}) = 0
close(9)                                = 0
openat(AT_FDCWD, "/home/xolra0d/.cargo/registry/cache/index.crates.io-1949cf8c6b5b557f/is_terminal_polyfill-1.70.1.crate", O_RDONLY|O_CLOEXEC) = 9
statx(9, "", AT_STATX_SYNC_AS_STAT|AT_EMPTY_PATH, STATX_ALL, {stx_mask=STATX_ALL|STATX_MNT_ID|STATX_SUBVOL, stx_attributes=0, stx_mode=S_IFREG|0644, stx_size=7492, ...}) = 0
openat(AT_FDCWD, "/home/xolra0d/.cargo/registry/src/index.crates.io-1949cf8c6b5b557f/is_terminal_polyfill-1.70.1/.cargo-ok", O_RDONLY|O_CLOEXEC) = 10
statx(10, "", AT_STATX_SYNC_AS_STAT|AT_EMPTY_PATH, STATX_ALL, {stx_mask=STATX_ALL|STATX_MNT_ID|STATX_SUBVOL, stx_attributes=0, stx_mode=S_IFREG|0644, stx_size=7, ...}) = 0
read(10, "{\"v\":1}", 7)                = 7
read(10, "", 32)                        = 0
close(10)                               = 0
openat(AT_FDCWD, "/home/xolra0d/.cargo/registry/src/index.crates.io-1949cf8c6b5b557f/is_terminal_polyfill-1.70.1/Cargo.toml", O_RDONLY|O_CLOEXEC) = 10
statx(10, "", AT_STATX_SYNC_AS_STAT|AT_EMPTY_PATH, STATX_ALL, {stx_mask=STATX_ALL|STATX_MNT_ID|STATX_SUBVOL, stx_attributes=0, stx_mode=S_IFREG|0644, stx_size=3952, ...}) = 0
read(10, "# THIS FILE IS AUTOMATICALLY GEN"..., 3952) = 3952
read(10, "", 32)                        = 0
close(10)                               = 0
brk(0x5570679ca000)                     = 0x5570679ca000
statx(AT_FDCWD, "/home/xolra0d/.cargo/registry/src/index.crates.io-1949cf8c6b5b557f/is_terminal_polyfill-1.70.1/src/lib.rs", AT_STATX_SYNC_AS_STAT, STATX_ALL, {stx_mask=STATX_ALL|STATX_MNT_ID|STATX_SUBVOL, stx_attributes=0, stx_mode=S_IFREG|0644, stx_size=1619, ...}) = 0
statx(AT_FDCWD, "/home/xolra0d/.cargo/registry/src/index.crates.io-1949cf8c6b5b557f/is_terminal_polyfill-1.70.1", AT_STATX_SYNC_AS_STAT, STATX_ALL, {stx_mask=STATX_ALL|STATX_MNT_ID|STATX_SUBVOL, stx_attributes=0, stx_mode=S_IFDIR|0755, stx_size=182, ...}) = 0
close(9)                                = 0
openat(AT_FDCWD, "/home/xolra0d/.cargo/registry/cache/index.crates.io-1949cf8c6b5b557f/jiff-0.2.15.crate", O_RDONLY|O_CLOEXEC) = 9
statx(9, "", AT_STATX_SYNC_AS_STAT|AT_EMPTY_PATH, STATX_ALL, {stx_mask=STATX_ALL|STATX_MNT_ID|STATX_SUBVOL, stx_attributes=0, stx_mode=S_IFREG|0644, stx_size=712996, ...}) = 0
openat(AT_FDCWD, "/home/xolra0d/.cargo/registry/src/index.crates.io-1949cf8c6b5b557f/jiff-0.2.15/.cargo-ok", O_RDONLY|O_CLOEXEC) = 10
statx(10, "", AT_STATX_SYNC_AS_STAT|AT_EMPTY_PATH, STATX_ALL, {stx_mask=STATX_ALL|STATX_MNT_ID|STATX_SUBVOL, stx_attributes=0, stx_mode=S_IFREG|0644, stx_size=7, ...}) = 0
read(10, "{\"v\":1}", 7)                = 7
read(10, "", 32)                        = 0
close(10)                               = 0
openat(AT_FDCWD, "/home/xolra0d/.cargo/registry/src/index.crates.io-1949cf8c6b5b557f/jiff-0.2.15/Cargo.toml", O_RDONLY|O_CLOEXEC) = 10
statx(10, "", AT_STATX_SYNC_AS_STAT|AT_EMPTY_PATH, STATX_ALL, {stx_mask=STATX_ALL|STATX_MNT_ID|STATX_SUBVOL, stx_attributes=0, stx_mode=S_IFREG|0644, stx_size=4342, ...}) = 0
read(10, "# THIS FILE IS AUTOMATICALLY GEN"..., 4342) = 4342
read(10, "", 32)                        = 0
close(10)                               = 0
brk(0x5570679ee000)                     = 0x5570679ee000
statx(AT_FDCWD, "/home/xolra0d/.cargo/registry/src/index.crates.io-1949cf8c6b5b557f/jiff-0.2.15", AT_STATX_SYNC_AS_STAT, STATX_ALL, {stx_mask=STATX_ALL|STATX_MNT_ID|STATX_SUBVOL, stx_attributes=0, stx_mode=S_IFDIR|0755, stx_size=300, ...}) = 0
close(9)                                = 0
openat(AT_FDCWD, "/home/xolra0d/.cargo/registry/cache/index.crates.io-1949cf8c6b5b557f/libc-0.2.176.crate", O_RDONLY|O_CLOEXEC) = 9
statx(9, "", AT_STATX_SYNC_AS_STAT|AT_EMPTY_PATH, STATX_ALL, {stx_mask=STATX_ALL|STATX_MNT_ID|STATX_SUBVOL, stx_attributes=0, stx_mode=S_IFREG|0644, stx_size=790040, ...}) = 0
openat(AT_FDCWD, "/home/xolra0d/.cargo/registry/src/index.crates.io-1949cf8c6b5b557f/libc-0.2.176/.cargo-ok", O_RDONLY|O_CLOEXEC) = 10
statx(10, "", AT_STATX_SYNC_AS_STAT|AT_EMPTY_PATH, STATX_ALL, {stx_mask=STATX_ALL|STATX_MNT_ID|STATX_SUBVOL, stx_attributes=0, stx_mode=S_IFREG|0644, stx_size=7, ...}) = 0
read(10, "{\"v\":1}", 7)                = 7
read(10, "", 32)                        = 0
close(10)                               = 0
openat(AT_FDCWD, "/home/xolra0d/.cargo/registry/src/index.crates.io-1949cf8c6b5b557f/libc-0.2.176/Cargo.toml", O_RDONLY|O_CLOEXEC) = 10
statx(10, "", AT_STATX_SYNC_AS_STAT|AT_EMPTY_PATH, STATX_ALL, {stx_mask=STATX_ALL|STATX_MNT_ID|STATX_SUBVOL, stx_attributes=0, stx_mode=S_IFREG|0644, stx_size=5347, ...}) = 0
read(10, "# THIS FILE IS AUTOMATICALLY GEN"..., 5347) = 5347
read(10, "", 32)                        = 0
close(10)                               = 0
brk(0x557067a16000)                     = 0x557067a16000
statx(AT_FDCWD, "/home/xolra0d/.cargo/registry/src/index.crates.io-1949cf8c6b5b557f/libc-0.2.176", AT_STATX_SYNC_AS_STAT, STATX_ALL, {stx_mask=STATX_ALL|STATX_MNT_ID|STATX_SUBVOL, stx_attributes=0, stx_mode=S_IFDIR|0755, stx_size=430, ...}) = 0
close(9)                                = 0
openat(AT_FDCWD, "/home/xolra0d/.cargo/registry/cache/index.crates.io-1949cf8c6b5b557f/lock_api-0.4.14.crate", O_RDONLY|O_CLOEXEC) = 9
statx(9, "", AT_STATX_SYNC_AS_STAT|AT_EMPTY_PATH, STATX_ALL, {stx_mask=STATX_ALL|STATX_MNT_ID|STATX_SUBVOL, stx_attributes=0, stx_mode=S_IFREG|0644, stx_size=29249, ...}) = 0
openat(AT_FDCWD, "/home/xolra0d/.cargo/registry/src/index.crates.io-1949cf8c6b5b557f/lock_api-0.4.14/.cargo-ok", O_RDONLY|O_CLOEXEC) = 10
statx(10, "", AT_STATX_SYNC_AS_STAT|AT_EMPTY_PATH, STATX_ALL, {stx_mask=STATX_ALL|STATX_MNT_ID|STATX_SUBVOL, stx_attributes=0, stx_mode=S_IFREG|0644, stx_size=7, ...}) = 0
read(10, "{\"v\":1}", 7)                = 7
read(10, "", 32)                        = 0
close(10)                               = 0
openat(AT_FDCWD, "/home/xolra0d/.cargo/registry/src/index.crates.io-1949cf8c6b5b557f/lock_api-0.4.14/Cargo.toml", O_RDONLY|O_CLOEXEC) = 10
statx(10, "", AT_STATX_SYNC_AS_STAT|AT_EMPTY_PATH, STATX_ALL, {stx_mask=STATX_ALL|STATX_MNT_ID|STATX_SUBVOL, stx_attributes=0, stx_mode=S_IFREG|0644, stx_size=1501, ...}) = 0
read(10, "# THIS FILE IS AUTOMATICALLY GEN"..., 1501) = 1501
read(10, "", 32)                        = 0
close(10)                               = 0
statx(AT_FDCWD, "/home/xolra0d/.cargo/registry/src/index.crates.io-1949cf8c6b5b557f/lock_api-0.4.14", AT_STATX_SYNC_AS_STAT, STATX_ALL, {stx_mask=STATX_ALL|STATX_MNT_ID|STATX_SUBVOL, stx_attributes=0, stx_mode=S_IFDIR|0755, stx_size=184, ...}) = 0
close(9)                                = 0
openat(AT_FDCWD, "/home/xolra0d/.cargo/registry/cache/index.crates.io-1949cf8c6b5b557f/log-0.4.28.crate", O_RDONLY|O_CLOEXEC) = 9
statx(9, "", AT_STATX_SYNC_AS_STAT|AT_EMPTY_PATH, STATX_ALL, {stx_mask=STATX_ALL|STATX_MNT_ID|STATX_SUBVOL, stx_attributes=0, stx_mode=S_IFREG|0644, stx_size=51131, ...}) = 0
openat(AT_FDCWD, "/home/xolra0d/.cargo/registry/src/index.crates.io-1949cf8c6b5b557f/log-0.4.28/.cargo-ok", O_RDONLY|O_CLOEXEC) = 10
statx(10, "", AT_STATX_SYNC_AS_STAT|AT_EMPTY_PATH, STATX_ALL, {stx_mask=STATX_ALL|STATX_MNT_ID|STATX_SUBVOL, stx_attributes=0, stx_mode=S_IFREG|0644, stx_size=7, ...}) = 0
read(10, "{\"v\":1}", 7)                = 7
read(10, "", 32)                        = 0
close(10)                               = 0
openat(AT_FDCWD, "/home/xolra0d/.cargo/registry/src/index.crates.io-1949cf8c6b5b557f/log-0.4.28/Cargo.toml", O_RDONLY|O_CLOEXEC) = 10
statx(10, "", AT_STATX_SYNC_AS_STAT|AT_EMPTY_PATH, STATX_ALL, {stx_mask=STATX_ALL|STATX_MNT_ID|STATX_SUBVOL, stx_attributes=0, stx_mode=S_IFREG|0644, stx_size=2782, ...}) = 0
read(10, "# THIS FILE IS AUTOMATICALLY GEN"..., 2782) = 2782
read(10, "", 32)                        = 0
close(10)                               = 0
brk(0x557067a37000)                     = 0x557067a37000
statx(AT_FDCWD, "/home/xolra0d/.cargo/registry/src/index.crates.io-1949cf8c6b5b557f/log-0.4.28", AT_STATX_SYNC_AS_STAT, STATX_ALL, {stx_mask=STATX_ALL|STATX_MNT_ID|STATX_SUBVOL, stx_attributes=0, stx_mode=S_IFDIR|0755, stx_size=312, ...}) = 0
close(9)                                = 0
openat(AT_FDCWD, "/home/xolra0d/.cargo/registry/cache/index.crates.io-1949cf8c6b5b557f/lz4-1.28.1.crate", O_RDONLY|O_CLOEXEC) = 9
statx(9, "", AT_STATX_SYNC_AS_STAT|AT_EMPTY_PATH, STATX_ALL, {stx_mask=STATX_ALL|STATX_MNT_ID|STATX_SUBVOL, stx_attributes=0, stx_mode=S_IFREG|0644, stx_size=13585, ...}) = 0
openat(AT_FDCWD, "/home/xolra0d/.cargo/registry/src/index.crates.io-1949cf8c6b5b557f/lz4-1.28.1/.cargo-ok", O_RDONLY|O_CLOEXEC) = 10
statx(10, "", AT_STATX_SYNC_AS_STAT|AT_EMPTY_PATH, STATX_ALL, {stx_mask=STATX_ALL|STATX_MNT_ID|STATX_SUBVOL, stx_attributes=0, stx_mode=S_IFREG|0644, stx_size=7, ...}) = 0
read(10, "{\"v\":1}", 7)                = 7
read(10, "", 32)                        = 0
close(10)                               = 0
openat(AT_FDCWD, "/home/xolra0d/.cargo/registry/src/index.crates.io-1949cf8c6b5b557f/lz4-1.28.1/Cargo.toml", O_RDONLY|O_CLOEXEC) = 10
statx(10, "", AT_STATX_SYNC_AS_STAT|AT_EMPTY_PATH, STATX_ALL, {stx_mask=STATX_ALL|STATX_MNT_ID|STATX_SUBVOL, stx_attributes=0, stx_mode=S_IFREG|0644, stx_size=994, ...}) = 0
read(10, "# THIS FILE IS AUTOMATICALLY GEN"..., 994) = 994
read(10, "", 32)                        = 0
close(10)                               = 0
statx(AT_FDCWD, "/home/xolra0d/.cargo/registry/src/index.crates.io-1949cf8c6b5b557f/lz4-1.28.1/build.rs", AT_STATX_SYNC_AS_STAT, STATX_ALL, 0x7ffda6d44840) = -1 ENOENT (No such file or directory)
statx(AT_FDCWD, "/home/xolra0d/.cargo/registry/src/index.crates.io-1949cf8c6b5b557f/lz4-1.28.1/src/lib.rs", AT_STATX_SYNC_AS_STAT, STATX_ALL, {stx_mask=STATX_ALL|STATX_MNT_ID|STATX_SUBVOL, stx_attributes=0, stx_mode=S_IFREG|0644, stx_size=401, ...}) = 0
statx(AT_FDCWD, "/home/xolra0d/.cargo/registry/src/index.crates.io-1949cf8c6b5b557f/lz4-1.28.1/src/main.rs", AT_STATX_SYNC_AS_STAT, STATX_ALL, 0x7ffda6d44920) = -1 ENOENT (No such file or directory)
openat(AT_FDCWD, "/home/xolra0d/.cargo/registry/src/index.crates.io-1949cf8c6b5b557f/lz4-1.28.1/src/bin", O_RDONLY|O_NONBLOCK|O_CLOEXEC|O_DIRECTORY) = 10
fstat(10, {st_mode=S_IFDIR|0755, st_size=12, ...}) = 0
getdents64(10, 0x557067a19240 /* 3 entries */, 32768) = 80
getdents64(10, 0x557067a19240 /* 0 entries */, 32768) = 0
close(10)                               = 0
openat(AT_FDCWD, "/home/xolra0d/.cargo/registry/src/index.crates.io-1949cf8c6b5b557f/lz4-1.28.1/examples", O_RDONLY|O_NONBLOCK|O_CLOEXEC|O_DIRECTORY) = -1 ENOENT (No such file or directory)
openat(AT_FDCWD, "/home/xolra0d/.cargo/registry/src/index.crates.io-1949cf8c6b5b557f/lz4-1.28.1/tests", O_RDONLY|O_NONBLOCK|O_CLOEXEC|O_DIRECTORY) = -1 ENOENT (No such file or directory)
openat(AT_FDCWD, "/home/xolra0d/.cargo/registry/src/index.crates.io-1949cf8c6b5b557f/lz4-1.28.1/benches", O_RDONLY|O_NONBLOCK|O_CLOEXEC|O_DIRECTORY) = -1 ENOENT (No such file or directory)
statx(AT_FDCWD, "/home/xolra0d/.cargo/registry/src/index.crates.io-1949cf8c6b5b557f/lz4-1.28.1", AT_STATX_SYNC_AS_STAT, STATX_ALL, {stx_mask=STATX_ALL|STATX_MNT_ID|STATX_SUBVOL, stx_attributes=0, stx_mode=S_IFDIR|0755, stx_size=274, ...}) = 0
close(9)                                = 0
openat(AT_FDCWD, "/home/xolra0d/.cargo/registry/cache/index.crates.io-1949cf8c6b5b557f/lz4-sys-1.11.1+lz4-1.10.0.crate", O_RDONLY|O_CLOEXEC) = 9
statx(9, "", AT_STATX_SYNC_AS_STAT|AT_EMPTY_PATH, STATX_ALL, {stx_mask=STATX_ALL|STATX_MNT_ID|STATX_SUBVOL, stx_attributes=0, stx_mode=S_IFREG|0644, stx_size=391317, ...}) = 0
openat(AT_FDCWD, "/home/xolra0d/.cargo/registry/src/index.crates.io-1949cf8c6b5b557f/lz4-sys-1.11.1+lz4-1.10.0/.cargo-ok", O_RDONLY|O_CLOEXEC) = 10
statx(10, "", AT_STATX_SYNC_AS_STAT|AT_EMPTY_PATH, STATX_ALL, {stx_mask=STATX_ALL|STATX_MNT_ID|STATX_SUBVOL, stx_attributes=0, stx_mode=S_IFREG|0644, stx_size=7, ...}) = 0
read(10, "{\"v\":1}", 7)                = 7
read(10, "", 32)                        = 0
close(10)                               = 0
openat(AT_FDCWD, "/home/xolra0d/.cargo/registry/src/index.crates.io-1949cf8c6b5b557f/lz4-sys-1.11.1+lz4-1.10.0/Cargo.toml", O_RDONLY|O_CLOEXEC) = 10
statx(10, "", AT_STATX_SYNC_AS_STAT|AT_EMPTY_PATH, STATX_ALL, {stx_mask=STATX_ALL|STATX_MNT_ID|STATX_SUBVOL, stx_attributes=0, stx_mode=S_IFREG|0644, stx_size=888, ...}) = 0
read(10, "# THIS FILE IS AUTOMATICALLY GEN"..., 888) = 888
read(10, "", 32)                        = 0
close(10)                               = 0
statx(AT_FDCWD, "/home/xolra0d/.cargo/registry/src/index.crates.io-1949cf8c6b5b557f/lz4-sys-1.11.1+lz4-1.10.0/README.md", AT_STATX_SYNC_AS_STAT, STATX_ALL, 0x7ffda6d447f0) = -1 ENOENT (No such file or directory)
statx(AT_FDCWD, "/home/xolra0d/.cargo/registry/src/index.crates.io-1949cf8c6b5b557f/lz4-sys-1.11.1+lz4-1.10.0/README.txt", AT_STATX_SYNC_AS_STAT, STATX_ALL, 0x7ffda6d447f0) = -1 ENOENT (No such file or directory)
statx(AT_FDCWD, "/home/xolra0d/.cargo/registry/src/index.crates.io-1949cf8c6b5b557f/lz4-sys-1.11.1+lz4-1.10.0/README", AT_STATX_SYNC_AS_STAT, STATX_ALL, 0x7ffda6d447f0) = -1 ENOENT (No such file or directory)
statx(AT_FDCWD, "/home/xolra0d/.cargo/registry/src/index.crates.io-1949cf8c6b5b557f/lz4-sys-1.11.1+lz4-1.10.0/src/lib.rs", AT_STATX_SYNC_AS_STAT, STATX_ALL, {stx_mask=STATX_ALL|STATX_MNT_ID|STATX_SUBVOL, stx_attributes=0, stx_mode=S_IFREG|0644, stx_size=19415, ...}) = 0
statx(AT_FDCWD, "/home/xolra0d/.cargo/registry/src/index.crates.io-1949cf8c6b5b557f/lz4-sys-1.11.1+lz4-1.10.0/src/main.rs", AT_STATX_SYNC_AS_STAT, STATX_ALL, 0x7ffda6d44920) = -1 ENOENT (No such file or directory)
openat(AT_FDCWD, "/home/xolra0d/.cargo/registry/src/index.crates.io-1949cf8c6b5b557f/lz4-sys-1.11.1+lz4-1.10.0/src/bin", O_RDONLY|O_NONBLOCK|O_CLOEXEC|O_DIRECTORY) = -1 ENOENT (No such file or directory)
openat(AT_FDCWD, "/home/xolra0d/.cargo/registry/src/index.crates.io-1949cf8c6b5b557f/lz4-sys-1.11.1+lz4-1.10.0/examples", O_RDONLY|O_NONBLOCK|O_CLOEXEC|O_DIRECTORY) = -1 ENOENT (No such file or directory)
openat(AT_FDCWD, "/home/xolra0d/.cargo/registry/src/index.crates.io-1949cf8c6b5b557f/lz4-sys-1.11.1+lz4-1.10.0/tests", O_RDONLY|O_NONBLOCK|O_CLOEXEC|O_DIRECTORY) = -1 ENOENT (No such file or directory)
openat(AT_FDCWD, "/home/xolra0d/.cargo/registry/src/index.crates.io-1949cf8c6b5b557f/lz4-sys-1.11.1+lz4-1.10.0/benches", O_RDONLY|O_NONBLOCK|O_CLOEXEC|O_DIRECTORY) = -1 ENOENT (No such file or directory)
statx(AT_FDCWD, "/home/xolra0d/.cargo/registry/src/index.crates.io-1949cf8c6b5b557f/lz4-sys-1.11.1+lz4-1.10.0", AT_STATX_SYNC_AS_STAT, STATX_ALL, {stx_mask=STATX_ALL|STATX_MNT_ID|STATX_SUBVOL, stx_attributes=0, stx_mode=S_IFDIR|0755, stx_size=198, ...}) = 0
close(9)                                = 0
openat(AT_FDCWD, "/home/xolra0d/.cargo/registry/cache/index.crates.io-1949cf8c6b5b557f/memchr-2.7.6.crate", O_RDONLY|O_CLOEXEC) = 9
statx(9, "", AT_STATX_SYNC_AS_STAT|AT_EMPTY_PATH, STATX_ALL, {stx_mask=STATX_ALL|STATX_MNT_ID|STATX_SUBVOL, stx_attributes=0, stx_mode=S_IFREG|0644, stx_size=97616, ...}) = 0
openat(AT_FDCWD, "/home/xolra0d/.cargo/registry/src/index.crates.io-1949cf8c6b5b557f/memchr-2.7.6/.cargo-ok", O_RDONLY|O_CLOEXEC) = 10
statx(10, "", AT_STATX_SYNC_AS_STAT|AT_EMPTY_PATH, STATX_ALL, {stx_mask=STATX_ALL|STATX_MNT_ID|STATX_SUBVOL, stx_attributes=0, stx_mode=S_IFREG|0644, stx_size=7, ...}) = 0
read(10, "{\"v\":1}", 7)                = 7
read(10, "", 32)                        = 0
close(10)                               = 0
openat(AT_FDCWD, "/home/xolra0d/.cargo/registry/src/index.crates.io-1949cf8c6b5b557f/memchr-2.7.6/Cargo.toml", O_RDONLY|O_CLOEXEC) = 10
statx(10, "", AT_STATX_SYNC_AS_STAT|AT_EMPTY_PATH, STATX_ALL, {stx_mask=STATX_ALL|STATX_MNT_ID|STATX_SUBVOL, stx_attributes=0, stx_mode=S_IFREG|0644, stx_size=1833, ...}) = 0
read(10, "# THIS FILE IS AUTOMATICALLY GEN"..., 1833) = 1833
read(10, "", 32)                        = 0
close(10)                               = 0
statx(AT_FDCWD, "/home/xolra0d/.cargo/registry/src/index.crates.io-1949cf8c6b5b557f/memchr-2.7.6", AT_STATX_SYNC_AS_STAT, STATX_ALL, {stx_mask=STATX_ALL|STATX_MNT_ID|STATX_SUBVOL, stx_attributes=0, stx_mode=S_IFDIR|0755, stx_size=272, ...}) = 0
close(9)                                = 0
openat(AT_FDCWD, "/home/xolra0d/.cargo/registry/cache/index.crates.io-1949cf8c6b5b557f/memmap2-0.9.9.crate", O_RDONLY|O_CLOEXEC) = 9
statx(9, "", AT_STATX_SYNC_AS_STAT|AT_EMPTY_PATH, STATX_ALL, {stx_mask=STATX_ALL|STATX_MNT_ID|STATX_SUBVOL, stx_attributes=0, stx_mode=S_IFREG|0644, stx_size=34576, ...}) = 0
openat(AT_FDCWD, "/home/xolra0d/.cargo/registry/src/index.crates.io-1949cf8c6b5b557f/memmap2-0.9.9/.cargo-ok", O_RDONLY|O_CLOEXEC) = 10
statx(10, "", AT_STATX_SYNC_AS_STAT|AT_EMPTY_PATH, STATX_ALL, {stx_mask=STATX_ALL|STATX_MNT_ID|STATX_SUBVOL, stx_attributes=0, stx_mode=S_IFREG|0644, stx_size=7, ...}) = 0
read(10, "{\"v\":1}", 7)                = 7
read(10, "", 32)                        = 0
close(10)                               = 0
openat(AT_FDCWD, "/home/xolra0d/.cargo/registry/src/index.crates.io-1949cf8c6b5b557f/memmap2-0.9.9/Cargo.toml", O_RDONLY|O_CLOEXEC) = 10
statx(10, "", AT_STATX_SYNC_AS_STAT|AT_EMPTY_PATH, STATX_ALL, {stx_mask=STATX_ALL|STATX_MNT_ID|STATX_SUBVOL, stx_attributes=0, stx_mode=S_IFREG|0644, stx_size=1354, ...}) = 0
read(10, "# THIS FILE IS AUTOMATICALLY GEN"..., 1354) = 1354
read(10, "", 32)                        = 0
close(10)                               = 0
brk(0x557067a5d000)                     = 0x557067a5d000
statx(AT_FDCWD, "/home/xolra0d/.cargo/registry/src/index.crates.io-1949cf8c6b5b557f/memmap2-0.9.9", AT_STATX_SYNC_AS_STAT, STATX_ALL, {stx_mask=STATX_ALL|STATX_MNT_ID|STATX_SUBVOL, stx_attributes=0, stx_mode=S_IFDIR|0755, stx_size=276, ...}) = 0
close(9)                                = 0
openat(AT_FDCWD, "/home/xolra0d/.cargo/registry/cache/index.crates.io-1949cf8c6b5b557f/mio-1.0.4.crate", O_RDONLY|O_CLOEXEC) = 9
statx(9, "", AT_STATX_SYNC_AS_STAT|AT_EMPTY_PATH, STATX_ALL, {stx_mask=STATX_ALL|STATX_MNT_ID|STATX_SUBVOL, stx_attributes=0, stx_mode=S_IFREG|0644, stx_size=104212, ...}) = 0
openat(AT_FDCWD, "/home/xolra0d/.cargo/registry/src/index.crates.io-1949cf8c6b5b557f/mio-1.0.4/.cargo-ok", O_RDONLY|O_CLOEXEC) = 10
statx(10, "", AT_STATX_SYNC_AS_STAT|AT_EMPTY_PATH, STATX_ALL, {stx_mask=STATX_ALL|STATX_MNT_ID|STATX_SUBVOL, stx_attributes=0, stx_mode=S_IFREG|0644, stx_size=7, ...}) = 0
read(10, "{\"v\":1}", 7)                = 7
read(10, "", 32)                        = 0
close(10)                               = 0
openat(AT_FDCWD, "/home/xolra0d/.cargo/registry/src/index.crates.io-1949cf8c6b5b557f/mio-1.0.4/Cargo.toml", O_RDONLY|O_CLOEXEC) = 10
statx(10, "", AT_STATX_SYNC_AS_STAT|AT_EMPTY_PATH, STATX_ALL, {stx_mask=STATX_ALL|STATX_MNT_ID|STATX_SUBVOL, stx_attributes=0, stx_mode=S_IFREG|0644, stx_size=3266, ...}) = 0
read(10, "# THIS FILE IS AUTOMATICALLY GEN"..., 3266) = 3266
read(10, "", 32)                        = 0
close(10)                               = 0
brk(0x557067a7e000)                     = 0x557067a7e000
statx(AT_FDCWD, "/home/xolra0d/.cargo/registry/src/index.crates.io-1949cf8c6b5b557f/mio-1.0.4", AT_STATX_SYNC_AS_STAT, STATX_ALL, {stx_mask=STATX_ALL|STATX_MNT_ID|STATX_SUBVOL, stx_attributes=0, stx_mode=S_IFDIR|0755, stx_size=206, ...}) = 0
close(9)                                = 0
openat(AT_FDCWD, "/home/xolra0d/.cargo/registry/cache/index.crates.io-1949cf8c6b5b557f/munge-0.4.7.crate", O_RDONLY|O_CLOEXEC) = 9
statx(9, "", AT_STATX_SYNC_AS_STAT|AT_EMPTY_PATH, STATX_ALL, {stx_mask=STATX_ALL|STATX_MNT_ID|STATX_SUBVOL, stx_attributes=0, stx_mode=S_IFREG|0644, stx_size=12463, ...}) = 0
openat(AT_FDCWD, "/home/xolra0d/.cargo/registry/src/index.crates.io-1949cf8c6b5b557f/munge-0.4.7/.cargo-ok", O_RDONLY|O_CLOEXEC) = 10
statx(10, "", AT_STATX_SYNC_AS_STAT|AT_EMPTY_PATH, STATX_ALL, {stx_mask=STATX_ALL|STATX_MNT_ID|STATX_SUBVOL, stx_attributes=0, stx_mode=S_IFREG|0644, stx_size=7, ...}) = 0
read(10, "{\"v\":1}", 7)                = 7
read(10, "", 32)                        = 0
close(10)                               = 0
openat(AT_FDCWD, "/home/xolra0d/.cargo/registry/src/index.crates.io-1949cf8c6b5b557f/munge-0.4.7/Cargo.toml", O_RDONLY|O_CLOEXEC) = 10
statx(10, "", AT_STATX_SYNC_AS_STAT|AT_EMPTY_PATH, STATX_ALL, {stx_mask=STATX_ALL|STATX_MNT_ID|STATX_SUBVOL, stx_attributes=0, stx_mode=S_IFREG|0644, stx_size=1299, ...}) = 0
read(10, "# THIS FILE IS AUTOMATICALLY GEN"..., 1299) = 1299
read(10, "", 32)                        = 0
close(10)                               = 0
statx(AT_FDCWD, "/home/xolra0d/.cargo/registry/src/index.crates.io-1949cf8c6b5b557f/munge-0.4.7", AT_STATX_SYNC_AS_STAT, STATX_ALL, {stx_mask=STATX_ALL|STATX_MNT_ID|STATX_SUBVOL, stx_attributes=0, stx_mode=S_IFDIR|0755, stx_size=196, ...}) = 0
close(9)                                = 0
openat(AT_FDCWD, "/home/xolra0d/.cargo/registry/cache/index.crates.io-1949cf8c6b5b557f/munge_macro-0.4.7.crate", O_RDONLY|O_CLOEXEC) = 9
statx(9, "", AT_STATX_SYNC_AS_STAT|AT_EMPTY_PATH, STATX_ALL, {stx_mask=STATX_ALL|STATX_MNT_ID|STATX_SUBVOL, stx_attributes=0, stx_mode=S_IFREG|0644, stx_size=6090, ...}) = 0
openat(AT_FDCWD, "/home/xolra0d/.cargo/registry/src/index.crates.io-1949cf8c6b5b557f/munge_macro-0.4.7/.cargo-ok", O_RDONLY|O_CLOEXEC) = 10
statx(10, "", AT_STATX_SYNC_AS_STAT|AT_EMPTY_PATH, STATX_ALL, {stx_mask=STATX_ALL|STATX_MNT_ID|STATX_SUBVOL, stx_attributes=0, stx_mode=S_IFREG|0644, stx_size=7, ...}) = 0
read(10, "{\"v\":1}", 7)                = 7
read(10, "", 32)                        = 0
close(10)                               = 0
openat(AT_FDCWD, "/home/xolra0d/.cargo/registry/src/index.crates.io-1949cf8c6b5b557f/munge_macro-0.4.7/Cargo.toml", O_RDONLY|O_CLOEXEC) = 10
statx(10, "", AT_STATX_SYNC_AS_STAT|AT_EMPTY_PATH, STATX_ALL, {stx_mask=STATX_ALL|STATX_MNT_ID|STATX_SUBVOL, stx_attributes=0, stx_mode=S_IFREG|0644, stx_size=1357, ...}) = 0
read(10, "# THIS FILE IS AUTOMATICALLY GEN"..., 1357) = 1357
read(10, "", 32)                        = 0
close(10)                               = 0
statx(AT_FDCWD, "/home/xolra0d/.cargo/registry/src/index.crates.io-1949cf8c6b5b557f/munge_macro-0.4.7", AT_STATX_SYNC_AS_STAT, STATX_ALL, {stx_mask=STATX_ALL|STATX_MNT_ID|STATX_SUBVOL, stx_attributes=0, stx_mode=S_IFDIR|0755, stx_size=166, ...}) = 0
close(9)                                = 0
openat(AT_FDCWD, "/home/xolra0d/.cargo/registry/cache/index.crates.io-1949cf8c6b5b557f/num-traits-0.2.19.crate", O_RDONLY|O_CLOEXEC) = 9
statx(9, "", AT_STATX_SYNC_AS_STAT|AT_EMPTY_PATH, STATX_ALL, {stx_mask=STATX_ALL|STATX_MNT_ID|STATX_SUBVOL, stx_attributes=0, stx_mode=S_IFREG|0644, stx_size=51631, ...}) = 0
openat(AT_FDCWD, "/home/xolra0d/.cargo/registry/src/index.crates.io-1949cf8c6b5b557f/num-traits-0.2.19/.cargo-ok", O_RDONLY|O_CLOEXEC) = 10
statx(10, "", AT_STATX_SYNC_AS_STAT|AT_EMPTY_PATH, STATX_ALL, {stx_mask=STATX_ALL|STATX_MNT_ID|STATX_SUBVOL, stx_attributes=0, stx_mode=S_IFREG|0644, stx_size=7, ...}) = 0
read(10, "{\"v\":1}", 7)                = 7
read(10, "", 32)                        = 0
close(10)                               = 0
openat(AT_FDCWD, "/home/xolra0d/.cargo/registry/src/index.crates.io-1949cf8c6b5b557f/num-traits-0.2.19/Cargo.toml", O_RDONLY|O_CLOEXEC) = 10
statx(10, "", AT_STATX_SYNC_AS_STAT|AT_EMPTY_PATH, STATX_ALL, {stx_mask=STATX_ALL|STATX_MNT_ID|STATX_SUBVOL, stx_attributes=0, stx_mode=S_IFREG|0644, stx_size=1296, ...}) = 0
read(10, "# THIS FILE IS AUTOMATICALLY GEN"..., 1296) = 1296
read(10, "", 32)                        = 0
close(10)                               = 0
brk(0x557067aa1000)                     = 0x557067aa1000
statx(AT_FDCWD, "/home/xolra0d/.cargo/registry/src/index.crates.io-1949cf8c6b5b557f/num-traits-0.2.19/src/lib.rs", AT_STATX_SYNC_AS_STAT, STATX_ALL, {stx_mask=STATX_ALL|STATX_MNT_ID|STATX_SUBVOL, stx_attributes=0, stx_mode=S_IFREG|0644, stx_size=21776, ...}) = 0
statx(AT_FDCWD, "/home/xolra0d/.cargo/registry/src/index.crates.io-1949cf8c6b5b557f/num-traits-0.2.19/src/main.rs", AT_STATX_SYNC_AS_STAT, STATX_ALL, 0x7ffda6d44920) = -1 ENOENT (No such file or directory)
openat(AT_FDCWD, "/home/xolra0d/.cargo/registry/src/index.crates.io-1949cf8c6b5b557f/num-traits-0.2.19/src/bin", O_RDONLY|O_NONBLOCK|O_CLOEXEC|O_DIRECTORY) = -1 ENOENT (No such file or directory)
openat(AT_FDCWD, "/home/xolra0d/.cargo/registry/src/index.crates.io-1949cf8c6b5b557f/num-traits-0.2.19/examples", O_RDONLY|O_NONBLOCK|O_CLOEXEC|O_DIRECTORY) = -1 ENOENT (No such file or directory)
openat(AT_FDCWD, "/home/xolra0d/.cargo/registry/src/index.crates.io-1949cf8c6b5b557f/num-traits-0.2.19/tests", O_RDONLY|O_NONBLOCK|O_CLOEXEC|O_DIRECTORY) = 10
fstat(10, {st_mode=S_IFDIR|0755, st_size=14, ...}) = 0
getdents64(10, 0x557067a7ba00 /* 3 entries */, 32768) = 80
getdents64(10, 0x557067a7ba00 /* 0 entries */, 32768) = 0
close(10)                               = 0
openat(AT_FDCWD, "/home/xolra0d/.cargo/registry/src/index.crates.io-1949cf8c6b5b557f/num-traits-0.2.19/benches", O_RDONLY|O_NONBLOCK|O_CLOEXEC|O_DIRECTORY) = -1 ENOENT (No such file or directory)
statx(AT_FDCWD, "/home/xolra0d/.cargo/registry/src/index.crates.io-1949cf8c6b5b557f/num-traits-0.2.19", AT_STATX_SYNC_AS_STAT, STATX_ALL, {stx_mask=STATX_ALL|STATX_MNT_ID|STATX_SUBVOL, stx_attributes=0, stx_mode=S_IFDIR|0755, stx_size=250, ...}) = 0
close(9)                                = 0
openat(AT_FDCWD, "/home/xolra0d/.cargo/registry/cache/index.crates.io-1949cf8c6b5b557f/once_cell-1.21.3.crate", O_RDONLY|O_CLOEXEC) = 9
statx(9, "", AT_STATX_SYNC_AS_STAT|AT_EMPTY_PATH, STATX_ALL, {stx_mask=STATX_ALL|STATX_MNT_ID|STATX_SUBVOL, stx_attributes=0, stx_mode=S_IFREG|0644, stx_size=34534, ...}) = 0
openat(AT_FDCWD, "/home/xolra0d/.cargo/registry/src/index.crates.io-1949cf8c6b5b557f/once_cell-1.21.3/.cargo-ok", O_RDONLY|O_CLOEXEC) = 10
statx(10, "", AT_STATX_SYNC_AS_STAT|AT_EMPTY_PATH, STATX_ALL, {stx_mask=STATX_ALL|STATX_MNT_ID|STATX_SUBVOL, stx_attributes=0, stx_mode=S_IFREG|0644, stx_size=7, ...}) = 0
read(10, "{\"v\":1}", 7)                = 7
read(10, "", 32)                        = 0
close(10)                               = 0
openat(AT_FDCWD, "/home/xolra0d/.cargo/registry/src/index.crates.io-1949cf8c6b5b557f/once_cell-1.21.3/Cargo.toml", O_RDONLY|O_CLOEXEC) = 10
statx(10, "", AT_STATX_SYNC_AS_STAT|AT_EMPTY_PATH, STATX_ALL, {stx_mask=STATX_ALL|STATX_MNT_ID|STATX_SUBVOL, stx_attributes=0, stx_mode=S_IFREG|0644, stx_size=2542, ...}) = 0
read(10, "# THIS FILE IS AUTOMATICALLY GEN"..., 2542) = 2542
read(10, "", 32)                        = 0
close(10)                               = 0
statx(AT_FDCWD, "/home/xolra0d/.cargo/registry/src/index.crates.io-1949cf8c6b5b557f/once_cell-1.21.3", AT_STATX_SYNC_AS_STAT, STATX_ALL, {stx_mask=STATX_ALL|STATX_MNT_ID|STATX_SUBVOL, stx_attributes=0, stx_mode=S_IFDIR|0755, stx_size=304, ...}) = 0
close(9)                                = 0
openat(AT_FDCWD, "/home/xolra0d/.cargo/registry/cache/index.crates.io-1949cf8c6b5b557f/parking_lot_core-0.9.12.crate", O_RDONLY|O_CLOEXEC) = 9
statx(9, "", AT_STATX_SYNC_AS_STAT|AT_EMPTY_PATH, STATX_ALL, {stx_mask=STATX_ALL|STATX_MNT_ID|STATX_SUBVOL, stx_attributes=0, stx_mode=S_IFREG|0644, stx_size=34110, ...}) = 0
openat(AT_FDCWD, "/home/xolra0d/.cargo/registry/src/index.crates.io-1949cf8c6b5b557f/parking_lot_core-0.9.12/.cargo-ok", O_RDONLY|O_CLOEXEC) = 10
statx(10, "", AT_STATX_SYNC_AS_STAT|AT_EMPTY_PATH, STATX_ALL, {stx_mask=STATX_ALL|STATX_MNT_ID|STATX_SUBVOL, stx_attributes=0, stx_mode=S_IFREG|0644, stx_size=7, ...}) = 0
read(10, "{\"v\":1}", 7)                = 7
read(10, "", 32)                        = 0
close(10)                               = 0
openat(AT_FDCWD, "/home/xolra0d/.cargo/registry/src/index.crates.io-1949cf8c6b5b557f/parking_lot_core-0.9.12/Cargo.toml", O_RDONLY|O_CLOEXEC) = 10
statx(10, "", AT_STATX_SYNC_AS_STAT|AT_EMPTY_PATH, STATX_ALL, {stx_mask=STATX_ALL|STATX_MNT_ID|STATX_SUBVOL, stx_attributes=0, stx_mode=S_IFREG|0644, stx_size=1641, ...}) = 0
read(10, "# THIS FILE IS AUTOMATICALLY GEN"..., 1641) = 1641
read(10, "", 32)                        = 0
close(10)                               = 0
brk(0x557067ac4000)                     = 0x557067ac4000
statx(AT_FDCWD, "/home/xolra0d/.cargo/registry/src/index.crates.io-1949cf8c6b5b557f/parking_lot_core-0.9.12", AT_STATX_SYNC_AS_STAT, STATX_ALL, {stx_mask=STATX_ALL|STATX_MNT_ID|STATX_SUBVOL, stx_attributes=0, stx_mode=S_IFDIR|0755, stx_size=200, ...}) = 0
close(9)                                = 0
openat(AT_FDCWD, "/home/xolra0d/.cargo/registry/cache/index.crates.io-1949cf8c6b5b557f/paste-1.0.15.crate", O_RDONLY|O_CLOEXEC) = 9
statx(9, "", AT_STATX_SYNC_AS_STAT|AT_EMPTY_PATH, STATX_ALL, {stx_mask=STATX_ALL|STATX_MNT_ID|STATX_SUBVOL, stx_attributes=0, stx_mode=S_IFREG|0644, stx_size=18374, ...}) = 0
openat(AT_FDCWD, "/home/xolra0d/.cargo/registry/src/index.crates.io-1949cf8c6b5b557f/paste-1.0.15/.cargo-ok", O_RDONLY|O_CLOEXEC) = 10
statx(10, "", AT_STATX_SYNC_AS_STAT|AT_EMPTY_PATH, STATX_ALL, {stx_mask=STATX_ALL|STATX_MNT_ID|STATX_SUBVOL, stx_attributes=0, stx_mode=S_IFREG|0644, stx_size=7, ...}) = 0
read(10, "{\"v\":1}", 7)                = 7
read(10, "", 32)                        = 0
close(10)                               = 0
openat(AT_FDCWD, "/home/xolra0d/.cargo/registry/src/index.crates.io-1949cf8c6b5b557f/paste-1.0.15/Cargo.toml", O_RDONLY|O_CLOEXEC) = 10
statx(10, "", AT_STATX_SYNC_AS_STAT|AT_EMPTY_PATH, STATX_ALL, {stx_mask=STATX_ALL|STATX_MNT_ID|STATX_SUBVOL, stx_attributes=0, stx_mode=S_IFREG|0644, stx_size=1619, ...}) = 0
read(10, "# THIS FILE IS AUTOMATICALLY GEN"..., 1619) = 1619
read(10, "", 32)                        = 0
close(10)                               = 0
statx(AT_FDCWD, "/home/xolra0d/.cargo/registry/src/index.crates.io-1949cf8c6b5b557f/paste-1.0.15/src/lib.rs", AT_STATX_SYNC_AS_STAT, STATX_ALL, {stx_mask=STATX_ALL|STATX_MNT_ID|STATX_SUBVOL, stx_attributes=0, stx_mode=S_IFREG|0644, stx_size=15015, ...}) = 0
statx(AT_FDCWD, "/home/xolra0d/.cargo/registry/src/index.crates.io-1949cf8c6b5b557f/paste-1.0.15", AT_STATX_SYNC_AS_STAT, STATX_ALL, {stx_mask=STATX_ALL|STATX_MNT_ID|STATX_SUBVOL, stx_attributes=0, stx_mode=S_IFDIR|0755, stx_size=242, ...}) = 0
close(9)                                = 0
openat(AT_FDCWD, "/home/xolra0d/.cargo/registry/cache/index.crates.io-1949cf8c6b5b557f/pin-project-lite-0.2.16.crate", O_RDONLY|O_CLOEXEC) = 9
statx(9, "", AT_STATX_SYNC_AS_STAT|AT_EMPTY_PATH, STATX_ALL, {stx_mask=STATX_ALL|STATX_MNT_ID|STATX_SUBVOL, stx_attributes=0, stx_mode=S_IFREG|0644, stx_size=30504, ...}) = 0
openat(AT_FDCWD, "/home/xolra0d/.cargo/registry/src/index.crates.io-1949cf8c6b5b557f/pin-project-lite-0.2.16/.cargo-ok", O_RDONLY|O_CLOEXEC) = 10
statx(10, "", AT_STATX_SYNC_AS_STAT|AT_EMPTY_PATH, STATX_ALL, {stx_mask=STATX_ALL|STATX_MNT_ID|STATX_SUBVOL, stx_attributes=0, stx_mode=S_IFREG|0644, stx_size=7, ...}) = 0
read(10, "{\"v\":1}", 7)                = 7
read(10, "", 32)                        = 0
close(10)                               = 0
openat(AT_FDCWD, "/home/xolra0d/.cargo/registry/src/index.crates.io-1949cf8c6b5b557f/pin-project-lite-0.2.16/Cargo.toml", O_RDONLY|O_CLOEXEC) = 10
statx(10, "", AT_STATX_SYNC_AS_STAT|AT_EMPTY_PATH, STATX_ALL, {stx_mask=STATX_ALL|STATX_MNT_ID|STATX_SUBVOL, stx_attributes=0, stx_mode=S_IFREG|0644, stx_size=3712, ...}) = 0
read(10, "# THIS FILE IS AUTOMATICALLY GEN"..., 3712) = 3712
read(10, "", 32)                        = 0
close(10)                               = 0
brk(0x557067aed000)                     = 0x557067aed000
statx(AT_FDCWD, "/home/xolra0d/.cargo/registry/src/index.crates.io-1949cf8c6b5b557f/pin-project-lite-0.2.16", AT_STATX_SYNC_AS_STAT, STATX_ALL, {stx_mask=STATX_ALL|STATX_MNT_ID|STATX_SUBVOL, stx_attributes=0, stx_mode=S_IFDIR|0755, stx_size=216, ...}) = 0
close(9)                                = 0
openat(AT_FDCWD, "/home/xolra0d/.cargo/registry/cache/index.crates.io-1949cf8c6b5b557f/pin-utils-0.1.0.crate", O_RDONLY|O_CLOEXEC) = 9
statx(9, "", AT_STATX_SYNC_AS_STAT|AT_EMPTY_PATH, STATX_ALL, {stx_mask=STATX_ALL|STATX_MNT_ID|STATX_SUBVOL, stx_attributes=0, stx_mode=S_IFREG|0644, stx_size=7580, ...}) = 0
openat(AT_FDCWD, "/home/xolra0d/.cargo/registry/src/index.crates.io-1949cf8c6b5b557f/pin-utils-0.1.0/.cargo-ok", O_RDONLY|O_CLOEXEC) = 10
statx(10, "", AT_STATX_SYNC_AS_STAT|AT_EMPTY_PATH, STATX_ALL, {stx_mask=STATX_ALL|STATX_MNT_ID|STATX_SUBVOL, stx_attributes=0, stx_mode=S_IFREG|0644, stx_size=7, ...}) = 0
read(10, "{\"v\":1}", 7)                = 7
read(10, "", 32)                        = 0
close(10)                               = 0
openat(AT_FDCWD, "/home/xolra0d/.cargo/registry/src/index.crates.io-1949cf8c6b5b557f/pin-utils-0.1.0/Cargo.toml", O_RDONLY|O_CLOEXEC) = 10
statx(10, "", AT_STATX_SYNC_AS_STAT|AT_EMPTY_PATH, STATX_ALL, {stx_mask=STATX_ALL|STATX_MNT_ID|STATX_SUBVOL, stx_attributes=0, stx_mode=S_IFREG|0644, stx_size=835, ...}) = 0
read(10, "# THIS FILE IS AUTOMATICALLY GEN"..., 835) = 835
read(10, "", 32)                        = 0
close(10)                               = 0
statx(AT_FDCWD, "/home/xolra0d/.cargo/registry/src/index.crates.io-1949cf8c6b5b557f/pin-utils-0.1.0/build.rs", AT_STATX_SYNC_AS_STAT, STATX_ALL, 0x7ffda6d44840) = -1 ENOENT (No such file or directory)
statx(AT_FDCWD, "/home/xolra0d/.cargo/registry/src/index.crates.io-1949cf8c6b5b557f/pin-utils-0.1.0/src/lib.rs", AT_STATX_SYNC_AS_STAT, STATX_ALL, {stx_mask=STATX_ALL|STATX_MNT_ID|STATX_SUBVOL, stx_attributes=0, stx_mode=S_IFREG|0640, stx_size=326, ...}) = 0
statx(AT_FDCWD, "/home/xolra0d/.cargo/registry/src/index.crates.io-1949cf8c6b5b557f/pin-utils-0.1.0/src/main.rs", AT_STATX_SYNC_AS_STAT, STATX_ALL, 0x7ffda6d44920) = -1 ENOENT (No such file or directory)
openat(AT_FDCWD, "/home/xolra0d/.cargo/registry/src/index.crates.io-1949cf8c6b5b557f/pin-utils-0.1.0/src/bin", O_RDONLY|O_NONBLOCK|O_CLOEXEC|O_DIRECTORY) = -1 ENOENT (No such file or directory)
openat(AT_FDCWD, "/home/xolra0d/.cargo/registry/src/index.crates.io-1949cf8c6b5b557f/pin-utils-0.1.0/examples", O_RDONLY|O_NONBLOCK|O_CLOEXEC|O_DIRECTORY) = -1 ENOENT (No such file or directory)
openat(AT_FDCWD, "/home/xolra0d/.cargo/registry/src/index.crates.io-1949cf8c6b5b557f/pin-utils-0.1.0/tests", O_RDONLY|O_NONBLOCK|O_CLOEXEC|O_DIRECTORY) = 10
fstat(10, {st_mode=S_IFDIR|0755, st_size=50, ...}) = 0
getdents64(10, 0x557067ad73f0 /* 4 entries */, 32768) = 120
getdents64(10, 0x557067ad73f0 /* 0 entries */, 32768) = 0
close(10)                               = 0
openat(AT_FDCWD, "/home/xolra0d/.cargo/registry/src/index.crates.io-1949cf8c6b5b557f/pin-utils-0.1.0/benches", O_RDONLY|O_NONBLOCK|O_CLOEXEC|O_DIRECTORY) = -1 ENOENT (No such file or directory)
statx(AT_FDCWD, "/home/xolra0d/.cargo/registry/src/index.crates.io-1949cf8c6b5b557f/pin-utils-0.1.0", AT_STATX_SYNC_AS_STAT, STATX_ALL, {stx_mask=STATX_ALL|STATX_MNT_ID|STATX_SUBVOL, stx_attributes=0, stx_mode=S_IFDIR|0755, stx_size=260, ...}) = 0
close(9)                                = 0
openat(AT_FDCWD, "/home/xolra0d/.cargo/registry/cache/index.crates.io-1949cf8c6b5b557f/proc-macro2-1.0.101.crate", O_RDONLY|O_CLOEXEC) = 9
statx(9, "", AT_STATX_SYNC_AS_STAT|AT_EMPTY_PATH, STATX_ALL, {stx_mask=STATX_ALL|STATX_MNT_ID|STATX_SUBVOL, stx_attributes=0, stx_mode=S_IFREG|0644, stx_size=53886, ...}) = 0
openat(AT_FDCWD, "/home/xolra0d/.cargo/registry/src/index.crates.io-1949cf8c6b5b557f/proc-macro2-1.0.101/.cargo-ok", O_RDONLY|O_CLOEXEC) = 10
statx(10, "", AT_STATX_SYNC_AS_STAT|AT_EMPTY_PATH, STATX_ALL, {stx_mask=STATX_ALL|STATX_MNT_ID|STATX_SUBVOL, stx_attributes=0, stx_mode=S_IFREG|0644, stx_size=7, ...}) = 0
read(10, "{\"v\":1}", 7)                = 7
read(10, "", 32)                        = 0
close(10)                               = 0
openat(AT_FDCWD, "/home/xolra0d/.cargo/registry/src/index.crates.io-1949cf8c6b5b557f/proc-macro2-1.0.101/Cargo.toml", O_RDONLY|O_CLOEXEC) = 10
statx(10, "", AT_STATX_SYNC_AS_STAT|AT_EMPTY_PATH, STATX_ALL, {stx_mask=STATX_ALL|STATX_MNT_ID|STATX_SUBVOL, stx_attributes=0, stx_mode=S_IFREG|0644, stx_size=2426, ...}) = 0
read(10, "# THIS FILE IS AUTOMATICALLY GEN"..., 2426) = 2426
read(10, "", 32)                        = 0
close(10)                               = 0
statx(AT_FDCWD, "/home/xolra0d/.cargo/registry/src/index.crates.io-1949cf8c6b5b557f/proc-macro2-1.0.101", AT_STATX_SYNC_AS_STAT, STATX_ALL, {stx_mask=STATX_ALL|STATX_MNT_ID|STATX_SUBVOL, stx_attributes=0, stx_mode=S_IFDIR|0755, stx_size=300, ...}) = 0
close(9)                                = 0
openat(AT_FDCWD, "/home/xolra0d/.cargo/registry/cache/index.crates.io-1949cf8c6b5b557f/psm-0.1.27.crate", O_RDONLY|O_CLOEXEC) = 9
statx(9, "", AT_STATX_SYNC_AS_STAT|AT_EMPTY_PATH, STATX_ALL, {stx_mask=STATX_ALL|STATX_MNT_ID|STATX_SUBVOL, stx_attributes=0, stx_mode=S_IFREG|0644, stx_size=23817, ...}) = 0
openat(AT_FDCWD, "/home/xolra0d/.cargo/registry/src/index.crates.io-1949cf8c6b5b557f/psm-0.1.27/.cargo-ok", O_RDONLY|O_CLOEXEC) = 10
statx(10, "", AT_STATX_SYNC_AS_STAT|AT_EMPTY_PATH, STATX_ALL, {stx_mask=STATX_ALL|STATX_MNT_ID|STATX_SUBVOL, stx_attributes=0, stx_mode=S_IFREG|0644, stx_size=7, ...}) = 0
read(10, "{\"v\":1}", 7)                = 7
read(10, "", 32)                        = 0
close(10)                               = 0
openat(AT_FDCWD, "/home/xolra0d/.cargo/registry/src/index.crates.io-1949cf8c6b5b557f/psm-0.1.27/Cargo.toml", O_RDONLY|O_CLOEXEC) = 10
statx(10, "", AT_STATX_SYNC_AS_STAT|AT_EMPTY_PATH, STATX_ALL, {stx_mask=STATX_ALL|STATX_MNT_ID|STATX_SUBVOL, stx_attributes=0, stx_mode=S_IFREG|0644, stx_size=1633, ...}) = 0
read(10, "# THIS FILE IS AUTOMATICALLY GEN"..., 1633) = 1633
read(10, "", 32)                        = 0
close(10)                               = 0
brk(0x557067b10000)                     = 0x557067b10000
statx(AT_FDCWD, "/home/xolra0d/.cargo/registry/src/index.crates.io-1949cf8c6b5b557f/psm-0.1.27", AT_STATX_SYNC_AS_STAT, STATX_ALL, {stx_mask=STATX_ALL|STATX_MNT_ID|STATX_SUBVOL, stx_attributes=0, stx_mode=S_IFDIR|0755, stx_size=266, ...}) = 0
close(9)                                = 0
openat(AT_FDCWD, "/home/xolra0d/.cargo/registry/cache/index.crates.io-1949cf8c6b5b557f/ptr_meta-0.3.1.crate", O_RDONLY|O_CLOEXEC) = 9
statx(9, "", AT_STATX_SYNC_AS_STAT|AT_EMPTY_PATH, STATX_ALL, {stx_mask=STATX_ALL|STATX_MNT_ID|STATX_SUBVOL, stx_attributes=0, stx_mode=S_IFREG|0644, stx_size=7717, ...}) = 0
openat(AT_FDCWD, "/home/xolra0d/.cargo/registry/src/index.crates.io-1949cf8c6b5b557f/ptr_meta-0.3.1/.cargo-ok", O_RDONLY|O_CLOEXEC) = 10
statx(10, "", AT_STATX_SYNC_AS_STAT|AT_EMPTY_PATH, STATX_ALL, {stx_mask=STATX_ALL|STATX_MNT_ID|STATX_SUBVOL, stx_attributes=0, stx_mode=S_IFREG|0644, stx_size=7, ...}) = 0
read(10, "{\"v\":1}", 7)                = 7
read(10, "", 32)                        = 0
close(10)                               = 0
openat(AT_FDCWD, "/home/xolra0d/.cargo/registry/src/index.crates.io-1949cf8c6b5b557f/ptr_meta-0.3.1/Cargo.toml", O_RDONLY|O_CLOEXEC) = 10
statx(10, "", AT_STATX_SYNC_AS_STAT|AT_EMPTY_PATH, STATX_ALL, {stx_mask=STATX_ALL|STATX_MNT_ID|STATX_SUBVOL, stx_attributes=0, stx_mode=S_IFREG|0644, stx_size=1203, ...}) = 0
read(10, "# THIS FILE IS AUTOMATICALLY GEN"..., 1203) = 1203
read(10, "", 32)                        = 0
close(10)                               = 0
statx(AT_FDCWD, "/home/xolra0d/.cargo/registry/src/index.crates.io-1949cf8c6b5b557f/ptr_meta-0.3.1", AT_STATX_SYNC_AS_STAT, STATX_ALL, {stx_mask=STATX_ALL|STATX_MNT_ID|STATX_SUBVOL, stx_attributes=0, stx_mode=S_IFDIR|0755, stx_size=186, ...}) = 0
close(9)                                = 0
openat(AT_FDCWD, "/home/xolra0d/.cargo/registry/cache/index.crates.io-1949cf8c6b5b557f/ptr_meta_derive-0.3.1.crate", O_RDONLY|O_CLOEXEC) = 9
statx(9, "", AT_STATX_SYNC_AS_STAT|AT_EMPTY_PATH, STATX_ALL, {stx_mask=STATX_ALL|STATX_MNT_ID|STATX_SUBVOL, stx_attributes=0, stx_mode=S_IFREG|0644, stx_size=4693, ...}) = 0
openat(AT_FDCWD, "/home/xolra0d/.cargo/registry/src/index.crates.io-1949cf8c6b5b557f/ptr_meta_derive-0.3.1/.cargo-ok", O_RDONLY|O_CLOEXEC) = 10
statx(10, "", AT_STATX_SYNC_AS_STAT|AT_EMPTY_PATH, STATX_ALL, {stx_mask=STATX_ALL|STATX_MNT_ID|STATX_SUBVOL, stx_attributes=0, stx_mode=S_IFREG|0644, stx_size=7, ...}) = 0
read(10, "{\"v\":1}", 7)                = 7
read(10, "", 32)                        = 0
close(10)                               = 0
openat(AT_FDCWD, "/home/xolra0d/.cargo/registry/src/index.crates.io-1949cf8c6b5b557f/ptr_meta_derive-0.3.1/Cargo.toml", O_RDONLY|O_CLOEXEC) = 10
statx(10, "", AT_STATX_SYNC_AS_STAT|AT_EMPTY_PATH, STATX_ALL, {stx_mask=STATX_ALL|STATX_MNT_ID|STATX_SUBVOL, stx_attributes=0, stx_mode=S_IFREG|0644, stx_size=1386, ...}) = 0
read(10, "# THIS FILE IS AUTOMATICALLY GEN"..., 1386) = 1386
read(10, "", 32)                        = 0
close(10)                               = 0
statx(AT_FDCWD, "/home/xolra0d/.cargo/registry/src/index.crates.io-1949cf8c6b5b557f/ptr_meta_derive-0.3.1", AT_STATX_SYNC_AS_STAT, STATX_ALL, {stx_mask=STATX_ALL|STATX_MNT_ID|STATX_SUBVOL, stx_attributes=0, stx_mode=S_IFDIR|0755, stx_size=166, ...}) = 0
close(9)                                = 0
openat(AT_FDCWD, "/home/xolra0d/.cargo/registry/cache/index.crates.io-1949cf8c6b5b557f/quote-1.0.41.crate", O_RDONLY|O_CLOEXEC) = 9
statx(9, "", AT_STATX_SYNC_AS_STAT|AT_EMPTY_PATH, STATX_ALL, {stx_mask=STATX_ALL|STATX_MNT_ID|STATX_SUBVOL, stx_attributes=0, stx_mode=S_IFREG|0644, stx_size=31408, ...}) = 0
openat(AT_FDCWD, "/home/xolra0d/.cargo/registry/src/index.crates.io-1949cf8c6b5b557f/quote-1.0.41/.cargo-ok", O_RDONLY|O_CLOEXEC) = 10
statx(10, "", AT_STATX_SYNC_AS_STAT|AT_EMPTY_PATH, STATX_ALL, {stx_mask=STATX_ALL|STATX_MNT_ID|STATX_SUBVOL, stx_attributes=0, stx_mode=S_IFREG|0644, stx_size=7, ...}) = 0
read(10, "{\"v\":1}", 7)                = 7
read(10, "", 32)                        = 0
close(10)                               = 0
openat(AT_FDCWD, "/home/xolra0d/.cargo/registry/src/index.crates.io-1949cf8c6b5b557f/quote-1.0.41/Cargo.toml", O_RDONLY|O_CLOEXEC) = 10
statx(10, "", AT_STATX_SYNC_AS_STAT|AT_EMPTY_PATH, STATX_ALL, {stx_mask=STATX_ALL|STATX_MNT_ID|STATX_SUBVOL, stx_attributes=0, stx_mode=S_IFREG|0644, stx_size=1753, ...}) = 0
read(10, "# THIS FILE IS AUTOMATICALLY GEN"..., 1753) = 1753
read(10, "", 32)                        = 0
close(10)                               = 0
statx(AT_FDCWD, "/home/xolra0d/.cargo/registry/src/index.crates.io-1949cf8c6b5b557f/quote-1.0.41", AT_STATX_SYNC_AS_STAT, STATX_ALL, {stx_mask=STATX_ALL|STATX_MNT_ID|STATX_SUBVOL, stx_attributes=0, stx_mode=S_IFDIR|0755, stx_size=300, ...}) = 0
close(9)                                = 0
openat(AT_FDCWD, "/home/xolra0d/.cargo/registry/cache/index.crates.io-1949cf8c6b5b557f/rancor-0.1.1.crate", O_RDONLY|O_CLOEXEC) = 9
statx(9, "", AT_STATX_SYNC_AS_STAT|AT_EMPTY_PATH, STATX_ALL, {stx_mask=STATX_ALL|STATX_MNT_ID|STATX_SUBVOL, stx_attributes=0, stx_mode=S_IFREG|0644, stx_size=10558, ...}) = 0
openat(AT_FDCWD, "/home/xolra0d/.cargo/registry/src/index.crates.io-1949cf8c6b5b557f/rancor-0.1.1/.cargo-ok", O_RDONLY|O_CLOEXEC) = 10
statx(10, "", AT_STATX_SYNC_AS_STAT|AT_EMPTY_PATH, STATX_ALL, {stx_mask=STATX_ALL|STATX_MNT_ID|STATX_SUBVOL, stx_attributes=0, stx_mode=S_IFREG|0644, stx_size=7, ...}) = 0
read(10, "{\"v\":1}", 7)                = 7
read(10, "", 32)                        = 0
close(10)                               = 0
openat(AT_FDCWD, "/home/xolra0d/.cargo/registry/src/index.crates.io-1949cf8c6b5b557f/rancor-0.1.1/Cargo.toml", O_RDONLY|O_CLOEXEC) = 10
statx(10, "", AT_STATX_SYNC_AS_STAT|AT_EMPTY_PATH, STATX_ALL, {stx_mask=STATX_ALL|STATX_MNT_ID|STATX_SUBVOL, stx_attributes=0, stx_mode=S_IFREG|0644, stx_size=1199, ...}) = 0
read(10, "# THIS FILE IS AUTOMATICALLY GEN"..., 1199) = 1199
read(10, "", 32)                        = 0
close(10)                               = 0
brk(0x557067b33000)                     = 0x557067b33000
statx(AT_FDCWD, "/home/xolra0d/.cargo/registry/src/index.crates.io-1949cf8c6b5b557f/rancor-0.1.1", AT_STATX_SYNC_AS_STAT, STATX_ALL, {stx_mask=STATX_ALL|STATX_MNT_ID|STATX_SUBVOL, stx_attributes=0, stx_mode=S_IFDIR|0755, stx_size=264, ...}) = 0
close(9)                                = 0
openat(AT_FDCWD, "/home/xolra0d/.cargo/registry/cache/index.crates.io-1949cf8c6b5b557f/rayon-1.11.0.crate", O_RDONLY|O_CLOEXEC) = 9
statx(9, "", AT_STATX_SYNC_AS_STAT|AT_EMPTY_PATH, STATX_ALL, {stx_mask=STATX_ALL|STATX_MNT_ID|STATX_SUBVOL, stx_attributes=0, stx_mode=S_IFREG|0644, stx_size=182470, ...}) = 0
openat(AT_FDCWD, "/home/xolra0d/.cargo/registry/src/index.crates.io-1949cf8c6b5b557f/rayon-1.11.0/.cargo-ok", O_RDONLY|O_CLOEXEC) = 10
statx(10, "", AT_STATX_SYNC_AS_STAT|AT_EMPTY_PATH, STATX_ALL, {stx_mask=STATX_ALL|STATX_MNT_ID|STATX_SUBVOL, stx_attributes=0, stx_mode=S_IFREG|0644, stx_size=7, ...}) = 0
read(10, "{\"v\":1}", 7)                = 7
read(10, "", 32)                        = 0
close(10)                               = 0
openat(AT_FDCWD, "/home/xolra0d/.cargo/registry/src/index.crates.io-1949cf8c6b5b557f/rayon-1.11.0/Cargo.toml", O_RDONLY|O_CLOEXEC) = 10
statx(10, "", AT_STATX_SYNC_AS_STAT|AT_EMPTY_PATH, STATX_ALL, {stx_mask=STATX_ALL|STATX_MNT_ID|STATX_SUBVOL, stx_attributes=0, stx_mode=S_IFREG|0644, stx_size=2358, ...}) = 0
read(10, "# THIS FILE IS AUTOMATICALLY GEN"..., 2358) = 2358
read(10, "", 32)                        = 0
close(10)                               = 0
statx(AT_FDCWD, "/home/xolra0d/.cargo/registry/src/index.crates.io-1949cf8c6b5b557f/rayon-1.11.0", AT_STATX_SYNC_AS_STAT, STATX_ALL, {stx_mask=STATX_ALL|STATX_MNT_ID|STATX_SUBVOL, stx_attributes=0, stx_mode=S_IFDIR|0755, stx_size=266, ...}) = 0
close(9)                                = 0
openat(AT_FDCWD, "/home/xolra0d/.cargo/registry/cache/index.crates.io-1949cf8c6b5b557f/rayon-core-1.13.0.crate", O_RDONLY|O_CLOEXEC) = 9
statx(9, "", AT_STATX_SYNC_AS_STAT|AT_EMPTY_PATH, STATX_ALL, {stx_mask=STATX_ALL|STATX_MNT_ID|STATX_SUBVOL, stx_attributes=0, stx_mode=S_IFREG|0644, stx_size=73151, ...}) = 0
openat(AT_FDCWD, "/home/xolra0d/.cargo/registry/src/index.crates.io-1949cf8c6b5b557f/rayon-core-1.13.0/.cargo-ok", O_RDONLY|O_CLOEXEC) = 10
statx(10, "", AT_STATX_SYNC_AS_STAT|AT_EMPTY_PATH, STATX_ALL, {stx_mask=STATX_ALL|STATX_MNT_ID|STATX_SUBVOL, stx_attributes=0, stx_mode=S_IFREG|0644, stx_size=7, ...}) = 0
read(10, "{\"v\":1}", 7)                = 7
read(10, "", 32)                        = 0
close(10)                               = 0
openat(AT_FDCWD, "/home/xolra0d/.cargo/registry/src/index.crates.io-1949cf8c6b5b557f/rayon-core-1.13.0/Cargo.toml", O_RDONLY|O_CLOEXEC) = 10
statx(10, "", AT_STATX_SYNC_AS_STAT|AT_EMPTY_PATH, STATX_ALL, {stx_mask=STATX_ALL|STATX_MNT_ID|STATX_SUBVOL, stx_attributes=0, stx_mode=S_IFREG|0644, stx_size=1937, ...}) = 0
read(10, "# THIS FILE IS AUTOMATICALLY GEN"..., 1937) = 1937
read(10, "", 32)                        = 0
close(10)                               = 0
brk(0x557067b54000)                     = 0x557067b54000
statx(AT_FDCWD, "/home/xolra0d/.cargo/registry/src/index.crates.io-1949cf8c6b5b557f/rayon-core-1.13.0", AT_STATX_SYNC_AS_STAT, STATX_ALL, {stx_mask=STATX_ALL|STATX_MNT_ID|STATX_SUBVOL, stx_attributes=0, stx_mode=S_IFDIR|0755, stx_size=228, ...}) = 0
close(9)                                = 0
openat(AT_FDCWD, "/home/xolra0d/.cargo/registry/cache/index.crates.io-1949cf8c6b5b557f/recursive-0.1.1.crate", O_RDONLY|O_CLOEXEC) = 9
statx(9, "", AT_STATX_SYNC_AS_STAT|AT_EMPTY_PATH, STATX_ALL, {stx_mask=STATX_ALL|STATX_MNT_ID|STATX_SUBVOL, stx_attributes=0, stx_mode=S_IFREG|0644, stx_size=3642, ...}) = 0
openat(AT_FDCWD, "/home/xolra0d/.cargo/registry/src/index.crates.io-1949cf8c6b5b557f/recursive-0.1.1/.cargo-ok", O_RDONLY|O_CLOEXEC) = 10
statx(10, "", AT_STATX_SYNC_AS_STAT|AT_EMPTY_PATH, STATX_ALL, {stx_mask=STATX_ALL|STATX_MNT_ID|STATX_SUBVOL, stx_attributes=0, stx_mode=S_IFREG|0644, stx_size=7, ...}) = 0
read(10, "{\"v\":1}", 7)                = 7
read(10, "", 32)                        = 0
close(10)                               = 0
openat(AT_FDCWD, "/home/xolra0d/.cargo/registry/src/index.crates.io-1949cf8c6b5b557f/recursive-0.1.1/Cargo.toml", O_RDONLY|O_CLOEXEC) = 10
statx(10, "", AT_STATX_SYNC_AS_STAT|AT_EMPTY_PATH, STATX_ALL, {stx_mask=STATX_ALL|STATX_MNT_ID|STATX_SUBVOL, stx_attributes=0, stx_mode=S_IFREG|0644, stx_size=825, ...}) = 0
read(10, "# THIS FILE IS AUTOMATICALLY GEN"..., 825) = 825
read(10, "", 32)                        = 0
close(10)                               = 0
statx(AT_FDCWD, "/home/xolra0d/.cargo/registry/src/index.crates.io-1949cf8c6b5b557f/recursive-0.1.1/build.rs", AT_STATX_SYNC_AS_STAT, STATX_ALL, 0x7ffda6d44840) = -1 ENOENT (No such file or directory)
statx(AT_FDCWD, "/home/xolra0d/.cargo/registry/src/index.crates.io-1949cf8c6b5b557f/recursive-0.1.1/src/lib.rs", AT_STATX_SYNC_AS_STAT, STATX_ALL, {stx_mask=STATX_ALL|STATX_MNT_ID|STATX_SUBVOL, stx_attributes=0, stx_mode=S_IFREG|0644, stx_size=3817, ...}) = 0
statx(AT_FDCWD, "/home/xolra0d/.cargo/registry/src/index.crates.io-1949cf8c6b5b557f/recursive-0.1.1/src/main.rs", AT_STATX_SYNC_AS_STAT, STATX_ALL, 0x7ffda6d44920) = -1 ENOENT (No such file or directory)
openat(AT_FDCWD, "/home/xolra0d/.cargo/registry/src/index.crates.io-1949cf8c6b5b557f/recursive-0.1.1/src/bin", O_RDONLY|O_NONBLOCK|O_CLOEXEC|O_DIRECTORY) = -1 ENOENT (No such file or directory)
openat(AT_FDCWD, "/home/xolra0d/.cargo/registry/src/index.crates.io-1949cf8c6b5b557f/recursive-0.1.1/examples", O_RDONLY|O_NONBLOCK|O_CLOEXEC|O_DIRECTORY) = -1 ENOENT (No such file or directory)
openat(AT_FDCWD, "/home/xolra0d/.cargo/registry/src/index.crates.io-1949cf8c6b5b557f/recursive-0.1.1/tests", O_RDONLY|O_NONBLOCK|O_CLOEXEC|O_DIRECTORY) = 10
fstat(10, {st_mode=S_IFDIR|0755, st_size=14, ...}) = 0
getdents64(10, 0x557067b3ae90 /* 3 entries */, 32768) = 80
getdents64(10, 0x557067b3ae90 /* 0 entries */, 32768) = 0
close(10)                               = 0
openat(AT_FDCWD, "/home/xolra0d/.cargo/registry/src/index.crates.io-1949cf8c6b5b557f/recursive-0.1.1/benches", O_RDONLY|O_NONBLOCK|O_CLOEXEC|O_DIRECTORY) = -1 ENOENT (No such file or directory)
statx(AT_FDCWD, "/home/xolra0d/.cargo/registry/src/index.crates.io-1949cf8c6b5b557f/recursive-0.1.1", AT_STATX_SYNC_AS_STAT, STATX_ALL, {stx_mask=STATX_ALL|STATX_MNT_ID|STATX_SUBVOL, stx_attributes=0, stx_mode=S_IFDIR|0755, stx_size=176, ...}) = 0
close(9)                                = 0
openat(AT_FDCWD, "/home/xolra0d/.cargo/registry/cache/index.crates.io-1949cf8c6b5b557f/recursive-proc-macro-impl-0.1.1.crate", O_RDONLY|O_CLOEXEC) = 9
statx(9, "", AT_STATX_SYNC_AS_STAT|AT_EMPTY_PATH, STATX_ALL, {stx_mask=STATX_ALL|STATX_MNT_ID|STATX_SUBVOL, stx_attributes=0, stx_mode=S_IFREG|0644, stx_size=2213, ...}) = 0
openat(AT_FDCWD, "/home/xolra0d/.cargo/registry/src/index.crates.io-1949cf8c6b5b557f/recursive-proc-macro-impl-0.1.1/.cargo-ok", O_RDONLY|O_CLOEXEC) = 10
statx(10, "", AT_STATX_SYNC_AS_STAT|AT_EMPTY_PATH, STATX_ALL, {stx_mask=STATX_ALL|STATX_MNT_ID|STATX_SUBVOL, stx_attributes=0, stx_mode=S_IFREG|0644, stx_size=7, ...}) = 0
read(10, "{\"v\":1}", 7)                = 7
read(10, "", 32)                        = 0
close(10)                               = 0
openat(AT_FDCWD, "/home/xolra0d/.cargo/registry/src/index.crates.io-1949cf8c6b5b557f/recursive-proc-macro-impl-0.1.1/Cargo.toml", O_RDONLY|O_CLOEXEC) = 10
statx(10, "", AT_STATX_SYNC_AS_STAT|AT_EMPTY_PATH, STATX_ALL, {stx_mask=STATX_ALL|STATX_MNT_ID|STATX_SUBVOL, stx_attributes=0, stx_mode=S_IFREG|0644, stx_size=862, ...}) = 0
read(10, "# THIS FILE IS AUTOMATICALLY GEN"..., 862) = 862
read(10, "", 32)                        = 0
close(10)                               = 0
statx(AT_FDCWD, "/home/xolra0d/.cargo/registry/src/index.crates.io-1949cf8c6b5b557f/recursive-proc-macro-impl-0.1.1/build.rs", AT_STATX_SYNC_AS_STAT, STATX_ALL, 0x7ffda6d44840) = -1 ENOENT (No such file or directory)
statx(AT_FDCWD, "/home/xolra0d/.cargo/registry/src/index.crates.io-1949cf8c6b5b557f/recursive-proc-macro-impl-0.1.1/src/lib.rs", AT_STATX_SYNC_AS_STAT, STATX_ALL, {stx_mask=STATX_ALL|STATX_MNT_ID|STATX_SUBVOL, stx_attributes=0, stx_mode=S_IFREG|0644, stx_size=1446, ...}) = 0
statx(AT_FDCWD, "/home/xolra0d/.cargo/registry/src/index.crates.io-1949cf8c6b5b557f/recursive-proc-macro-impl-0.1.1/src/main.rs", AT_STATX_SYNC_AS_STAT, STATX_ALL, 0x7ffda6d44920) = -1 ENOENT (No such file or directory)
openat(AT_FDCWD, "/home/xolra0d/.cargo/registry/src/index.crates.io-1949cf8c6b5b557f/recursive-proc-macro-impl-0.1.1/src/bin", O_RDONLY|O_NONBLOCK|O_CLOEXEC|O_DIRECTORY) = -1 ENOENT (No such file or directory)
openat(AT_FDCWD, "/home/xolra0d/.cargo/registry/src/index.crates.io-1949cf8c6b5b557f/recursive-proc-macro-impl-0.1.1/examples", O_RDONLY|O_NONBLOCK|O_CLOEXEC|O_DIRECTORY) = -1 ENOENT (No such file or directory)
openat(AT_FDCWD, "/home/xolra0d/.cargo/registry/src/index.crates.io-1949cf8c6b5b557f/recursive-proc-macro-impl-0.1.1/tests", O_RDONLY|O_NONBLOCK|O_CLOEXEC|O_DIRECTORY) = -1 ENOENT (No such file or directory)
openat(AT_FDCWD, "/home/xolra0d/.cargo/registry/src/index.crates.io-1949cf8c6b5b557f/recursive-proc-macro-impl-0.1.1/benches", O_RDONLY|O_NONBLOCK|O_CLOEXEC|O_DIRECTORY) = -1 ENOENT (No such file or directory)
statx(AT_FDCWD, "/home/xolra0d/.cargo/registry/src/index.crates.io-1949cf8c6b5b557f/recursive-proc-macro-impl-0.1.1", AT_STATX_SYNC_AS_STAT, STATX_ALL, {stx_mask=STATX_ALL|STATX_MNT_ID|STATX_SUBVOL, stx_attributes=0, stx_mode=S_IFDIR|0755, stx_size=146, ...}) = 0
close(9)                                = 0
openat(AT_FDCWD, "/home/xolra0d/.cargo/registry/cache/index.crates.io-1949cf8c6b5b557f/regex-1.11.3.crate", O_RDONLY|O_CLOEXEC) = 9
statx(9, "", AT_STATX_SYNC_AS_STAT|AT_EMPTY_PATH, STATX_ALL, {stx_mask=STATX_ALL|STATX_MNT_ID|STATX_SUBVOL, stx_attributes=0, stx_mode=S_IFREG|0644, stx_size=163275, ...}) = 0
openat(AT_FDCWD, "/home/xolra0d/.cargo/registry/src/index.crates.io-1949cf8c6b5b557f/regex-1.11.3/.cargo-ok", O_RDONLY|O_CLOEXEC) = 10
statx(10, "", AT_STATX_SYNC_AS_STAT|AT_EMPTY_PATH, STATX_ALL, {stx_mask=STATX_ALL|STATX_MNT_ID|STATX_SUBVOL, stx_attributes=0, stx_mode=S_IFREG|0644, stx_size=7, ...}) = 0
read(10, "{\"v\":1}", 7)                = 7
read(10, "", 32)                        = 0
close(10)                               = 0
openat(AT_FDCWD, "/home/xolra0d/.cargo/registry/src/index.crates.io-1949cf8c6b5b557f/regex-1.11.3/Cargo.toml", O_RDONLY|O_CLOEXEC) = 10
statx(10, "", AT_STATX_SYNC_AS_STAT|AT_EMPTY_PATH, STATX_ALL, {stx_mask=STATX_ALL|STATX_MNT_ID|STATX_SUBVOL, stx_attributes=0, stx_mode=S_IFREG|0644, stx_size=4037, ...}) = 0
read(10, "# THIS FILE IS AUTOMATICALLY GEN"..., 4037) = 4037
read(10, "", 32)                        = 0
close(10)                               = 0
brk(0x557067b7a000)                     = 0x557067b7a000
statx(AT_FDCWD, "/home/xolra0d/.cargo/registry/src/index.crates.io-1949cf8c6b5b557f/regex-1.11.3", AT_STATX_SYNC_AS_STAT, STATX_ALL, {stx_mask=STATX_ALL|STATX_MNT_ID|STATX_SUBVOL, stx_attributes=0, stx_mode=S_IFDIR|0755, stx_size=362, ...}) = 0
close(9)                                = 0
openat(AT_FDCWD, "/home/xolra0d/.cargo/registry/cache/index.crates.io-1949cf8c6b5b557f/regex-automata-0.4.11.crate", O_RDONLY|O_CLOEXEC) = 9
statx(9, "", AT_STATX_SYNC_AS_STAT|AT_EMPTY_PATH, STATX_ALL, {stx_mask=STATX_ALL|STATX_MNT_ID|STATX_SUBVOL, stx_attributes=0, stx_mode=S_IFREG|0644, stx_size=622880, ...}) = 0
openat(AT_FDCWD, "/home/xolra0d/.cargo/registry/src/index.crates.io-1949cf8c6b5b557f/regex-automata-0.4.11/.cargo-ok", O_RDONLY|O_CLOEXEC) = 10
statx(10, "", AT_STATX_SYNC_AS_STAT|AT_EMPTY_PATH, STATX_ALL, {stx_mask=STATX_ALL|STATX_MNT_ID|STATX_SUBVOL, stx_attributes=0, stx_mode=S_IFREG|0644, stx_size=7, ...}) = 0
read(10, "{\"v\":1}", 7)                = 7
read(10, "", 32)                        = 0
close(10)                               = 0
openat(AT_FDCWD, "/home/xolra0d/.cargo/registry/src/index.crates.io-1949cf8c6b5b557f/regex-automata-0.4.11/Cargo.toml", O_RDONLY|O_CLOEXEC) = 10
statx(10, "", AT_STATX_SYNC_AS_STAT|AT_EMPTY_PATH, STATX_ALL, {stx_mask=STATX_ALL|STATX_MNT_ID|STATX_SUBVOL, stx_attributes=0, stx_mode=S_IFREG|0644, stx_size=3792, ...}) = 0
read(10, "# THIS FILE IS AUTOMATICALLY GEN"..., 3792) = 3792
read(10, "", 32)                        = 0
close(10)                               = 0
brk(0x557067b9c000)                     = 0x557067b9c000
statx(AT_FDCWD, "/home/xolra0d/.cargo/registry/src/index.crates.io-1949cf8c6b5b557f/regex-automata-0.4.11", AT_STATX_SYNC_AS_STAT, STATX_ALL, {stx_mask=STATX_ALL|STATX_MNT_ID|STATX_SUBVOL, stx_attributes=0, stx_mode=S_IFDIR|0755, stx_size=220, ...}) = 0
close(9)                                = 0
openat(AT_FDCWD, "/home/xolra0d/.cargo/registry/cache/index.crates.io-1949cf8c6b5b557f/regex-syntax-0.8.6.crate", O_RDONLY|O_CLOEXEC) = 9
statx(9, "", AT_STATX_SYNC_AS_STAT|AT_EMPTY_PATH, STATX_ALL, {stx_mask=STATX_ALL|STATX_MNT_ID|STATX_SUBVOL, stx_attributes=0, stx_mode=S_IFREG|0644, stx_size=358808, ...}) = 0
openat(AT_FDCWD, "/home/xolra0d/.cargo/registry/src/index.crates.io-1949cf8c6b5b557f/regex-syntax-0.8.6/.cargo-ok", O_RDONLY|O_CLOEXEC) = 10
statx(10, "", AT_STATX_SYNC_AS_STAT|AT_EMPTY_PATH, STATX_ALL, {stx_mask=STATX_ALL|STATX_MNT_ID|STATX_SUBVOL, stx_attributes=0, stx_mode=S_IFREG|0644, stx_size=7, ...}) = 0
read(10, "{\"v\":1}", 7)                = 7
read(10, "", 32)                        = 0
close(10)                               = 0
openat(AT_FDCWD, "/home/xolra0d/.cargo/registry/src/index.crates.io-1949cf8c6b5b557f/regex-syntax-0.8.6/Cargo.toml", O_RDONLY|O_CLOEXEC) = 10
statx(10, "", AT_STATX_SYNC_AS_STAT|AT_EMPTY_PATH, STATX_ALL, {stx_mask=STATX_ALL|STATX_MNT_ID|STATX_SUBVOL, stx_attributes=0, stx_mode=S_IFREG|0644, stx_size=1679, ...}) = 0
read(10, "# THIS FILE IS AUTOMATICALLY GEN"..., 1679) = 1679
read(10, "", 32)                        = 0
close(10)                               = 0
statx(AT_FDCWD, "/home/xolra0d/.cargo/registry/src/index.crates.io-1949cf8c6b5b557f/regex-syntax-0.8.6", AT_STATX_SYNC_AS_STAT, STATX_ALL, {stx_mask=STATX_ALL|STATX_MNT_ID|STATX_SUBVOL, stx_attributes=0, stx_mode=S_IFDIR|0755, stx_size=224, ...}) = 0
close(9)                                = 0
openat(AT_FDCWD, "/home/xolra0d/.cargo/registry/cache/index.crates.io-1949cf8c6b5b557f/rend-0.5.3.crate", O_RDONLY|O_CLOEXEC) = 9
statx(9, "", AT_STATX_SYNC_AS_STAT|AT_EMPTY_PATH, STATX_ALL, {stx_mask=STATX_ALL|STATX_MNT_ID|STATX_SUBVOL, stx_attributes=0, stx_mode=S_IFREG|0644, stx_size=15823, ...}) = 0
openat(AT_FDCWD, "/home/xolra0d/.cargo/registry/src/index.crates.io-1949cf8c6b5b557f/rend-0.5.3/.cargo-ok", O_RDONLY|O_CLOEXEC) = 10
statx(10, "", AT_STATX_SYNC_AS_STAT|AT_EMPTY_PATH, STATX_ALL, {stx_mask=STATX_ALL|STATX_MNT_ID|STATX_SUBVOL, stx_attributes=0, stx_mode=S_IFREG|0644, stx_size=7, ...}) = 0
read(10, "{\"v\":1}", 7)                = 7
read(10, "", 32)                        = 0
close(10)                               = 0
openat(AT_FDCWD, "/home/xolra0d/.cargo/registry/src/index.crates.io-1949cf8c6b5b557f/rend-0.5.3/Cargo.toml", O_RDONLY|O_CLOEXEC) = 10
statx(10, "", AT_STATX_SYNC_AS_STAT|AT_EMPTY_PATH, STATX_ALL, {stx_mask=STATX_ALL|STATX_MNT_ID|STATX_SUBVOL, stx_attributes=0, stx_mode=S_IFREG|0644, stx_size=1451, ...}) = 0
read(10, "# THIS FILE IS AUTOMATICALLY GEN"..., 1451) = 1451
read(10, "", 32)                        = 0
close(10)                               = 0
statx(AT_FDCWD, "/home/xolra0d/.cargo/registry/src/index.crates.io-1949cf8c6b5b557f/rend-0.5.3", AT_STATX_SYNC_AS_STAT, STATX_ALL, {stx_mask=STATX_ALL|STATX_MNT_ID|STATX_SUBVOL, stx_attributes=0, stx_mode=S_IFDIR|0755, stx_size=298, ...}) = 0
close(9)                                = 0
openat(AT_FDCWD, "/home/xolra0d/.cargo/registry/cache/index.crates.io-1949cf8c6b5b557f/rkyv-0.8.12.crate", O_RDONLY|O_CLOEXEC) = 9
statx(9, "", AT_STATX_SYNC_AS_STAT|AT_EMPTY_PATH, STATX_ALL, {stx_mask=STATX_ALL|STATX_MNT_ID|STATX_SUBVOL, stx_attributes=0, stx_mode=S_IFREG|0644, stx_size=169611, ...}) = 0
openat(AT_FDCWD, "/home/xolra0d/.cargo/registry/src/index.crates.io-1949cf8c6b5b557f/rkyv-0.8.12/.cargo-ok", O_RDONLY|O_CLOEXEC) = 10
statx(10, "", AT_STATX_SYNC_AS_STAT|AT_EMPTY_PATH, STATX_ALL, {stx_mask=STATX_ALL|STATX_MNT_ID|STATX_SUBVOL, stx_attributes=0, stx_mode=S_IFREG|0644, stx_size=7, ...}) = 0
read(10, "{\"v\":1}", 7)                = 7
read(10, "", 32)                        = 0
close(10)                               = 0
openat(AT_FDCWD, "/home/xolra0d/.cargo/registry/src/index.crates.io-1949cf8c6b5b557f/rkyv-0.8.12/Cargo.toml", O_RDONLY|O_CLOEXEC) = 10
statx(10, "", AT_STATX_SYNC_AS_STAT|AT_EMPTY_PATH, STATX_ALL, {stx_mask=STATX_ALL|STATX_MNT_ID|STATX_SUBVOL, stx_attributes=0, stx_mode=S_IFREG|0644, stx_size=4636, ...}) = 0
read(10, "# THIS FILE IS AUTOMATICALLY GEN"..., 4636) = 4636
read(10, "", 32)                        = 0
close(10)                               = 0
brk(0x557067bc8000)                     = 0x557067bc8000
statx(AT_FDCWD, "/home/xolra0d/.cargo/registry/src/index.crates.io-1949cf8c6b5b557f/rkyv-0.8.12", AT_STATX_SYNC_AS_STAT, STATX_ALL, {stx_mask=STATX_ALL|STATX_MNT_ID|STATX_SUBVOL, stx_attributes=0, stx_mode=S_IFDIR|0755, stx_size=206, ...}) = 0
close(9)                                = 0
openat(AT_FDCWD, "/home/xolra0d/.cargo/registry/cache/index.crates.io-1949cf8c6b5b557f/rkyv_derive-0.8.12.crate", O_RDONLY|O_CLOEXEC) = 9
statx(9, "", AT_STATX_SYNC_AS_STAT|AT_EMPTY_PATH, STATX_ALL, {stx_mask=STATX_ALL|STATX_MNT_ID|STATX_SUBVOL, stx_attributes=0, stx_mode=S_IFREG|0644, stx_size=22719, ...}) = 0
openat(AT_FDCWD, "/home/xolra0d/.cargo/registry/src/index.crates.io-1949cf8c6b5b557f/rkyv_derive-0.8.12/.cargo-ok", O_RDONLY|O_CLOEXEC) = 10
statx(10, "", AT_STATX_SYNC_AS_STAT|AT_EMPTY_PATH, STATX_ALL, {stx_mask=STATX_ALL|STATX_MNT_ID|STATX_SUBVOL, stx_attributes=0, stx_mode=S_IFREG|0644, stx_size=7, ...}) = 0
read(10, "{\"v\":1}", 7)                = 7
read(10, "", 32)                        = 0
close(10)                               = 0
openat(AT_FDCWD, "/home/xolra0d/.cargo/registry/src/index.crates.io-1949cf8c6b5b557f/rkyv_derive-0.8.12/Cargo.toml", O_RDONLY|O_CLOEXEC) = 10
statx(10, "", AT_STATX_SYNC_AS_STAT|AT_EMPTY_PATH, STATX_ALL, {stx_mask=STATX_ALL|STATX_MNT_ID|STATX_SUBVOL, stx_attributes=0, stx_mode=S_IFREG|0644, stx_size=1491, ...}) = 0
read(10, "# THIS FILE IS AUTOMATICALLY GEN"..., 1491) = 1491
read(10, "", 32)                        = 0
close(10)                               = 0
statx(AT_FDCWD, "/home/xolra0d/.cargo/registry/src/index.crates.io-1949cf8c6b5b557f/rkyv_derive-0.8.12", AT_STATX_SYNC_AS_STAT, STATX_ALL, {stx_mask=STATX_ALL|STATX_MNT_ID|STATX_SUBVOL, stx_attributes=0, stx_mode=S_IFDIR|0755, stx_size=166, ...}) = 0
close(9)                                = 0
openat(AT_FDCWD, "/home/xolra0d/.cargo/registry/cache/index.crates.io-1949cf8c6b5b557f/rmp-0.8.14.crate", O_RDONLY|O_CLOEXEC) = 9
statx(9, "", AT_STATX_SYNC_AS_STAT|AT_EMPTY_PATH, STATX_ALL, {stx_mask=STATX_ALL|STATX_MNT_ID|STATX_SUBVOL, stx_attributes=0, stx_mode=S_IFREG|0644, stx_size=29687, ...}) = 0
openat(AT_FDCWD, "/home/xolra0d/.cargo/registry/src/index.crates.io-1949cf8c6b5b557f/rmp-0.8.14/.cargo-ok", O_RDONLY|O_CLOEXEC) = 10
statx(10, "", AT_STATX_SYNC_AS_STAT|AT_EMPTY_PATH, STATX_ALL, {stx_mask=STATX_ALL|STATX_MNT_ID|STATX_SUBVOL, stx_attributes=0, stx_mode=S_IFREG|0644, stx_size=7, ...}) = 0
read(10, "{\"v\":1}", 7)                = 7
read(10, "", 32)                        = 0
close(10)                               = 0
openat(AT_FDCWD, "/home/xolra0d/.cargo/registry/src/index.crates.io-1949cf8c6b5b557f/rmp-0.8.14/Cargo.toml", O_RDONLY|O_CLOEXEC) = 10
statx(10, "", AT_STATX_SYNC_AS_STAT|AT_EMPTY_PATH, STATX_ALL, {stx_mask=STATX_ALL|STATX_MNT_ID|STATX_SUBVOL, stx_attributes=0, stx_mode=S_IFREG|0644, stx_size=1275, ...}) = 0
read(10, "# THIS FILE IS AUTOMATICALLY GEN"..., 1275) = 1275
read(10, "", 32)                        = 0
close(10)                               = 0
statx(AT_FDCWD, "/home/xolra0d/.cargo/registry/src/index.crates.io-1949cf8c6b5b557f/rmp-0.8.14/build.rs", AT_STATX_SYNC_AS_STAT, STATX_ALL, 0x7ffda6d44840) = -1 ENOENT (No such file or directory)
statx(AT_FDCWD, "/home/xolra0d/.cargo/registry/src/index.crates.io-1949cf8c6b5b557f/rmp-0.8.14/src/lib.rs", AT_STATX_SYNC_AS_STAT, STATX_ALL, {stx_mask=STATX_ALL|STATX_MNT_ID|STATX_SUBVOL, stx_attributes=0, stx_mode=S_IFREG|0644, stx_size=323, ...}) = 0
statx(AT_FDCWD, "/home/xolra0d/.cargo/registry/src/index.crates.io-1949cf8c6b5b557f/rmp-0.8.14/src/main.rs", AT_STATX_SYNC_AS_STAT, STATX_ALL, 0x7ffda6d44920) = -1 ENOENT (No such file or directory)
openat(AT_FDCWD, "/home/xolra0d/.cargo/registry/src/index.crates.io-1949cf8c6b5b557f/rmp-0.8.14/src/bin", O_RDONLY|O_NONBLOCK|O_CLOEXEC|O_DIRECTORY) = -1 ENOENT (No such file or directory)
openat(AT_FDCWD, "/home/xolra0d/.cargo/registry/src/index.crates.io-1949cf8c6b5b557f/rmp-0.8.14/examples", O_RDONLY|O_NONBLOCK|O_CLOEXEC|O_DIRECTORY) = 10
fstat(10, {st_mode=S_IFDIR|0755, st_size=20, ...}) = 0
getdents64(10, 0x557067bbb190 /* 3 entries */, 32768) = 80
getdents64(10, 0x557067bbb190 /* 0 entries */, 32768) = 0
close(10)                               = 0
openat(AT_FDCWD, "/home/xolra0d/.cargo/registry/src/index.crates.io-1949cf8c6b5b557f/rmp-0.8.14/tests", O_RDONLY|O_NONBLOCK|O_CLOEXEC|O_DIRECTORY) = 10
fstat(10, {st_mode=S_IFDIR|0755, st_size=20, ...}) = 0
getdents64(10, 0x557067bbb460 /* 4 entries */, 32768) = 104
statx(AT_FDCWD, "/home/xolra0d/.cargo/registry/src/index.crates.io-1949cf8c6b5b557f/rmp-0.8.14/tests/func/main.rs", AT_STATX_SYNC_AS_STAT, STATX_ALL, 0x7ffda6d44210) = -1 ENOENT (No such file or directory)
getdents64(10, 0x557067bbb460 /* 0 entries */, 32768) = 0
close(10)                               = 0
openat(AT_FDCWD, "/home/xolra0d/.cargo/registry/src/index.crates.io-1949cf8c6b5b557f/rmp-0.8.14/benches", O_RDONLY|O_NONBLOCK|O_CLOEXEC|O_DIRECTORY) = 10
fstat(10, {st_mode=S_IFDIR|0755, st_size=16, ...}) = 0
getdents64(10, 0x557067bbb730 /* 3 entries */, 32768) = 80
getdents64(10, 0x557067bbb730 /* 0 entries */, 32768) = 0
close(10)                               = 0
statx(AT_FDCWD, "/home/xolra0d/.cargo/registry/src/index.crates.io-1949cf8c6b5b557f/rmp-0.8.14", AT_STATX_SYNC_AS_STAT, STATX_ALL, {stx_mask=STATX_ALL|STATX_MNT_ID|STATX_SUBVOL, stx_attributes=0, stx_mode=S_IFDIR|0755, stx_size=252, ...}) = 0
close(9)                                = 0
openat(AT_FDCWD, "/home/xolra0d/.cargo/registry/cache/index.crates.io-1949cf8c6b5b557f/rmp-serde-1.3.0.crate", O_RDONLY|O_CLOEXEC) = 9
statx(9, "", AT_STATX_SYNC_AS_STAT|AT_EMPTY_PATH, STATX_ALL, {stx_mask=STATX_ALL|STATX_MNT_ID|STATX_SUBVOL, stx_attributes=0, stx_mode=S_IFREG|0644, stx_size=33025, ...}) = 0
openat(AT_FDCWD, "/home/xolra0d/.cargo/registry/src/index.crates.io-1949cf8c6b5b557f/rmp-serde-1.3.0/.cargo-ok", O_RDONLY|O_CLOEXEC) = 10
statx(10, "", AT_STATX_SYNC_AS_STAT|AT_EMPTY_PATH, STATX_ALL, {stx_mask=STATX_ALL|STATX_MNT_ID|STATX_SUBVOL, stx_attributes=0, stx_mode=S_IFREG|0644, stx_size=7, ...}) = 0
read(10, "{\"v\":1}", 7)                = 7
read(10, "", 32)                        = 0
close(10)                               = 0
openat(AT_FDCWD, "/home/xolra0d/.cargo/registry/src/index.crates.io-1949cf8c6b5b557f/rmp-serde-1.3.0/Cargo.toml", O_RDONLY|O_CLOEXEC) = 10
statx(10, "", AT_STATX_SYNC_AS_STAT|AT_EMPTY_PATH, STATX_ALL, {stx_mask=STATX_ALL|STATX_MNT_ID|STATX_SUBVOL, stx_attributes=0, stx_mode=S_IFREG|0644, stx_size=1226, ...}) = 0
read(10, "# THIS FILE IS AUTOMATICALLY GEN"..., 1226) = 1226
read(10, "", 32)                        = 0
close(10)                               = 0
brk(0x557067be9000)                     = 0x557067be9000
statx(AT_FDCWD, "/home/xolra0d/.cargo/registry/src/index.crates.io-1949cf8c6b5b557f/rmp-serde-1.3.0/build.rs", AT_STATX_SYNC_AS_STAT, STATX_ALL, 0x7ffda6d44840) = -1 ENOENT (No such file or directory)
statx(AT_FDCWD, "/home/xolra0d/.cargo/registry/src/index.crates.io-1949cf8c6b5b557f/rmp-serde-1.3.0/src/lib.rs", AT_STATX_SYNC_AS_STAT, STATX_ALL, {stx_mask=STATX_ALL|STATX_MNT_ID|STATX_SUBVOL, stx_attributes=0, stx_mode=S_IFREG|0644, stx_size=8392, ...}) = 0
statx(AT_FDCWD, "/home/xolra0d/.cargo/registry/src/index.crates.io-1949cf8c6b5b557f/rmp-serde-1.3.0/src/main.rs", AT_STATX_SYNC_AS_STAT, STATX_ALL, 0x7ffda6d44920) = -1 ENOENT (No such file or directory)
openat(AT_FDCWD, "/home/xolra0d/.cargo/registry/src/index.crates.io-1949cf8c6b5b557f/rmp-serde-1.3.0/src/bin", O_RDONLY|O_NONBLOCK|O_CLOEXEC|O_DIRECTORY) = -1 ENOENT (No such file or directory)
openat(AT_FDCWD, "/home/xolra0d/.cargo/registry/src/index.crates.io-1949cf8c6b5b557f/rmp-serde-1.3.0/examples", O_RDONLY|O_NONBLOCK|O_CLOEXEC|O_DIRECTORY) = -1 ENOENT (No such file or directory)
openat(AT_FDCWD, "/home/xolra0d/.cargo/registry/src/index.crates.io-1949cf8c6b5b557f/rmp-serde-1.3.0/tests", O_RDONLY|O_NONBLOCK|O_CLOEXEC|O_DIRECTORY) = 10
fstat(10, {st_mode=S_IFDIR|0755, st_size=116, ...}) = 0
getdents64(10, 0x557067bcb330 /* 7 entries */, 32768) = 224
getdents64(10, 0x557067bcb330 /* 0 entries */, 32768) = 0
close(10)                               = 0
openat(AT_FDCWD, "/home/xolra0d/.cargo/registry/src/index.crates.io-1949cf8c6b5b557f/rmp-serde-1.3.0/benches", O_RDONLY|O_NONBLOCK|O_CLOEXEC|O_DIRECTORY) = 10
fstat(10, {st_mode=S_IFDIR|0755, st_size=12, ...}) = 0
getdents64(10, 0x557067bcb330 /* 3 entries */, 32768) = 80
getdents64(10, 0x557067bcb330 /* 0 entries */, 32768) = 0
close(10)                               = 0
statx(AT_FDCWD, "/home/xolra0d/.cargo/registry/src/index.crates.io-1949cf8c6b5b557f/rmp-serde-1.3.0", AT_STATX_SYNC_AS_STAT, STATX_ALL, {stx_mask=STATX_ALL|STATX_MNT_ID|STATX_SUBVOL, stx_attributes=0, stx_mode=S_IFDIR|0755, stx_size=194, ...}) = 0
close(9)                                = 0
openat(AT_FDCWD, "/home/xolra0d/.cargo/registry/cache/index.crates.io-1949cf8c6b5b557f/scopeguard-1.2.0.crate", O_RDONLY|O_CLOEXEC) = 9
statx(9, "", AT_STATX_SYNC_AS_STAT|AT_EMPTY_PATH, STATX_ALL, {stx_mask=STATX_ALL|STATX_MNT_ID|STATX_SUBVOL, stx_attributes=0, stx_mode=S_IFREG|0644, stx_size=11619, ...}) = 0
openat(AT_FDCWD, "/home/xolra0d/.cargo/registry/src/index.crates.io-1949cf8c6b5b557f/scopeguard-1.2.0/.cargo-ok", O_RDONLY|O_CLOEXEC) = 10
statx(10, "", AT_STATX_SYNC_AS_STAT|AT_EMPTY_PATH, STATX_ALL, {stx_mask=STATX_ALL|STATX_MNT_ID|STATX_SUBVOL, stx_attributes=0, stx_mode=S_IFREG|0644, stx_size=7, ...}) = 0
read(10, "{\"v\":1}", 7)                = 7
read(10, "", 32)                        = 0
close(10)                               = 0
openat(AT_FDCWD, "/home/xolra0d/.cargo/registry/src/index.crates.io-1949cf8c6b5b557f/scopeguard-1.2.0/Cargo.toml", O_RDONLY|O_CLOEXEC) = 10
statx(10, "", AT_STATX_SYNC_AS_STAT|AT_EMPTY_PATH, STATX_ALL, {stx_mask=STATX_ALL|STATX_MNT_ID|STATX_SUBVOL, stx_attributes=0, stx_mode=S_IFREG|0644, stx_size=1199, ...}) = 0
read(10, "# THIS FILE IS AUTOMATICALLY GEN"..., 1199) = 1199
read(10, "", 32)                        = 0
close(10)                               = 0
statx(AT_FDCWD, "/home/xolra0d/.cargo/registry/src/index.crates.io-1949cf8c6b5b557f/scopeguard-1.2.0/build.rs", AT_STATX_SYNC_AS_STAT, STATX_ALL, 0x7ffda6d44840) = -1 ENOENT (No such file or directory)
statx(AT_FDCWD, "/home/xolra0d/.cargo/registry/src/index.crates.io-1949cf8c6b5b557f/scopeguard-1.2.0/src/lib.rs", AT_STATX_SYNC_AS_STAT, STATX_ALL, {stx_mask=STATX_ALL|STATX_MNT_ID|STATX_SUBVOL, stx_attributes=0, stx_mode=S_IFREG|0644, stx_size=17139, ...}) = 0
statx(AT_FDCWD, "/home/xolra0d/.cargo/registry/src/index.crates.io-1949cf8c6b5b557f/scopeguard-1.2.0/src/main.rs", AT_STATX_SYNC_AS_STAT, STATX_ALL, 0x7ffda6d44920) = -1 ENOENT (No such file or directory)
openat(AT_FDCWD, "/home/xolra0d/.cargo/registry/src/index.crates.io-1949cf8c6b5b557f/scopeguard-1.2.0/src/bin", O_RDONLY|O_NONBLOCK|O_CLOEXEC|O_DIRECTORY) = -1 ENOENT (No such file or directory)
openat(AT_FDCWD, "/home/xolra0d/.cargo/registry/src/index.crates.io-1949cf8c6b5b557f/scopeguard-1.2.0/examples", O_RDONLY|O_NONBLOCK|O_CLOEXEC|O_DIRECTORY) = 10
fstat(10, {st_mode=S_IFDIR|0755, st_size=18, ...}) = 0
getdents64(10, 0x557067bd6f40 /* 3 entries */, 32768) = 80
getdents64(10, 0x557067bd6f40 /* 0 entries */, 32768) = 0
close(10)                               = 0
openat(AT_FDCWD, "/home/xolra0d/.cargo/registry/src/index.crates.io-1949cf8c6b5b557f/scopeguard-1.2.0/tests", O_RDONLY|O_NONBLOCK|O_CLOEXEC|O_DIRECTORY) = -1 ENOENT (No such file or directory)
openat(AT_FDCWD, "/home/xolra0d/.cargo/registry/src/index.crates.io-1949cf8c6b5b557f/scopeguard-1.2.0/benches", O_RDONLY|O_NONBLOCK|O_CLOEXEC|O_DIRECTORY) = -1 ENOENT (No such file or directory)
statx(AT_FDCWD, "/home/xolra0d/.cargo/registry/src/index.crates.io-1949cf8c6b5b557f/scopeguard-1.2.0", AT_STATX_SYNC_AS_STAT, STATX_ALL, {stx_mask=STATX_ALL|STATX_MNT_ID|STATX_SUBVOL, stx_attributes=0, stx_mode=S_IFDIR|0755, stx_size=252, ...}) = 0
close(9)                                = 0
openat(AT_FDCWD, "/home/xolra0d/.cargo/registry/cache/index.crates.io-1949cf8c6b5b557f/serde-1.0.228.crate", O_RDONLY|O_CLOEXEC) = 9
statx(9, "", AT_STATX_SYNC_AS_STAT|AT_EMPTY_PATH, STATX_ALL, {stx_mask=STATX_ALL|STATX_MNT_ID|STATX_SUBVOL, stx_attributes=0, stx_mode=S_IFREG|0644, stx_size=83652, ...}) = 0
openat(AT_FDCWD, "/home/xolra0d/.cargo/registry/src/index.crates.io-1949cf8c6b5b557f/serde-1.0.228/.cargo-ok", O_RDONLY|O_CLOEXEC) = 10
statx(10, "", AT_STATX_SYNC_AS_STAT|AT_EMPTY_PATH, STATX_ALL, {stx_mask=STATX_ALL|STATX_MNT_ID|STATX_SUBVOL, stx_attributes=0, stx_mode=S_IFREG|0644, stx_size=7, ...}) = 0
read(10, "{\"v\":1}", 7)                = 7
read(10, "", 32)                        = 0
close(10)                               = 0
openat(AT_FDCWD, "/home/xolra0d/.cargo/registry/src/index.crates.io-1949cf8c6b5b557f/serde-1.0.228/Cargo.toml", O_RDONLY|O_CLOEXEC) = 10
statx(10, "", AT_STATX_SYNC_AS_STAT|AT_EMPTY_PATH, STATX_ALL, {stx_mask=STATX_ALL|STATX_MNT_ID|STATX_SUBVOL, stx_attributes=0, stx_mode=S_IFREG|0644, stx_size=1969, ...}) = 0
read(10, "# THIS FILE IS AUTOMATICALLY GEN"..., 1969) = 1969
read(10, "", 32)                        = 0
close(10)                               = 0
statx(AT_FDCWD, "/home/xolra0d/.cargo/registry/src/index.crates.io-1949cf8c6b5b557f/serde-1.0.228", AT_STATX_SYNC_AS_STAT, STATX_ALL, {stx_mask=STATX_ALL|STATX_MNT_ID|STATX_SUBVOL, stx_attributes=0, stx_mode=S_IFDIR|0755, stx_size=242, ...}) = 0
close(9)                                = 0
openat(AT_FDCWD, "/home/xolra0d/.cargo/registry/cache/index.crates.io-1949cf8c6b5b557f/serde_core-1.0.228.crate", O_RDONLY|O_CLOEXEC) = 9
statx(9, "", AT_STATX_SYNC_AS_STAT|AT_EMPTY_PATH, STATX_ALL, {stx_mask=STATX_ALL|STATX_MNT_ID|STATX_SUBVOL, stx_attributes=0, stx_mode=S_IFREG|0644, stx_size=63111, ...}) = 0
openat(AT_FDCWD, "/home/xolra0d/.cargo/registry/src/index.crates.io-1949cf8c6b5b557f/serde_core-1.0.228/.cargo-ok", O_RDONLY|O_CLOEXEC) = 10
statx(10, "", AT_STATX_SYNC_AS_STAT|AT_EMPTY_PATH, STATX_ALL, {stx_mask=STATX_ALL|STATX_MNT_ID|STATX_SUBVOL, stx_attributes=0, stx_mode=S_IFREG|0644, stx_size=7, ...}) = 0
read(10, "{\"v\":1}", 7)                = 7
read(10, "", 32)                        = 0
close(10)                               = 0
openat(AT_FDCWD, "/home/xolra0d/.cargo/registry/src/index.crates.io-1949cf8c6b5b557f/serde_core-1.0.228/Cargo.toml", O_RDONLY|O_CLOEXEC) = 10
statx(10, "", AT_STATX_SYNC_AS_STAT|AT_EMPTY_PATH, STATX_ALL, {stx_mask=STATX_ALL|STATX_MNT_ID|STATX_SUBVOL, stx_attributes=0, stx_mode=S_IFREG|0644, stx_size=1950, ...}) = 0
read(10, "# THIS FILE IS AUTOMATICALLY GEN"..., 1950) = 1950
read(10, "", 32)                        = 0
close(10)                               = 0
brk(0x557067c11000)                     = 0x557067c11000
statx(AT_FDCWD, "/home/xolra0d/.cargo/registry/src/index.crates.io-1949cf8c6b5b557f/serde_core-1.0.228", AT_STATX_SYNC_AS_STAT, STATX_ALL, {stx_mask=STATX_ALL|STATX_MNT_ID|STATX_SUBVOL, stx_attributes=0, stx_mode=S_IFDIR|0755, stx_size=218, ...}) = 0
close(9)                                = 0
openat(AT_FDCWD, "/home/xolra0d/.cargo/registry/cache/index.crates.io-1949cf8c6b5b557f/serde_derive-1.0.228.crate", O_RDONLY|O_CLOEXEC) = 9
statx(9, "", AT_STATX_SYNC_AS_STAT|AT_EMPTY_PATH, STATX_ALL, {stx_mask=STATX_ALL|STATX_MNT_ID|STATX_SUBVOL, stx_attributes=0, stx_mode=S_IFREG|0644, stx_size=59605, ...}) = 0
openat(AT_FDCWD, "/home/xolra0d/.cargo/registry/src/index.crates.io-1949cf8c6b5b557f/serde_derive-1.0.228/.cargo-ok", O_RDONLY|O_CLOEXEC) = 10
statx(10, "", AT_STATX_SYNC_AS_STAT|AT_EMPTY_PATH, STATX_ALL, {stx_mask=STATX_ALL|STATX_MNT_ID|STATX_SUBVOL, stx_attributes=0, stx_mode=S_IFREG|0644, stx_size=7, ...}) = 0
read(10, "{\"v\":1}", 7)                = 7
read(10, "", 32)                        = 0
close(10)                               = 0
openat(AT_FDCWD, "/home/xolra0d/.cargo/registry/src/index.crates.io-1949cf8c6b5b557f/serde_derive-1.0.228/Cargo.toml", O_RDONLY|O_CLOEXEC) = 10
statx(10, "", AT_STATX_SYNC_AS_STAT|AT_EMPTY_PATH, STATX_ALL, {stx_mask=STATX_ALL|STATX_MNT_ID|STATX_SUBVOL, stx_attributes=0, stx_mode=S_IFREG|0644, stx_size=2099, ...}) = 0
read(10, "# THIS FILE IS AUTOMATICALLY GEN"..., 2099) = 2099
read(10, "", 32)                        = 0
close(10)                               = 0
statx(AT_FDCWD, "/home/xolra0d/.cargo/registry/src/index.crates.io-1949cf8c6b5b557f/serde_derive-1.0.228", AT_STATX_SYNC_AS_STAT, STATX_ALL, {stx_mask=STATX_ALL|STATX_MNT_ID|STATX_SUBVOL, stx_attributes=0, stx_mode=S_IFDIR|0755, stx_size=226, ...}) = 0
close(9)                                = 0
openat(AT_FDCWD, "/home/xolra0d/.cargo/registry/cache/index.crates.io-1949cf8c6b5b557f/serde_spanned-1.0.3.crate", O_RDONLY|O_CLOEXEC) = 9
statx(9, "", AT_STATX_SYNC_AS_STAT|AT_EMPTY_PATH, STATX_ALL, {stx_mask=STATX_ALL|STATX_MNT_ID|STATX_SUBVOL, stx_attributes=0, stx_mode=S_IFREG|0644, stx_size=11011, ...}) = 0
openat(AT_FDCWD, "/home/xolra0d/.cargo/registry/src/index.crates.io-1949cf8c6b5b557f/serde_spanned-1.0.3/.cargo-ok", O_RDONLY|O_CLOEXEC) = 10
statx(10, "", AT_STATX_SYNC_AS_STAT|AT_EMPTY_PATH, STATX_ALL, {stx_mask=STATX_ALL|STATX_MNT_ID|STATX_SUBVOL, stx_attributes=0, stx_mode=S_IFREG|0644, stx_size=7, ...}) = 0
read(10, "{\"v\":1}", 7)                = 7
read(10, "", 32)                        = 0
close(10)                               = 0
openat(AT_FDCWD, "/home/xolra0d/.cargo/registry/src/index.crates.io-1949cf8c6b5b557f/serde_spanned-1.0.3/Cargo.toml", O_RDONLY|O_CLOEXEC) = 10
statx(10, "", AT_STATX_SYNC_AS_STAT|AT_EMPTY_PATH, STATX_ALL, {stx_mask=STATX_ALL|STATX_MNT_ID|STATX_SUBVOL, stx_attributes=0, stx_mode=S_IFREG|0644, stx_size=4409, ...}) = 0
read(10, "# THIS FILE IS AUTOMATICALLY GEN"..., 4409) = 4409
read(10, "", 32)                        = 0
close(10)                               = 0
brk(0x557067c3e000)                     = 0x557067c3e000
statx(AT_FDCWD, "/home/xolra0d/.cargo/registry/src/index.crates.io-1949cf8c6b5b557f/serde_spanned-1.0.3", AT_STATX_SYNC_AS_STAT, STATX_ALL, {stx_mask=STATX_ALL|STATX_MNT_ID|STATX_SUBVOL, stx_attributes=0, stx_mode=S_IFDIR|0755, stx_size=202, ...}) = 0
close(9)                                = 0
openat(AT_FDCWD, "/home/xolra0d/.cargo/registry/cache/index.crates.io-1949cf8c6b5b557f/shlex-1.3.0.crate", O_RDONLY|O_CLOEXEC) = 9
statx(9, "", AT_STATX_SYNC_AS_STAT|AT_EMPTY_PATH, STATX_ALL, {stx_mask=STATX_ALL|STATX_MNT_ID|STATX_SUBVOL, stx_attributes=0, stx_mode=S_IFREG|0644, stx_size=18713, ...}) = 0
openat(AT_FDCWD, "/home/xolra0d/.cargo/registry/src/index.crates.io-1949cf8c6b5b557f/shlex-1.3.0/.cargo-ok", O_RDONLY|O_CLOEXEC) = 10
statx(10, "", AT_STATX_SYNC_AS_STAT|AT_EMPTY_PATH, STATX_ALL, {stx_mask=STATX_ALL|STATX_MNT_ID|STATX_SUBVOL, stx_attributes=0, stx_mode=S_IFREG|0644, stx_size=7, ...}) = 0
read(10, "{\"v\":1}", 7)                = 7
read(10, "", 32)                        = 0
close(10)                               = 0
openat(AT_FDCWD, "/home/xolra0d/.cargo/registry/src/index.crates.io-1949cf8c6b5b557f/shlex-1.3.0/Cargo.toml", O_RDONLY|O_CLOEXEC) = 10
statx(10, "", AT_STATX_SYNC_AS_STAT|AT_EMPTY_PATH, STATX_ALL, {stx_mask=STATX_ALL|STATX_MNT_ID|STATX_SUBVOL, stx_attributes=0, stx_mode=S_IFREG|0644, stx_size=1074, ...}) = 0
read(10, "# THIS FILE IS AUTOMATICALLY GEN"..., 1074) = 1074
read(10, "", 32)                        = 0
close(10)                               = 0
statx(AT_FDCWD, "/home/xolra0d/.cargo/registry/src/index.crates.io-1949cf8c6b5b557f/shlex-1.3.0/build.rs", AT_STATX_SYNC_AS_STAT, STATX_ALL, 0x7ffda6d44840) = -1 ENOENT (No such file or directory)
statx(AT_FDCWD, "/home/xolra0d/.cargo/registry/src/index.crates.io-1949cf8c6b5b557f/shlex-1.3.0/src/lib.rs", AT_STATX_SYNC_AS_STAT, STATX_ALL, {stx_mask=STATX_ALL|STATX_MNT_ID|STATX_SUBVOL, stx_attributes=0, stx_mode=S_IFREG|0644, stx_size=13338, ...}) = 0
statx(AT_FDCWD, "/home/xolra0d/.cargo/registry/src/index.crates.io-1949cf8c6b5b557f/shlex-1.3.0/src/main.rs", AT_STATX_SYNC_AS_STAT, STATX_ALL, 0x7ffda6d44920) = -1 ENOENT (No such file or directory)
openat(AT_FDCWD, "/home/xolra0d/.cargo/registry/src/index.crates.io-1949cf8c6b5b557f/shlex-1.3.0/src/bin", O_RDONLY|O_NONBLOCK|O_CLOEXEC|O_DIRECTORY) = -1 ENOENT (No such file or directory)
openat(AT_FDCWD, "/home/xolra0d/.cargo/registry/src/index.crates.io-1949cf8c6b5b557f/shlex-1.3.0/examples", O_RDONLY|O_NONBLOCK|O_CLOEXEC|O_DIRECTORY) = -1 ENOENT (No such file or directory)
openat(AT_FDCWD, "/home/xolra0d/.cargo/registry/src/index.crates.io-1949cf8c6b5b557f/shlex-1.3.0/tests", O_RDONLY|O_NONBLOCK|O_CLOEXEC|O_DIRECTORY) = -1 ENOENT (No such file or directory)
openat(AT_FDCWD, "/home/xolra0d/.cargo/registry/src/index.crates.io-1949cf8c6b5b557f/shlex-1.3.0/benches", O_RDONLY|O_NONBLOCK|O_CLOEXEC|O_DIRECTORY) = -1 ENOENT (No such file or directory)
statx(AT_FDCWD, "/home/xolra0d/.cargo/registry/src/index.crates.io-1949cf8c6b5b557f/shlex-1.3.0", AT_STATX_SYNC_AS_STAT, STATX_ALL, {stx_mask=STATX_ALL|STATX_MNT_ID|STATX_SUBVOL, stx_attributes=0, stx_mode=S_IFDIR|0755, stx_size=240, ...}) = 0
close(9)                                = 0
openat(AT_FDCWD, "/home/xolra0d/.cargo/registry/cache/index.crates.io-1949cf8c6b5b557f/simdutf8-0.1.5.crate", O_RDONLY|O_CLOEXEC) = 9
statx(9, "", AT_STATX_SYNC_AS_STAT|AT_EMPTY_PATH, STATX_ALL, {stx_mask=STATX_ALL|STATX_MNT_ID|STATX_SUBVOL, stx_attributes=0, stx_mode=S_IFREG|0644, stx_size=28488, ...}) = 0
openat(AT_FDCWD, "/home/xolra0d/.cargo/registry/src/index.crates.io-1949cf8c6b5b557f/simdutf8-0.1.5/.cargo-ok", O_RDONLY|O_CLOEXEC) = 10
statx(10, "", AT_STATX_SYNC_AS_STAT|AT_EMPTY_PATH, STATX_ALL, {stx_mask=STATX_ALL|STATX_MNT_ID|STATX_SUBVOL, stx_attributes=0, stx_mode=S_IFREG|0644, stx_size=7, ...}) = 0
read(10, "{\"v\":1}", 7)                = 7
read(10, "", 32)                        = 0
close(10)                               = 0
openat(AT_FDCWD, "/home/xolra0d/.cargo/registry/src/index.crates.io-1949cf8c6b5b557f/simdutf8-0.1.5/Cargo.toml", O_RDONLY|O_CLOEXEC) = 10
statx(10, "", AT_STATX_SYNC_AS_STAT|AT_EMPTY_PATH, STATX_ALL, {stx_mask=STATX_ALL|STATX_MNT_ID|STATX_SUBVOL, stx_attributes=0, stx_mode=S_IFREG|0644, stx_size=1711, ...}) = 0
read(10, "# THIS FILE IS AUTOMATICALLY GEN"..., 1711) = 1711
read(10, "", 32)                        = 0
close(10)                               = 0
statx(AT_FDCWD, "/home/xolra0d/.cargo/registry/src/index.crates.io-1949cf8c6b5b557f/simdutf8-0.1.5/src/lib.rs", AT_STATX_SYNC_AS_STAT, STATX_ALL, {stx_mask=STATX_ALL|STATX_MNT_ID|STATX_SUBVOL, stx_attributes=0, stx_mode=S_IFREG|0644, stx_size=5086, ...}) = 0
statx(AT_FDCWD, "/home/xolra0d/.cargo/registry/src/index.crates.io-1949cf8c6b5b557f/simdutf8-0.1.5", AT_STATX_SYNC_AS_STAT, STATX_ALL, {stx_mask=STATX_ALL|STATX_MNT_ID|STATX_SUBVOL, stx_attributes=0, stx_mode=S_IFDIR|0755, stx_size=342, ...}) = 0
close(9)                                = 0
openat(AT_FDCWD, "/home/xolra0d/.cargo/registry/cache/index.crates.io-1949cf8c6b5b557f/slab-0.4.11.crate", O_RDONLY|O_CLOEXEC) = 9
statx(9, "", AT_STATX_SYNC_AS_STAT|AT_EMPTY_PATH, STATX_ALL, {stx_mask=STATX_ALL|STATX_MNT_ID|STATX_SUBVOL, stx_attributes=0, stx_mode=S_IFREG|0644, stx_size=18549, ...}) = 0
openat(AT_FDCWD, "/home/xolra0d/.cargo/registry/src/index.crates.io-1949cf8c6b5b557f/slab-0.4.11/.cargo-ok", O_RDONLY|O_CLOEXEC) = 10
statx(10, "", AT_STATX_SYNC_AS_STAT|AT_EMPTY_PATH, STATX_ALL, {stx_mask=STATX_ALL|STATX_MNT_ID|STATX_SUBVOL, stx_attributes=0, stx_mode=S_IFREG|0644, stx_size=7, ...}) = 0
read(10, "{\"v\":1}", 7)                = 7
read(10, "", 32)                        = 0
close(10)                               = 0
openat(AT_FDCWD, "/home/xolra0d/.cargo/registry/src/index.crates.io-1949cf8c6b5b557f/slab-0.4.11/Cargo.toml", O_RDONLY|O_CLOEXEC) = 10
statx(10, "", AT_STATX_SYNC_AS_STAT|AT_EMPTY_PATH, STATX_ALL, {stx_mask=STATX_ALL|STATX_MNT_ID|STATX_SUBVOL, stx_attributes=0, stx_mode=S_IFREG|0644, stx_size=1389, ...}) = 0
read(10, "# THIS FILE IS AUTOMATICALLY GEN"..., 1389) = 1389
read(10, "", 32)                        = 0
close(10)                               = 0
brk(0x557067c5f000)                     = 0x557067c5f000
statx(AT_FDCWD, "/home/xolra0d/.cargo/registry/src/index.crates.io-1949cf8c6b5b557f/slab-0.4.11", AT_STATX_SYNC_AS_STAT, STATX_ALL, {stx_mask=STATX_ALL|STATX_MNT_ID|STATX_SUBVOL, stx_attributes=0, stx_mode=S_IFDIR|0755, stx_size=200, ...}) = 0
close(9)                                = 0
openat(AT_FDCWD, "/home/xolra0d/.cargo/registry/cache/index.crates.io-1949cf8c6b5b557f/smallvec-1.15.1.crate", O_RDONLY|O_CLOEXEC) = 9
statx(9, "", AT_STATX_SYNC_AS_STAT|AT_EMPTY_PATH, STATX_ALL, {stx_mask=STATX_ALL|STATX_MNT_ID|STATX_SUBVOL, stx_attributes=0, stx_mode=S_IFREG|0644, stx_size=38116, ...}) = 0
openat(AT_FDCWD, "/home/xolra0d/.cargo/registry/src/index.crates.io-1949cf8c6b5b557f/smallvec-1.15.1/.cargo-ok", O_RDONLY|O_CLOEXEC) = 10
statx(10, "", AT_STATX_SYNC_AS_STAT|AT_EMPTY_PATH, STATX_ALL, {stx_mask=STATX_ALL|STATX_MNT_ID|STATX_SUBVOL, stx_attributes=0, stx_mode=S_IFREG|0644, stx_size=7, ...}) = 0
read(10, "{\"v\":1}", 7)                = 7
read(10, "", 32)                        = 0
close(10)                               = 0
openat(AT_FDCWD, "/home/xolra0d/.cargo/registry/src/index.crates.io-1949cf8c6b5b557f/smallvec-1.15.1/Cargo.toml", O_RDONLY|O_CLOEXEC) = 10
statx(10, "", AT_STATX_SYNC_AS_STAT|AT_EMPTY_PATH, STATX_ALL, {stx_mask=STATX_ALL|STATX_MNT_ID|STATX_SUBVOL, stx_attributes=0, stx_mode=S_IFREG|0644, stx_size=2250, ...}) = 0
read(10, "# THIS FILE IS AUTOMATICALLY GEN"..., 2250) = 2250
read(10, "", 32)                        = 0
close(10)                               = 0
statx(AT_FDCWD, "/home/xolra0d/.cargo/registry/src/index.crates.io-1949cf8c6b5b557f/smallvec-1.15.1", AT_STATX_SYNC_AS_STAT, STATX_ALL, {stx_mask=STATX_ALL|STATX_MNT_ID|STATX_SUBVOL, stx_attributes=0, stx_mode=S_IFDIR|0755, stx_size=302, ...}) = 0
close(9)                                = 0
openat(AT_FDCWD, "/home/xolra0d/.cargo/registry/cache/index.crates.io-1949cf8c6b5b557f/socket2-0.6.0.crate", O_RDONLY|O_CLOEXEC) = 9
statx(9, "", AT_STATX_SYNC_AS_STAT|AT_EMPTY_PATH, STATX_ALL, {stx_mask=STATX_ALL|STATX_MNT_ID|STATX_SUBVOL, stx_attributes=0, stx_mode=S_IFREG|0644, stx_size=57974, ...}) = 0
openat(AT_FDCWD, "/home/xolra0d/.cargo/registry/src/index.crates.io-1949cf8c6b5b557f/socket2-0.6.0/.cargo-ok", O_RDONLY|O_CLOEXEC) = 10
statx(10, "", AT_STATX_SYNC_AS_STAT|AT_EMPTY_PATH, STATX_ALL, {stx_mask=STATX_ALL|STATX_MNT_ID|STATX_SUBVOL, stx_attributes=0, stx_mode=S_IFREG|0644, stx_size=7, ...}) = 0
read(10, "{\"v\":1}", 7)                = 7
read(10, "", 32)                        = 0
close(10)                               = 0
openat(AT_FDCWD, "/home/xolra0d/.cargo/registry/src/index.crates.io-1949cf8c6b5b557f/socket2-0.6.0/Cargo.toml", O_RDONLY|O_CLOEXEC) = 10
statx(10, "", AT_STATX_SYNC_AS_STAT|AT_EMPTY_PATH, STATX_ALL, {stx_mask=STATX_ALL|STATX_MNT_ID|STATX_SUBVOL, stx_attributes=0, stx_mode=S_IFREG|0644, stx_size=2524, ...}) = 0
read(10, "# THIS FILE IS AUTOMATICALLY GEN"..., 2524) = 2524
read(10, "", 32)                        = 0
close(10)                               = 0
brk(0x557067c81000)                     = 0x557067c81000
statx(AT_FDCWD, "/home/xolra0d/.cargo/registry/src/index.crates.io-1949cf8c6b5b557f/socket2-0.6.0", AT_STATX_SYNC_AS_STAT, STATX_ALL, {stx_mask=STATX_ALL|STATX_MNT_ID|STATX_SUBVOL, stx_attributes=0, stx_mode=S_IFDIR|0755, stx_size=202, ...}) = 0
close(9)                                = 0
openat(AT_FDCWD, "/home/xolra0d/.cargo/registry/cache/index.crates.io-1949cf8c6b5b557f/sqlparser-0.59.0.crate", O_RDONLY|O_CLOEXEC) = 9
statx(9, "", AT_STATX_SYNC_AS_STAT|AT_EMPTY_PATH, STATX_ALL, {stx_mask=STATX_ALL|STATX_MNT_ID|STATX_SUBVOL, stx_attributes=0, stx_mode=S_IFREG|0644, stx_size=359271, ...}) = 0
openat(AT_FDCWD, "/home/xolra0d/.cargo/registry/src/index.crates.io-1949cf8c6b5b557f/sqlparser-0.59.0/.cargo-ok", O_RDONLY|O_CLOEXEC) = 10
statx(10, "", AT_STATX_SYNC_AS_STAT|AT_EMPTY_PATH, STATX_ALL, {stx_mask=STATX_ALL|STATX_MNT_ID|STATX_SUBVOL, stx_attributes=0, stx_mode=S_IFREG|0644, stx_size=7, ...}) = 0
read(10, "{\"v\":1}", 7)                = 7
read(10, "", 32)                        = 0
close(10)                               = 0
openat(AT_FDCWD, "/home/xolra0d/.cargo/registry/src/index.crates.io-1949cf8c6b5b557f/sqlparser-0.59.0/Cargo.toml", O_RDONLY|O_CLOEXEC) = 10
statx(10, "", AT_STATX_SYNC_AS_STAT|AT_EMPTY_PATH, STATX_ALL, {stx_mask=STATX_ALL|STATX_MNT_ID|STATX_SUBVOL, stx_attributes=0, stx_mode=S_IFREG|0644, stx_size=2027, ...}) = 0
read(10, "# THIS FILE IS AUTOMATICALLY GEN"..., 2027) = 2027
read(10, "", 32)                        = 0
close(10)                               = 0
statx(AT_FDCWD, "/home/xolra0d/.cargo/registry/src/index.crates.io-1949cf8c6b5b557f/sqlparser-0.59.0", AT_STATX_SYNC_AS_STAT, STATX_ALL, {stx_mask=STATX_ALL|STATX_MNT_ID|STATX_SUBVOL, stx_attributes=0, stx_mode=S_IFDIR|0755, stx_size=134, ...}) = 0
close(9)                                = 0
openat(AT_FDCWD, "/home/xolra0d/.cargo/registry/cache/index.crates.io-1949cf8c6b5b557f/stacker-0.1.22.crate", O_RDONLY|O_CLOEXEC) = 9
statx(9, "", AT_STATX_SYNC_AS_STAT|AT_EMPTY_PATH, STATX_ALL, {stx_mask=STATX_ALL|STATX_MNT_ID|STATX_SUBVOL, stx_attributes=0, stx_mode=S_IFREG|0644, stx_size=17269, ...}) = 0
openat(AT_FDCWD, "/home/xolra0d/.cargo/registry/src/index.crates.io-1949cf8c6b5b557f/stacker-0.1.22/.cargo-ok", O_RDONLY|O_CLOEXEC) = 10
statx(10, "", AT_STATX_SYNC_AS_STAT|AT_EMPTY_PATH, STATX_ALL, {stx_mask=STATX_ALL|STATX_MNT_ID|STATX_SUBVOL, stx_attributes=0, stx_mode=S_IFREG|0644, stx_size=7, ...}) = 0
read(10, "{\"v\":1}", 7)                = 7
read(10, "", 32)                        = 0
close(10)                               = 0
openat(AT_FDCWD, "/home/xolra0d/.cargo/registry/src/index.crates.io-1949cf8c6b5b557f/stacker-0.1.22/Cargo.toml", O_RDONLY|O_CLOEXEC) = 10
statx(10, "", AT_STATX_SYNC_AS_STAT|AT_EMPTY_PATH, STATX_ALL, {stx_mask=STATX_ALL|STATX_MNT_ID|STATX_SUBVOL, stx_attributes=0, stx_mode=S_IFREG|0644, stx_size=1843, ...}) = 0
read(10, "# THIS FILE IS AUTOMATICALLY GEN"..., 1843) = 1843
read(10, "", 32)                        = 0
close(10)                               = 0
statx(AT_FDCWD, "/home/xolra0d/.cargo/registry/src/index.crates.io-1949cf8c6b5b557f/stacker-0.1.22", AT_STATX_SYNC_AS_STAT, STATX_ALL, {stx_mask=STATX_ALL|STATX_MNT_ID|STATX_SUBVOL, stx_attributes=0, stx_mode=S_IFDIR|0755, stx_size=262, ...}) = 0
close(9)                                = 0
brk(0x557067ca2000)                     = 0x557067ca2000
openat(AT_FDCWD, "/home/xolra0d/.cargo/registry/cache/index.crates.io-1949cf8c6b5b557f/syn-2.0.106.crate", O_RDONLY|O_CLOEXEC) = 9
statx(9, "", AT_STATX_SYNC_AS_STAT|AT_EMPTY_PATH, STATX_ALL, {stx_mask=STATX_ALL|STATX_MNT_ID|STATX_SUBVOL, stx_attributes=0, stx_mode=S_IFREG|0644, stx_size=301514, ...}) = 0
openat(AT_FDCWD, "/home/xolra0d/.cargo/registry/src/index.crates.io-1949cf8c6b5b557f/syn-2.0.106/.cargo-ok", O_RDONLY|O_CLOEXEC) = 10
statx(10, "", AT_STATX_SYNC_AS_STAT|AT_EMPTY_PATH, STATX_ALL, {stx_mask=STATX_ALL|STATX_MNT_ID|STATX_SUBVOL, stx_attributes=0, stx_mode=S_IFREG|0644, stx_size=7, ...}) = 0
read(10, "{\"v\":1}", 7)                = 7
read(10, "", 32)                        = 0
close(10)                               = 0
openat(AT_FDCWD, "/home/xolra0d/.cargo/registry/src/index.crates.io-1949cf8c6b5b557f/syn-2.0.106/Cargo.toml", O_RDONLY|O_CLOEXEC) = 10
statx(10, "", AT_STATX_SYNC_AS_STAT|AT_EMPTY_PATH, STATX_ALL, {stx_mask=STATX_ALL|STATX_MNT_ID|STATX_SUBVOL, stx_attributes=0, stx_mode=S_IFREG|0644, stx_size=4971, ...}) = 0
read(10, "# THIS FILE IS AUTOMATICALLY GEN"..., 4971) = 4971
read(10, "", 32)                        = 0
close(10)                               = 0
brk(0x557067cc7000)                     = 0x557067cc7000
statx(AT_FDCWD, "/home/xolra0d/.cargo/registry/src/index.crates.io-1949cf8c6b5b557f/syn-2.0.106", AT_STATX_SYNC_AS_STAT, STATX_ALL, {stx_mask=STATX_ALL|STATX_MNT_ID|STATX_SUBVOL, stx_attributes=0, stx_mode=S_IFDIR|0755, stx_size=226, ...}) = 0
close(9)                                = 0
openat(AT_FDCWD, "/home/xolra0d/.cargo/registry/cache/index.crates.io-1949cf8c6b5b557f/tinyvec-1.10.0.crate", O_RDONLY|O_CLOEXEC) = 9
statx(9, "", AT_STATX_SYNC_AS_STAT|AT_EMPTY_PATH, STATX_ALL, {stx_mask=STATX_ALL|STATX_MNT_ID|STATX_SUBVOL, stx_attributes=0, stx_mode=S_IFREG|0644, stx_size=51996, ...}) = 0
openat(AT_FDCWD, "/home/xolra0d/.cargo/registry/src/index.crates.io-1949cf8c6b5b557f/tinyvec-1.10.0/.cargo-ok", O_RDONLY|O_CLOEXEC) = 10
statx(10, "", AT_STATX_SYNC_AS_STAT|AT_EMPTY_PATH, STATX_ALL, {stx_mask=STATX_ALL|STATX_MNT_ID|STATX_SUBVOL, stx_attributes=0, stx_mode=S_IFREG|0644, stx_size=7, ...}) = 0
read(10, "{\"v\":1}", 7)                = 7
read(10, "", 32)                        = 0
close(10)                               = 0
openat(AT_FDCWD, "/home/xolra0d/.cargo/registry/src/index.crates.io-1949cf8c6b5b557f/tinyvec-1.10.0/Cargo.toml", O_RDONLY|O_CLOEXEC) = 10
statx(10, "", AT_STATX_SYNC_AS_STAT|AT_EMPTY_PATH, STATX_ALL, {stx_mask=STATX_ALL|STATX_MNT_ID|STATX_SUBVOL, stx_attributes=0, stx_mode=S_IFREG|0644, stx_size=2919, ...}) = 0
read(10, "# THIS FILE IS AUTOMATICALLY GEN"..., 2919) = 2919
read(10, "", 32)                        = 0
close(10)                               = 0
statx(AT_FDCWD, "/home/xolra0d/.cargo/registry/src/index.crates.io-1949cf8c6b5b557f/tinyvec-1.10.0", AT_STATX_SYNC_AS_STAT, STATX_ALL, {stx_mask=STATX_ALL|STATX_MNT_ID|STATX_SUBVOL, stx_attributes=0, stx_mode=S_IFDIR|0755, stx_size=364, ...}) = 0
close(9)                                = 0
openat(AT_FDCWD, "/home/xolra0d/.cargo/registry/cache/index.crates.io-1949cf8c6b5b557f/tinyvec_macros-0.1.1.crate", O_RDONLY|O_CLOEXEC) = 9
statx(9, "", AT_STATX_SYNC_AS_STAT|AT_EMPTY_PATH, STATX_ALL, {stx_mask=STATX_ALL|STATX_MNT_ID|STATX_SUBVOL, stx_attributes=0, stx_mode=S_IFREG|0644, stx_size=5865, ...}) = 0
openat(AT_FDCWD, "/home/xolra0d/.cargo/registry/src/index.crates.io-1949cf8c6b5b557f/tinyvec_macros-0.1.1/.cargo-ok", O_RDONLY|O_CLOEXEC) = 10
statx(10, "", AT_STATX_SYNC_AS_STAT|AT_EMPTY_PATH, STATX_ALL, {stx_mask=STATX_ALL|STATX_MNT_ID|STATX_SUBVOL, stx_attributes=0, stx_mode=S_IFREG|0644, stx_size=7, ...}) = 0
read(10, "{\"v\":1}", 7)                = 7
read(10, "", 32)                        = 0
close(10)                               = 0
openat(AT_FDCWD, "/home/xolra0d/.cargo/registry/src/index.crates.io-1949cf8c6b5b557f/tinyvec_macros-0.1.1/Cargo.toml", O_RDONLY|O_CLOEXEC) = 10
statx(10, "", AT_STATX_SYNC_AS_STAT|AT_EMPTY_PATH, STATX_ALL, {stx_mask=STATX_ALL|STATX_MNT_ID|STATX_SUBVOL, stx_attributes=0, stx_mode=S_IFREG|0644, stx_size=721, ...}) = 0
read(10, "# THIS FILE IS AUTOMATICALLY GEN"..., 721) = 721
read(10, "", 32)                        = 0
close(10)                               = 0
statx(AT_FDCWD, "/home/xolra0d/.cargo/registry/src/index.crates.io-1949cf8c6b5b557f/tinyvec_macros-0.1.1/build.rs", AT_STATX_SYNC_AS_STAT, STATX_ALL, 0x7ffda6d44840) = -1 ENOENT (No such file or directory)
statx(AT_FDCWD, "/home/xolra0d/.cargo/registry/src/index.crates.io-1949cf8c6b5b557f/tinyvec_macros-0.1.1/README.md", AT_STATX_SYNC_AS_STAT, STATX_ALL, 0x7ffda6d447f0) = -1 ENOENT (No such file or directory)
statx(AT_FDCWD, "/home/xolra0d/.cargo/registry/src/index.crates.io-1949cf8c6b5b557f/tinyvec_macros-0.1.1/README.txt", AT_STATX_SYNC_AS_STAT, STATX_ALL, 0x7ffda6d447f0) = -1 ENOENT (No such file or directory)
statx(AT_FDCWD, "/home/xolra0d/.cargo/registry/src/index.crates.io-1949cf8c6b5b557f/tinyvec_macros-0.1.1/README", AT_STATX_SYNC_AS_STAT, STATX_ALL, 0x7ffda6d447f0) = -1 ENOENT (No such file or directory)
statx(AT_FDCWD, "/home/xolra0d/.cargo/registry/src/index.crates.io-1949cf8c6b5b557f/tinyvec_macros-0.1.1/src/lib.rs", AT_STATX_SYNC_AS_STAT, STATX_ALL, {stx_mask=STATX_ALL|STATX_MNT_ID|STATX_SUBVOL, stx_attributes=0, stx_mode=S_IFREG|0644, stx_size=616, ...}) = 0
statx(AT_FDCWD, "/home/xolra0d/.cargo/registry/src/index.crates.io-1949cf8c6b5b557f/tinyvec_macros-0.1.1/src/main.rs", AT_STATX_SYNC_AS_STAT, STATX_ALL, 0x7ffda6d44920) = -1 ENOENT (No such file or directory)
openat(AT_FDCWD, "/home/xolra0d/.cargo/registry/src/index.crates.io-1949cf8c6b5b557f/tinyvec_macros-0.1.1/src/bin", O_RDONLY|O_NONBLOCK|O_CLOEXEC|O_DIRECTORY) = -1 ENOENT (No such file or directory)
openat(AT_FDCWD, "/home/xolra0d/.cargo/registry/src/index.crates.io-1949cf8c6b5b557f/tinyvec_macros-0.1.1/examples", O_RDONLY|O_NONBLOCK|O_CLOEXEC|O_DIRECTORY) = -1 ENOENT (No such file or directory)
openat(AT_FDCWD, "/home/xolra0d/.cargo/registry/src/index.crates.io-1949cf8c6b5b557f/tinyvec_macros-0.1.1/tests", O_RDONLY|O_NONBLOCK|O_CLOEXEC|O_DIRECTORY) = -1 ENOENT (No such file or directory)
openat(AT_FDCWD, "/home/xolra0d/.cargo/registry/src/index.crates.io-1949cf8c6b5b557f/tinyvec_macros-0.1.1/benches", O_RDONLY|O_NONBLOCK|O_CLOEXEC|O_DIRECTORY) = -1 ENOENT (No such file or directory)
statx(AT_FDCWD, "/home/xolra0d/.cargo/registry/src/index.crates.io-1949cf8c6b5b557f/tinyvec_macros-0.1.1", AT_STATX_SYNC_AS_STAT, STATX_ALL, {stx_mask=STATX_ALL|STATX_MNT_ID|STATX_SUBVOL, stx_attributes=0, stx_mode=S_IFDIR|0755, stx_size=226, ...}) = 0
close(9)                                = 0
openat(AT_FDCWD, "/home/xolra0d/.cargo/registry/cache/index.crates.io-1949cf8c6b5b557f/tokio-1.47.1.crate", O_RDONLY|O_CLOEXEC) = 9
statx(9, "", AT_STATX_SYNC_AS_STAT|AT_EMPTY_PATH, STATX_ALL, {stx_mask=STATX_ALL|STATX_MNT_ID|STATX_SUBVOL, stx_attributes=0, stx_mode=S_IFREG|0644, stx_size=829790, ...}) = 0
openat(AT_FDCWD, "/home/xolra0d/.cargo/registry/src/index.crates.io-1949cf8c6b5b557f/tokio-1.47.1/.cargo-ok", O_RDONLY|O_CLOEXEC) = 10
statx(10, "", AT_STATX_SYNC_AS_STAT|AT_EMPTY_PATH, STATX_ALL, {stx_mask=STATX_ALL|STATX_MNT_ID|STATX_SUBVOL, stx_attributes=0, stx_mode=S_IFREG|0644, stx_size=7, ...}) = 0
read(10, "{\"v\":1}", 7)                = 7
read(10, "", 32)                        = 0
close(10)                               = 0
openat(AT_FDCWD, "/home/xolra0d/.cargo/registry/src/index.crates.io-1949cf8c6b5b557f/tokio-1.47.1/Cargo.toml", O_RDONLY|O_CLOEXEC) = 10
statx(10, "", AT_STATX_SYNC_AS_STAT|AT_EMPTY_PATH, STATX_ALL, {stx_mask=STATX_ALL|STATX_MNT_ID|STATX_SUBVOL, stx_attributes=0, stx_mode=S_IFREG|0644, stx_size=15692, ...}) = 0
read(10, "# THIS FILE IS AUTOMATICALLY GEN"..., 15692) = 15692
read(10, "", 32)                        = 0
close(10)                               = 0
brk(0x557067d42000)                     = 0x557067d42000
brk(0x557067d63000)                     = 0x557067d63000
statx(AT_FDCWD, "/home/xolra0d/.cargo/registry/src/index.crates.io-1949cf8c6b5b557f/tokio-1.47.1", AT_STATX_SYNC_AS_STAT, STATX_ALL, {stx_mask=STATX_ALL|STATX_MNT_ID|STATX_SUBVOL, stx_attributes=0, stx_mode=S_IFDIR|0755, stx_size=208, ...}) = 0
close(9)                                = 0
openat(AT_FDCWD, "/home/xolra0d/.cargo/registry/cache/index.crates.io-1949cf8c6b5b557f/tokio-macros-2.5.0.crate", O_RDONLY|O_CLOEXEC) = 9
statx(9, "", AT_STATX_SYNC_AS_STAT|AT_EMPTY_PATH, STATX_ALL, {stx_mask=STATX_ALL|STATX_MNT_ID|STATX_SUBVOL, stx_attributes=0, stx_mode=S_IFREG|0644, stx_size=12617, ...}) = 0
openat(AT_FDCWD, "/home/xolra0d/.cargo/registry/src/index.crates.io-1949cf8c6b5b557f/tokio-macros-2.5.0/.cargo-ok", O_RDONLY|O_CLOEXEC) = 10
statx(10, "", AT_STATX_SYNC_AS_STAT|AT_EMPTY_PATH, STATX_ALL, {stx_mask=STATX_ALL|STATX_MNT_ID|STATX_SUBVOL, stx_attributes=0, stx_mode=S_IFREG|0644, stx_size=7, ...}) = 0
read(10, "{\"v\":1}", 7)                = 7
read(10, "", 32)                        = 0
close(10)                               = 0
openat(AT_FDCWD, "/home/xolra0d/.cargo/registry/src/index.crates.io-1949cf8c6b5b557f/tokio-macros-2.5.0/Cargo.toml", O_RDONLY|O_CLOEXEC) = 10
statx(10, "", AT_STATX_SYNC_AS_STAT|AT_EMPTY_PATH, STATX_ALL, {stx_mask=STATX_ALL|STATX_MNT_ID|STATX_SUBVOL, stx_attributes=0, stx_mode=S_IFREG|0644, stx_size=1214, ...}) = 0
read(10, "# THIS FILE IS AUTOMATICALLY GEN"..., 1214) = 1214
read(10, "", 32)                        = 0
close(10)                               = 0
statx(AT_FDCWD, "/home/xolra0d/.cargo/registry/src/index.crates.io-1949cf8c6b5b557f/tokio-macros-2.5.0/src/lib.rs", AT_STATX_SYNC_AS_STAT, STATX_ALL, {stx_mask=STATX_ALL|STATX_MNT_ID|STATX_SUBVOL, stx_attributes=0, stx_mode=S_IFREG|0644, stx_size=15539, ...}) = 0
statx(AT_FDCWD, "/home/xolra0d/.cargo/registry/src/index.crates.io-1949cf8c6b5b557f/tokio-macros-2.5.0", AT_STATX_SYNC_AS_STAT, STATX_ALL, {stx_mask=STATX_ALL|STATX_MNT_ID|STATX_SUBVOL, stx_attributes=0, stx_mode=S_IFDIR|0755, stx_size=170, ...}) = 0
close(9)                                = 0
openat(AT_FDCWD, "/home/xolra0d/.cargo/registry/cache/index.crates.io-1949cf8c6b5b557f/tokio-util-0.7.16.crate", O_RDONLY|O_CLOEXEC) = 9
statx(9, "", AT_STATX_SYNC_AS_STAT|AT_EMPTY_PATH, STATX_ALL, {stx_mask=STATX_ALL|STATX_MNT_ID|STATX_SUBVOL, stx_attributes=0, stx_mode=S_IFREG|0644, stx_size=127775, ...}) = 0
openat(AT_FDCWD, "/home/xolra0d/.cargo/registry/src/index.crates.io-1949cf8c6b5b557f/tokio-util-0.7.16/.cargo-ok", O_RDONLY|O_CLOEXEC) = 10
statx(10, "", AT_STATX_SYNC_AS_STAT|AT_EMPTY_PATH, STATX_ALL, {stx_mask=STATX_ALL|STATX_MNT_ID|STATX_SUBVOL, stx_attributes=0, stx_mode=S_IFREG|0644, stx_size=7, ...}) = 0
read(10, "{\"v\":1}", 7)                = 7
read(10, "", 32)                        = 0
close(10)                               = 0
openat(AT_FDCWD, "/home/xolra0d/.cargo/registry/src/index.crates.io-1949cf8c6b5b557f/tokio-util-0.7.16/Cargo.toml", O_RDONLY|O_CLOEXEC) = 10
statx(10, "", AT_STATX_SYNC_AS_STAT|AT_EMPTY_PATH, STATX_ALL, {stx_mask=STATX_ALL|STATX_MNT_ID|STATX_SUBVOL, stx_attributes=0, stx_mode=S_IFREG|0644, stx_size=4698, ...}) = 0
read(10, "# THIS FILE IS AUTOMATICALLY GEN"..., 4698) = 4698
read(10, "", 32)                        = 0
close(10)                               = 0
brk(0x557067d95000)                     = 0x557067d95000
statx(AT_FDCWD, "/home/xolra0d/.cargo/registry/src/index.crates.io-1949cf8c6b5b557f/tokio-util-0.7.16", AT_STATX_SYNC_AS_STAT, STATX_ALL, {stx_mask=STATX_ALL|STATX_MNT_ID|STATX_SUBVOL, stx_attributes=0, stx_mode=S_IFDIR|0755, stx_size=200, ...}) = 0
close(9)                                = 0
openat(AT_FDCWD, "/home/xolra0d/.cargo/registry/cache/index.crates.io-1949cf8c6b5b557f/toml-0.9.8.crate", O_RDONLY|O_CLOEXEC) = 9
statx(9, "", AT_STATX_SYNC_AS_STAT|AT_EMPTY_PATH, STATX_ALL, {stx_mask=STATX_ALL|STATX_MNT_ID|STATX_SUBVOL, stx_attributes=0, stx_mode=S_IFREG|0644, stx_size=56104, ...}) = 0
openat(AT_FDCWD, "/home/xolra0d/.cargo/registry/src/index.crates.io-1949cf8c6b5b557f/toml-0.9.8/.cargo-ok", O_RDONLY|O_CLOEXEC) = 10
statx(10, "", AT_STATX_SYNC_AS_STAT|AT_EMPTY_PATH, STATX_ALL, {stx_mask=STATX_ALL|STATX_MNT_ID|STATX_SUBVOL, stx_attributes=0, stx_mode=S_IFREG|0644, stx_size=7, ...}) = 0
read(10, "{\"v\":1}", 7)                = 7
read(10, "", 32)                        = 0
close(10)                               = 0
openat(AT_FDCWD, "/home/xolra0d/.cargo/registry/src/index.crates.io-1949cf8c6b5b557f/toml-0.9.8/Cargo.toml", O_RDONLY|O_CLOEXEC) = 10
statx(10, "", AT_STATX_SYNC_AS_STAT|AT_EMPTY_PATH, STATX_ALL, {stx_mask=STATX_ALL|STATX_MNT_ID|STATX_SUBVOL, stx_attributes=0, stx_mode=S_IFREG|0644, stx_size=6551, ...}) = 0
read(10, "# THIS FILE IS AUTOMATICALLY GEN"..., 6551) = 6551
read(10, "", 32)                        = 0
close(10)                               = 0
brk(0x557067dc2000)                     = 0x557067dc2000
statx(AT_FDCWD, "/home/xolra0d/.cargo/registry/src/index.crates.io-1949cf8c6b5b557f/toml-0.9.8", AT_STATX_SYNC_AS_STAT, STATX_ALL, {stx_mask=STATX_ALL|STATX_MNT_ID|STATX_SUBVOL, stx_attributes=0, stx_mode=S_IFDIR|0755, stx_size=218, ...}) = 0
close(9)                                = 0
openat(AT_FDCWD, "/home/xolra0d/.cargo/registry/cache/index.crates.io-1949cf8c6b5b557f/toml_datetime-0.7.3.crate", O_RDONLY|O_CLOEXEC) = 9
statx(9, "", AT_STATX_SYNC_AS_STAT|AT_EMPTY_PATH, STATX_ALL, {stx_mask=STATX_ALL|STATX_MNT_ID|STATX_SUBVOL, stx_attributes=0, stx_mode=S_IFREG|0644, stx_size=17827, ...}) = 0
openat(AT_FDCWD, "/home/xolra0d/.cargo/registry/src/index.crates.io-1949cf8c6b5b557f/toml_datetime-0.7.3/.cargo-ok", O_RDONLY|O_CLOEXEC) = 10
statx(10, "", AT_STATX_SYNC_AS_STAT|AT_EMPTY_PATH, STATX_ALL, {stx_mask=STATX_ALL|STATX_MNT_ID|STATX_SUBVOL, stx_attributes=0, stx_mode=S_IFREG|0644, stx_size=7, ...}) = 0
read(10, "{\"v\":1}", 7)                = 7
read(10, "", 32)                        = 0
close(10)                               = 0
openat(AT_FDCWD, "/home/xolra0d/.cargo/registry/src/index.crates.io-1949cf8c6b5b557f/toml_datetime-0.7.3/Cargo.toml", O_RDONLY|O_CLOEXEC) = 10
statx(10, "", AT_STATX_SYNC_AS_STAT|AT_EMPTY_PATH, STATX_ALL, {stx_mask=STATX_ALL|STATX_MNT_ID|STATX_SUBVOL, stx_attributes=0, stx_mode=S_IFREG|0644, stx_size=4316, ...}) = 0
read(10, "# THIS FILE IS AUTOMATICALLY GEN"..., 4316) = 4316
read(10, "", 32)                        = 0
close(10)                               = 0
brk(0x557067de7000)                     = 0x557067de7000
statx(AT_FDCWD, "/home/xolra0d/.cargo/registry/src/index.crates.io-1949cf8c6b5b557f/toml_datetime-0.7.3", AT_STATX_SYNC_AS_STAT, STATX_ALL, {stx_mask=STATX_ALL|STATX_MNT_ID|STATX_SUBVOL, stx_attributes=0, stx_mode=S_IFDIR|0755, stx_size=202, ...}) = 0
close(9)                                = 0
openat(AT_FDCWD, "/home/xolra0d/.cargo/registry/cache/index.crates.io-1949cf8c6b5b557f/toml_parser-1.0.4.crate", O_RDONLY|O_CLOEXEC) = 9
statx(9, "", AT_STATX_SYNC_AS_STAT|AT_EMPTY_PATH, STATX_ALL, {stx_mask=STATX_ALL|STATX_MNT_ID|STATX_SUBVOL, stx_attributes=0, stx_mode=S_IFREG|0644, stx_size=34978, ...}) = 0
openat(AT_FDCWD, "/home/xolra0d/.cargo/registry/src/index.crates.io-1949cf8c6b5b557f/toml_parser-1.0.4/.cargo-ok", O_RDONLY|O_CLOEXEC) = 10
statx(10, "", AT_STATX_SYNC_AS_STAT|AT_EMPTY_PATH, STATX_ALL, {stx_mask=STATX_ALL|STATX_MNT_ID|STATX_SUBVOL, stx_attributes=0, stx_mode=S_IFREG|0644, stx_size=7, ...}) = 0
read(10, "{\"v\":1}", 7)                = 7
read(10, "", 32)                        = 0
close(10)                               = 0
openat(AT_FDCWD, "/home/xolra0d/.cargo/registry/src/index.crates.io-1949cf8c6b5b557f/toml_parser-1.0.4/Cargo.toml", O_RDONLY|O_CLOEXEC) = 10
statx(10, "", AT_STATX_SYNC_AS_STAT|AT_EMPTY_PATH, STATX_ALL, {stx_mask=STATX_ALL|STATX_MNT_ID|STATX_SUBVOL, stx_attributes=0, stx_mode=S_IFREG|0644, stx_size=4510, ...}) = 0
read(10, "# THIS FILE IS AUTOMATICALLY GEN"..., 4510) = 4510
read(10, "", 32)                        = 0
close(10)                               = 0
brk(0x557067e09000)                     = 0x557067e09000
statx(AT_FDCWD, "/home/xolra0d/.cargo/registry/src/index.crates.io-1949cf8c6b5b557f/toml_parser-1.0.4", AT_STATX_SYNC_AS_STAT, STATX_ALL, {stx_mask=STATX_ALL|STATX_MNT_ID|STATX_SUBVOL, stx_attributes=0, stx_mode=S_IFDIR|0755, stx_size=202, ...}) = 0
close(9)                                = 0
openat(AT_FDCWD, "/home/xolra0d/.cargo/registry/cache/index.crates.io-1949cf8c6b5b557f/toml_writer-1.0.4.crate", O_RDONLY|O_CLOEXEC) = 9
statx(9, "", AT_STATX_SYNC_AS_STAT|AT_EMPTY_PATH, STATX_ALL, {stx_mask=STATX_ALL|STATX_MNT_ID|STATX_SUBVOL, stx_attributes=0, stx_mode=S_IFREG|0644, stx_size=17146, ...}) = 0
openat(AT_FDCWD, "/home/xolra0d/.cargo/registry/src/index.crates.io-1949cf8c6b5b557f/toml_writer-1.0.4/.cargo-ok", O_RDONLY|O_CLOEXEC) = 10
statx(10, "", AT_STATX_SYNC_AS_STAT|AT_EMPTY_PATH, STATX_ALL, {stx_mask=STATX_ALL|STATX_MNT_ID|STATX_SUBVOL, stx_attributes=0, stx_mode=S_IFREG|0644, stx_size=7, ...}) = 0
read(10, "{\"v\":1}", 7)                = 7
read(10, "", 32)                        = 0
close(10)                               = 0
openat(AT_FDCWD, "/home/xolra0d/.cargo/registry/src/index.crates.io-1949cf8c6b5b557f/toml_writer-1.0.4/Cargo.toml", O_RDONLY|O_CLOEXEC) = 10
statx(10, "", AT_STATX_SYNC_AS_STAT|AT_EMPTY_PATH, STATX_ALL, {stx_mask=STATX_ALL|STATX_MNT_ID|STATX_SUBVOL, stx_attributes=0, stx_mode=S_IFREG|0644, stx_size=4227, ...}) = 0
read(10, "# THIS FILE IS AUTOMATICALLY GEN"..., 4227) = 4227
read(10, "", 32)                        = 0
close(10)                               = 0
statx(AT_FDCWD, "/home/xolra0d/.cargo/registry/src/index.crates.io-1949cf8c6b5b557f/toml_writer-1.0.4", AT_STATX_SYNC_AS_STAT, STATX_ALL, {stx_mask=STATX_ALL|STATX_MNT_ID|STATX_SUBVOL, stx_attributes=0, stx_mode=S_IFDIR|0755, stx_size=202, ...}) = 0
close(9)                                = 0
openat(AT_FDCWD, "/home/xolra0d/.cargo/registry/cache/index.crates.io-1949cf8c6b5b557f/unicode-ident-1.0.19.crate", O_RDONLY|O_CLOEXEC) = 9
statx(9, "", AT_STATX_SYNC_AS_STAT|AT_EMPTY_PATH, STATX_ALL, {stx_mask=STATX_ALL|STATX_MNT_ID|STATX_SUBVOL, stx_attributes=0, stx_mode=S_IFREG|0644, stx_size=47480, ...}) = 0
openat(AT_FDCWD, "/home/xolra0d/.cargo/registry/src/index.crates.io-1949cf8c6b5b557f/unicode-ident-1.0.19/.cargo-ok", O_RDONLY|O_CLOEXEC) = 10
statx(10, "", AT_STATX_SYNC_AS_STAT|AT_EMPTY_PATH, STATX_ALL, {stx_mask=STATX_ALL|STATX_MNT_ID|STATX_SUBVOL, stx_attributes=0, stx_mode=S_IFREG|0644, stx_size=7, ...}) = 0
read(10, "{\"v\":1}", 7)                = 7
read(10, "", 32)                        = 0
close(10)                               = 0
openat(AT_FDCWD, "/home/xolra0d/.cargo/registry/src/index.crates.io-1949cf8c6b5b557f/unicode-ident-1.0.19/Cargo.toml", O_RDONLY|O_CLOEXEC) = 10
statx(10, "", AT_STATX_SYNC_AS_STAT|AT_EMPTY_PATH, STATX_ALL, {stx_mask=STATX_ALL|STATX_MNT_ID|STATX_SUBVOL, stx_attributes=0, stx_mode=S_IFREG|0644, stx_size=2013, ...}) = 0
read(10, "# THIS FILE IS AUTOMATICALLY GEN"..., 2013) = 2013
read(10, "", 32)                        = 0
close(10)                               = 0
brk(0x557067e34000)                     = 0x557067e34000
statx(AT_FDCWD, "/home/xolra0d/.cargo/registry/src/index.crates.io-1949cf8c6b5b557f/unicode-ident-1.0.19", AT_STATX_SYNC_AS_STAT, STATX_ALL, {stx_mask=STATX_ALL|STATX_MNT_ID|STATX_SUBVOL, stx_attributes=0, stx_mode=S_IFDIR|0755, stx_size=318, ...}) = 0
close(9)                                = 0
openat(AT_FDCWD, "/home/xolra0d/.cargo/registry/cache/index.crates.io-1949cf8c6b5b557f/unicode-xid-0.2.6.crate", O_RDONLY|O_CLOEXEC) = 9
statx(9, "", AT_STATX_SYNC_AS_STAT|AT_EMPTY_PATH, STATX_ALL, {stx_mask=STATX_ALL|STATX_MNT_ID|STATX_SUBVOL, stx_attributes=0, stx_mode=S_IFREG|0644, stx_size=15744, ...}) = 0
openat(AT_FDCWD, "/home/xolra0d/.cargo/registry/src/index.crates.io-1949cf8c6b5b557f/unicode-xid-0.2.6/.cargo-ok", O_RDONLY|O_CLOEXEC) = 10
statx(10, "", AT_STATX_SYNC_AS_STAT|AT_EMPTY_PATH, STATX_ALL, {stx_mask=STATX_ALL|STATX_MNT_ID|STATX_SUBVOL, stx_attributes=0, stx_mode=S_IFREG|0644, stx_size=7, ...}) = 0
read(10, "{\"v\":1}", 7)                = 7
read(10, "", 32)                        = 0
close(10)                               = 0
openat(AT_FDCWD, "/home/xolra0d/.cargo/registry/src/index.crates.io-1949cf8c6b5b557f/unicode-xid-0.2.6/Cargo.toml", O_RDONLY|O_CLOEXEC) = 10
statx(10, "", AT_STATX_SYNC_AS_STAT|AT_EMPTY_PATH, STATX_ALL, {stx_mask=STATX_ALL|STATX_MNT_ID|STATX_SUBVOL, stx_attributes=0, stx_mode=S_IFREG|0644, stx_size=1518, ...}) = 0
read(10, "# THIS FILE IS AUTOMATICALLY GEN"..., 1518) = 1518
read(10, "", 32)                        = 0
close(10)                               = 0
statx(AT_FDCWD, "/home/xolra0d/.cargo/registry/src/index.crates.io-1949cf8c6b5b557f/unicode-xid-0.2.6/src/lib.rs", AT_STATX_SYNC_AS_STAT, STATX_ALL, {stx_mask=STATX_ALL|STATX_MNT_ID|STATX_SUBVOL, stx_attributes=0, stx_mode=S_IFREG|0644, stx_size=2979, ...}) = 0
statx(AT_FDCWD, "/home/xolra0d/.cargo/registry/src/index.crates.io-1949cf8c6b5b557f/unicode-xid-0.2.6", AT_STATX_SYNC_AS_STAT, STATX_ALL, {stx_mask=STATX_ALL|STATX_MNT_ID|STATX_SUBVOL, stx_attributes=0, stx_mode=S_IFDIR|0755, stx_size=244, ...}) = 0
close(9)                                = 0
openat(AT_FDCWD, "/home/xolra0d/.cargo/registry/cache/index.crates.io-1949cf8c6b5b557f/utf8parse-0.2.2.crate", O_RDONLY|O_CLOEXEC) = 9
statx(9, "", AT_STATX_SYNC_AS_STAT|AT_EMPTY_PATH, STATX_ALL, {stx_mask=STATX_ALL|STATX_MNT_ID|STATX_SUBVOL, stx_attributes=0, stx_mode=S_IFREG|0644, stx_size=13499, ...}) = 0
openat(AT_FDCWD, "/home/xolra0d/.cargo/registry/src/index.crates.io-1949cf8c6b5b557f/utf8parse-0.2.2/.cargo-ok", O_RDONLY|O_CLOEXEC) = 10
statx(10, "", AT_STATX_SYNC_AS_STAT|AT_EMPTY_PATH, STATX_ALL, {stx_mask=STATX_ALL|STATX_MNT_ID|STATX_SUBVOL, stx_attributes=0, stx_mode=S_IFREG|0644, stx_size=7, ...}) = 0
read(10, "{\"v\":1}", 7)                = 7
read(10, "", 32)                        = 0
close(10)                               = 0
openat(AT_FDCWD, "/home/xolra0d/.cargo/registry/src/index.crates.io-1949cf8c6b5b557f/utf8parse-0.2.2/Cargo.toml", O_RDONLY|O_CLOEXEC) = 10
statx(10, "", AT_STATX_SYNC_AS_STAT|AT_EMPTY_PATH, STATX_ALL, {stx_mask=STATX_ALL|STATX_MNT_ID|STATX_SUBVOL, stx_attributes=0, stx_mode=S_IFREG|0644, stx_size=1156, ...}) = 0
read(10, "# THIS FILE IS AUTOMATICALLY GEN"..., 1156) = 1156
read(10, "", 32)                        = 0
close(10)                               = 0
statx(AT_FDCWD, "/home/xolra0d/.cargo/registry/src/index.crates.io-1949cf8c6b5b557f/utf8parse-0.2.2/src/lib.rs", AT_STATX_SYNC_AS_STAT, STATX_ALL, {stx_mask=STATX_ALL|STATX_MNT_ID|STATX_SUBVOL, stx_attributes=0, stx_mode=S_IFREG|0644, stx_size=3662, ...}) = 0
statx(AT_FDCWD, "/home/xolra0d/.cargo/registry/src/index.crates.io-1949cf8c6b5b557f/utf8parse-0.2.2", AT_STATX_SYNC_AS_STAT, STATX_ALL, {stx_mask=STATX_ALL|STATX_MNT_ID|STATX_SUBVOL, stx_attributes=0, stx_mode=S_IFDIR|0755, stx_size=174, ...}) = 0
close(9)                                = 0
openat(AT_FDCWD, "/home/xolra0d/.cargo/registry/cache/index.crates.io-1949cf8c6b5b557f/uuid-1.18.1.crate", O_RDONLY|O_CLOEXEC) = 9
statx(9, "", AT_STATX_SYNC_AS_STAT|AT_EMPTY_PATH, STATX_ALL, {stx_mask=STATX_ALL|STATX_MNT_ID|STATX_SUBVOL, stx_attributes=0, stx_mode=S_IFREG|0644, stx_size=60468, ...}) = 0
openat(AT_FDCWD, "/home/xolra0d/.cargo/registry/src/index.crates.io-1949cf8c6b5b557f/uuid-1.18.1/.cargo-ok", O_RDONLY|O_CLOEXEC) = 10
statx(10, "", AT_STATX_SYNC_AS_STAT|AT_EMPTY_PATH, STATX_ALL, {stx_mask=STATX_ALL|STATX_MNT_ID|STATX_SUBVOL, stx_attributes=0, stx_mode=S_IFREG|0644, stx_size=7, ...}) = 0
read(10, "{\"v\":1}", 7)                = 7
read(10, "", 32)                        = 0
close(10)                               = 0
openat(AT_FDCWD, "/home/xolra0d/.cargo/registry/src/index.crates.io-1949cf8c6b5b557f/uuid-1.18.1/Cargo.toml", O_RDONLY|O_CLOEXEC) = 10
statx(10, "", AT_STATX_SYNC_AS_STAT|AT_EMPTY_PATH, STATX_ALL, {stx_mask=STATX_ALL|STATX_MNT_ID|STATX_SUBVOL, stx_attributes=0, stx_mode=S_IFREG|0644, stx_size=5010, ...}) = 0
read(10, "# THIS FILE IS AUTOMATICALLY GEN"..., 5010) = 5010
read(10, "", 32)                        = 0
close(10)                               = 0
brk(0x557067e5b000)                     = 0x557067e5b000
statx(AT_FDCWD, "/home/xolra0d/.cargo/registry/src/index.crates.io-1949cf8c6b5b557f/uuid-1.18.1", AT_STATX_SYNC_AS_STAT, STATX_ALL, {stx_mask=STATX_ALL|STATX_MNT_ID|STATX_SUBVOL, stx_attributes=0, stx_mode=S_IFDIR|0755, stx_size=202, ...}) = 0
close(9)                                = 0
openat(AT_FDCWD, "/home/xolra0d/.cargo/registry/cache/index.crates.io-1949cf8c6b5b557f/winnow-0.7.13.crate", O_RDONLY|O_CLOEXEC) = 9
statx(9, "", AT_STATX_SYNC_AS_STAT|AT_EMPTY_PATH, STATX_ALL, {stx_mask=STATX_ALL|STATX_MNT_ID|STATX_SUBVOL, stx_attributes=0, stx_mode=S_IFREG|0644, stx_size=174454, ...}) = 0
openat(AT_FDCWD, "/home/xolra0d/.cargo/registry/src/index.crates.io-1949cf8c6b5b557f/winnow-0.7.13/.cargo-ok", O_RDONLY|O_CLOEXEC) = 10
statx(10, "", AT_STATX_SYNC_AS_STAT|AT_EMPTY_PATH, STATX_ALL, {stx_mask=STATX_ALL|STATX_MNT_ID|STATX_SUBVOL, stx_attributes=0, stx_mode=S_IFREG|0644, stx_size=7, ...}) = 0
read(10, "{\"v\":1}", 7)                = 7
read(10, "", 32)                        = 0
close(10)                               = 0
openat(AT_FDCWD, "/home/xolra0d/.cargo/registry/src/index.crates.io-1949cf8c6b5b557f/winnow-0.7.13/Cargo.toml", O_RDONLY|O_CLOEXEC) = 10
statx(10, "", AT_STATX_SYNC_AS_STAT|AT_EMPTY_PATH, STATX_ALL, {stx_mask=STATX_ALL|STATX_MNT_ID|STATX_SUBVOL, stx_attributes=0, stx_mode=S_IFREG|0644, stx_size=6914, ...}) = 0
read(10, "# THIS FILE IS AUTOMATICALLY GEN"..., 6914) = 6914
read(10, "", 32)                        = 0
close(10)                               = 0
brk(0x557067e97000)                     = 0x557067e97000
statx(AT_FDCWD, "/home/xolra0d/.cargo/registry/src/index.crates.io-1949cf8c6b5b557f/winnow-0.7.13", AT_STATX_SYNC_AS_STAT, STATX_ALL, {stx_mask=STATX_ALL|STATX_MNT_ID|STATX_SUBVOL, stx_attributes=0, stx_mode=S_IFDIR|0755, stx_size=190, ...}) = 0
close(9)                                = 0
fcntl(6, F_SETLK, {l_type=F_RDLCK, l_whence=SEEK_SET, l_start=1073741824, l_len=1}) = 0
fcntl(6, F_SETLK, {l_type=F_RDLCK, l_whence=SEEK_SET, l_start=1073741826, l_len=510}) = 0
fcntl(6, F_SETLK, {l_type=F_UNLCK, l_whence=SEEK_SET, l_start=1073741824, l_len=1}) = 0
stat("/home/xolra0d/.cargo/.global-cache-journal", 0x7ffda6d4ac80) = -1 ENOENT (No such file or directory)
pread64(6, "\0\0.\261\0\0\0p\0\0\0005\0\0\0\21", 16, 24) = 16
stat("/home/xolra0d/.cargo/.global-cache-wal", 0x7ffda6d4ac50) = -1 ENOENT (No such file or directory)
fstat(6, {st_mode=S_IFREG|0644, st_size=458752, ...}) = 0
fcntl(6, F_SETLK, {l_type=F_WRLCK, l_whence=SEEK_SET, l_start=1073741825, l_len=1}) = 0
pread64(6, "\5\17w\0\32\17)\0\0\0\0\33\17\373\17\365\17\357\17\203\17\225\17\217\17\211\17\263\17\255\17\247"..., 4096, 16384) = 4096
pread64(6, "\r\0\0\0>\7\27\0\17\334\17\262\17\223\17q\17S\17/\17\4\16\322\16\260\16\212\16i\16A"..., 4096, 106496) = 4096
pread64(6, "\2\nn\0\34\t\315<\0\0\0g\n0\vX\n\376\v\236\n\213\f.\t\315\f\374\v\313\n\311"..., 4096, 20480) = 4096
pread64(6, "\n\3z\0;\1\1\3\3\326\3\254\3\225\17\\\16z\r\221\rw\1\1\rW\2_\4\270\4\336"..., 4096, 131072) = 4096
pread64(6, "\r\1\v\0O\0\346\0\17\324\17\262\17\202\17]\178\17\t\16\342\16\302\16l\16B\r\252\r\212"..., 4096, 90112) = 4096
stat("/home/xolra0d/.cargo/.global-cache", {st_mode=S_IFREG|0644, st_size=458752, ...}) = 0
getpid()                                = 1064834
stat("/home/xolra0d/.cargo/.global-cache", {st_mode=S_IFREG|0644, st_size=458752, ...}) = 0
openat(AT_FDCWD, "/home/xolra0d/.cargo/.global-cache-journal", O_RDWR|O_CREAT|O_NOFOLLOW|O_CLOEXEC, 0644) = 9
fstat(9, {st_mode=S_IFREG|0644, st_size=0, ...}) = 0
geteuid()                               = 1000
pwrite64(9, "\0\0\0\0\0\0\0\0\0\0\0\0\330r\220\335\0\0\0p\0\0\2\0\0\0\20\0\0\0\0\0"..., 512, 0) = 512
pwrite64(9, "\0\0\0\27", 4, 512)        = 4
pwrite64(9, "\r\1\v\0O\0\346\0\17\324\17\262\17\202\17]\178\17\t\16\342\16\302\16l\16B\r\252\r\212"..., 4096, 516) = 4096
pwrite64(9, "\330r\225\211", 4, 4612)   = 4
pread64(6, "\n\3B\0L\2,\0\17\243\17g\17N\2\307\3\223\16\340\16\304\16\250\16j\2{\16=\16&"..., 4096, 200704) = 4096
pread64(6, "\r\2\223\0M\1\27\4\2n\2N\2\t\1\313\1\213\1:\1\27\1c\1\255\17\327\2)\17\250"..., 4096, 221184) = 4096
pwrite64(9, "\0\0\0007", 4, 4616)       = 4
pwrite64(9, "\r\2\223\0M\1\27\4\2n\2N\2\t\1\313\1\213\1:\1\27\1c\1\255\17\327\2)\17\250"..., 4096, 4620) = 4096
pwrite64(9, "\330r\227.", 4, 8716)      = 4
pread64(6, "\n\1\177\0I\1?\2\4\225\4|\5N\0177\4^\4D\4\4\3\347\3\276\3\240\3\202\1\257"..., 4096, 196608) = 4096
pread64(6, "\n\1\374\0g\1\327\4\5\326\5z\4\376\4\225\48\4\0\3\272\3K\3\"\2\271\2\216\2F"..., 4096, 94208) = 4096
pread64(6, "\r\0\0\0f\0\333\0\17\337\17\270\17\223\17l\17K\17\"\16\366\16\317\16\250\16v\16L\16)"..., 4096, 110592) = 4096
pwrite64(9, "\0\0\0\34", 4, 8720)       = 4
pwrite64(9, "\r\0\0\0f\0\333\0\17\337\17\270\17\223\17l\17K\17\"\16\366\16\317\16\250\16v\16L\16)"..., 4096, 8724) = 4096
pwrite64(9, "\330r\226\25", 4, 12820)   = 4
pread64(6, "\n\1\336\0R\1\f\10\4e\f.\v\356\2w\3\30\6J\16\305\vT\3\300\v6\n\342\n\307"..., 4096, 339968) = 4096
pread64(6, "\n\3\332\0N\1\17\t\2\210\16\311\16\213\16l\2\307\r\351\r\310\r\247\r~\3\222\2\250\v\2"..., 4096, 262144) = 4096
pread64(6, "\n\1\227\0N\1\24\0\17\252\fl\17Y\17%\17\n\16\352\16\276\16\202\16.\2`\r\367\r\333"..., 4096, 151552) = 4096
pread64(6, "\r\2n\0Z\0\356\0\17\337\17\270\17\231\17p\17R\17,\17\16\16\360\16\307\16\203\16`\168"..., 4096, 57344) = 4096
pwrite64(9, "\0\0\0\17", 4, 12824)      = 4
pwrite64(9, "\r\2n\0Z\0\356\0\17\337\17\270\17\231\17p\17R\17,\17\16\16\360\16\307\16\203\16`\168"..., 4096, 12828) = 4096
pwrite64(9, "\330r\226U", 4, 16924)     = 4
pread64(6, "\n\3\f\0P\1\367\1\17\336\17\302\17e\17F\17\f\16\362\16\316\16\234\16E\16!\r\375\2\223"..., 4096, 319488) = 4096
pread64(6, "\n\2\267\0o\1\213\0\17\311\17\240\17\207\17n\17L\17+\2\374\17\f\16\356\16\314\16\253\16\212"..., 4096, 114688) = 4096
pread64(6, "\r\3\21\0Q\2\313\10\nG\10\344\10\271\10\210\10\22\7\362\7\321\7\261\7\217\7o\7R\0074"..., 4096, 294912) = 4096
pwrite64(9, "\0\0\0I", 4, 16928)        = 4
pwrite64(9, "\r\3\21\0Q\2\313\10\nG\10\344\10\271\10\210\10\22\7\362\7\321\7\261\7\217\7o\7R\0074"..., 4096, 16932) = 4096
pwrite64(9, "\330r\227J", 4, 21028)     = 4
pread64(6, "\n\3\22\0G\1\30\0\4\303\4\251\4w\4?\4!\3\376\3\347\3\320\10\224\10y\10^\10C"..., 4096, 143360) = 4096
pread64(6, "\n\t\325\0m\1X\0\f>\f#\v\351\v\37\v\3\n\223\n\314\n\260\f\264\fx\f\225\fY"..., 4096, 172032) = 4096
pread64(6, "\n\1(\0N\1\17\4\4\3\v\332\n,\4N\n\17\t\362\t\325\t\231\t{\3T\t^\t\5"..., 4096, 348160) = 4096
brk(0x557067eb8000)                     = 0x557067eb8000
pread64(6, "\r\5x\0M\3y\v\f\230\fv\fN\f\t\v\347\v\301\vt\n\200\t\343\10\327\10d\tI"..., 4096, 147456) = 4096
pwrite64(9, "\0\0\0%", 4, 21032)        = 4
pwrite64(9, "\r\5x\0M\3y\v\f\230\fv\fN\f\t\v\347\v\301\vt\n\200\t\343\10\327\10d\tI"..., 4096, 21036) = 4096
pwrite64(9, "\330r\226\261", 4, 25132)  = 4
pread64(6, "\n\3p\0G\1Y\5\16p\10b\7 \0035\r\262\r_\1\312\r)\1\227\r\r\f\341\7\351"..., 4096, 380928) = 4096
pread64(6, "\r\2\21\0N\1\201\10\1\311\3\207\3W\0030\3\10\2\344\2\273\2\224\2n\2K\2,\4\f"..., 4096, 118784) = 4096
pwrite64(9, "\0\0\0\36", 4, 25136)      = 4
pwrite64(9, "\r\2\21\0N\1\201\10\1\311\3\207\3W\0030\3\10\2\344\2\273\2\224\2n\2K\2,\4\f"..., 4096, 25140) = 4096
pwrite64(9, "\330r\226\34", 4, 29236)   = 4
pread64(6, "\n\0013\0?\1\34\1\f\25\v\354\v\307\v\242\v0\f\332\n\244\n\204\nD\n$\1L\f\274"..., 4096, 368640) = 4096
pread64(6, "\r\f\224\0O\4\16\0\17\342\17\300\17\240\17~\17]\178\17\21\16\354\16\304\16\223\16t\16P"..., 4096, 102400) = 4096
pwrite64(9, "\0\0\0\32", 4, 29240)      = 4
pwrite64(9, "\r\f\224\0O\4\16\0\17\342\17\300\17\240\17~\17]\178\17\21\16\354\16\304\16\223\16t\16P"..., 4096, 29244) = 4096
pwrite64(9, "\330r\226g", 4, 33340)     = 4
pread64(6, "\n\1\310\0e\1\27\1\16\21\r\354\r\306\r\240\rz\rT\r*\r\0\f\326\f\254\f\205\f^"..., 4096, 401408) = 4096
pread64(6, "\n\0013\0O\1\24\4\rO\r3\r\30\f\375\f\342\16F\16d\f\235\f\177\fc\fC\v\376"..., 4096, 122880) = 4096
pread64(6, "\r\2J\0R\0\354\0\17\342\17\272\17x\17P\17\f\16\345\16\232\16w\16O\16-\16\7\r\224"..., 4096, 61440) = 4096
pwrite64(9, "\0\0\0\20", 4, 33344)      = 4
pwrite64(9, "\r\2J\0R\0\354\0\17\342\17\272\17x\17P\17\f\16\345\16\232\16w\16O\16-\16\7\r\224"..., 4096, 33348) = 4096
pwrite64(9, "\330r\227\241", 4, 37444)  = 4
pread64(6, "\n\1e\0Z\1\20\0\16\37\16\3\r\335\r\262\r\221\rp\rO\r)\r\3\f\335\f\274\f\234"..., 4096, 167936) = 4096
pread64(6, "\r\4c\0F\1\261\2\17\272\17\227\0171\16|\16\v\ry\r2\f\277\f\232\f\17\v\231\vq"..., 4096, 245760) = 4096
pwrite64(9, "\0\0\0=", 4, 37448)        = 4
pwrite64(9, "\r\4c\0F\1\261\2\17\272\17\227\0171\16|\16\v\ry\r2\f\277\f\232\f\17\v\231\vq"..., 4096, 37452) = 4096
pwrite64(9, "\330r\226\224", 4, 41548)  = 4
pread64(6, "\n\2\236\0S\2\37\0\r\4\17v\0177\f\230\f\202\17\220\fl\4\305\f*\f\23\v\302\v\245"..., 4096, 159744) = 4096
pread64(6, "\n\1\316\0t\1\224\20\f0\f\25\v\373\v\340\6I\5\355\v\300\v\240\6)\v\200\v`\v@"..., 4096, 69632) = 4096
pread64(6, "\r\0\0\0i\0\355\0\17\323\17\255\17\200\17]\0176\17\24\16\354\16\311\16\246\16\201\16[\0167"..., 4096, 299008) = 4096
pwrite64(9, "\0\0\0J", 4, 41552)        = 4
pwrite64(9, "\r\0\0\0i\0\355\0\17\323\17\255\17\200\17]\0176\17\24\16\354\16\311\16\246\16\201\16[\0167"..., 4096, 41556) = 4096
pwrite64(9, "\330r\226#", 4, 45652)     = 4
pread64(6, "\n\1v\0.\1T\0\f\277\fx\f9\f\t\v\360\v\234\16$\vC\v+\n\326\n\246\ns"..., 4096, 253952) = 4096
pread64(6, "\n\1K\0I\1\23\5\n\224\16]\n\20\4o\5\1\t\336\t\237\1\353\tH\t+\10\373\10\343"..., 4096, 241664) = 4096
pread64(6, "\n\4~\0O\2\323\0\4\226\4]\0047\3\377\3\333\3\266\3\225\3n\3O\0030\3\23\2\355"..., 4096, 270336) = 4096
pread64(6, "\n\1\210\0J\1+\0\1P\3y\nn\nF\n'\1+\f\235\n\5\17\327\t\350\7M\t\214"..., 4096, 225280) = 4096
pread64(6, "\r\0\0\0`\0\340\0\17\320\17\246\17|\17W\0174\17\16\16\340\16\261\16\213\16d\16E\16\23"..., 4096, 413696) = 4096
pwrite64(9, "\0\0\0f", 4, 45656)        = 4
pwrite64(9, "\r\0\0\0`\0\340\0\17\320\17\246\17|\17W\0174\17\16\16\340\16\261\16\213\16d\16E\16\23"..., 4096, 45660) = 4096
pwrite64(9, "\330r\225\17", 4, 49756)   = 4
pread64(6, "\n\1X\0R\0016\2\v.\n\336\n\222\n\272\0073\nZ\n7\v\243\t\346\t\315\t\233\1c"..., 4096, 303104) = 4096
pread64(6, "\n\1n\0U\1\17\0\10\322\10\255\10\223\10y\3r\10C\10\37\3U\10\2\3\247\7\336\7\305"..., 4096, 307200) = 4096
pread64(6, "\r\3\263\0007\1\216\6\6E\6\0\5\335\5r\4\260\3\220\3r\1\335\1\264\1\216\3D\3\37"..., 4096, 139264) = 4096
pwrite64(9, "\0\0\0#", 4, 49760)        = 4
pwrite64(9, "\r\3\263\0007\1\216\6\6E\6\0\5\335\5r\4\260\3\220\3r\1\335\1\264\1\216\3D\3\37"..., 4096, 49764) = 4096
pwrite64(9, "\330r\226\310", 4, 53860)  = 4
pread64(6, "\n\2\316\0D\2f\1\17\344\17\275\2\213\2\251\2f\17\235\17{\16\202\6\272\f\242\f\204\n\344"..., 4096, 65536) = 4096
pread64(6, "\5\17\271\0\r\17\233\0\0\0\0D\17\373\17\247\17\241\17\233\17\255\17\365\17\313\17\263\17\343\17\335"..., 4096, 24576) = 4096
pread64(6, "\r\0\0\0\17\16,\0\17\345\17\303\17\237\17~\17c\17E\17,\17\f\16\355\16\315\16\254\16\220"..., 4096, 274432) = 4096
pread64(6, "\2\0165\0\n\16\34\10\0\0\0o\17p\17T\16\205\16\35\16J\16\322\16e\16\260\17\254\17\207"..., 4096, 28672) = 4096
pread64(6, "\n\2\10\0B\1\363\n\0063\3\n\1\363\2'\7\205\7e\4\222\4\254\7/\4`\4/\7\22"..., 4096, 163840) = 4096
pread64(6, "\r\4Z\0A\4:\0\17\343\17\305\17\252\17\214\17q\17T\0176\17\35\16\342\16\304\16\247\16j"..., 4096, 77824) = 4096
pwrite64(9, "\0\0\0\24", 4, 53864)      = 4
pwrite64(9, "\r\4Z\0A\4:\0\17\343\17\305\17\252\17\214\17q\17T\0176\17\35\16\342\16\304\16\247\16j"..., 4096, 53868) = 4096
pwrite64(9, "\330r\226\36", 4, 57964)   = 4
pread64(6, "\n\1\275\0h\1\214\5\6\210\6p\2\244\6\310\1\214\7Y\1\352\4[\4\5\3\361\1\302\2\217"..., 4096, 86016) = 4096
pread64(6, "\r\2&\0U\2\f\22\2\365\2+\2k\2\324\5\346\t0\v2\7+\6\10\3?\3%\2\246"..., 4096, 360448) = 4096
pwrite64(9, "\0\0\0Y", 4, 57968)        = 4
pwrite64(9, "\r\2&\0U\2\f\22\2\365\2+\2k\2\324\5\346\t0\v2\7+\6\10\3?\3%\2\246"..., 4096, 57972) = 4096
pwrite64(9, "\330r\226\256", 4, 62068)  = 4
pread64(6, "\n\2\16\0W\1P\4\2\350\1\311\1\336\rs\16Q\6b\5\216\5\316\7\177\3A\v<\10\225"..., 4096, 176128) = 4096
pread64(6, "\r\3i\0W\2-\25\n8\6\333\7j\7C\7\30\t\272\t\221\th\t;\10\361\10\312\10\244"..., 4096, 237568) = 4096
pwrite64(9, "\0\0\0;", 4, 62072)        = 4
pwrite64(9, "\r\3i\0W\2-\25\n8\6\333\7j\7C\7\30\t\272\t\221\th\t;\10\361\10\312\10\244"..., 4096, 62076) = 4096
pwrite64(9, "\330r\226\276", 4, 66172)  = 4
brk(0x557067ed9000)                     = 0x557067ed9000
pread64(6, "\n\29\0n\1Y\3\3\267\f\237\3x\5\253\ny\5o\n;\f\215\5\276\3\240\r\3\2\240"..., 4096, 208896) = 4096
pread64(6, "\n\1\233\0\202\1\212\n\v\3\16\241\16\215\r\370\16u\5\277\10\265\6\5\6\305\2\216\16\20\f\202"..., 4096, 282624) = 4096
pread64(6, "\n\1\346\0\207\1G\16\3\335\5\17\0065\3m\17\271\3\373\17\222\5\202\17]\4\371\5\333\3\17"..., 4096, 286720) = 4096
pread64(6, "\r\3\24\0)\2\365\6\3m\3K\3\353\4_\4A\5\246\3\317\5l\5M\5$\5\3\4\342"..., 4096, 98304) = 4096
pwrite64(9, "\0\0\0\31", 4, 66176)      = 4
pwrite64(9, "\r\3\24\0)\2\365\6\3m\3K\3\353\4_\4A\5\246\3\317\5l\5M\5$\5\3\4\342"..., 4096, 66180) = 4096
pwrite64(9, "\330r\225\311", 4, 70276)  = 4
pread64(6, "\n\4\356\0X\1\313\10\5\307\n\254\5\227\6\256\5\22\6[\6E\5\340\4\370\6t\n\304\6\306"..., 4096, 81920) = 4096
pread64(6, "\r\6G\0@\5\240\24\v\343\v\304\v\252\vt\vQ\v3\v\16\n\356\n\322\n\230\n\177\nJ"..., 4096, 180224) = 4096
pwrite64(9, "\0\0\0-", 4, 70280)        = 4
pwrite64(9, "\r\6G\0@\5\240\24\v\343\v\304\v\252\vt\vQ\v3\v\16\n\356\n\322\n\230\n\177\nJ"..., 4096, 70284) = 4096
pwrite64(9, "\330r\226\333", 4, 74380)  = 4
pread64(6, "\n\1\244\0^\1Z\n\5H\6K\6\5\4\314\4\364\4\344\1\372\5\340\4\242\4x\4a\4J"..., 4096, 184320) = 4096
pread64(6, "\n\2Y\0h\1I\10\16\341\7\226\nO\1x\59\3!\7o\3\347\r\f\1I\f\365\5\253"..., 4096, 278528) = 4096
pread64(6, "\r\1V\0001\1\v\0\17\342\17\275\17\202\17b\16\270\16\34\16\4\r\311\r\250\rI\f\254\fq"..., 4096, 73728) = 4096
pwrite64(9, "\0\0\0\23", 4, 74384)      = 4
pwrite64(9, "\r\1V\0001\1\v\0\17\342\17\275\17\202\17b\16\270\16\34\16\4\r\311\r\250\rI\f\254\fq"..., 4096, 74388) = 4096
pwrite64(9, "\330r\227c", 4, 78484)     = 4
pread64(6, "\n\2\243\0\214\1X\6\v\356\v\334\v\312\v\264\v\236\v\205\vm\vY\vE\v1\v\30\v\3"..., 4096, 290816) = 4096
pread64(6, "\n\5\203\0w\1\346\t\17\256\7\274\f\244\6$\2Y\r\345\16\0\r\244\5\341\2\376\5p\2\345"..., 4096, 450560) = 4096
fcntl(6, F_SETLK, {l_type=F_WRLCK, l_whence=SEEK_SET, l_start=1073741824, l_len=1}) = 0
fcntl(6, F_SETLK, {l_type=F_WRLCK, l_whence=SEEK_SET, l_start=1073741826, l_len=510}) = 0
pwrite64(9, "\0\0\0\1", 4, 78488)       = 4
pwrite64(9, "SQLite format 3\0\20\0\1\1\0@  \0\0.\261\0\0\0p"..., 4096, 78492) = 4096
pwrite64(9, "\330r\223@", 4, 82588)     = 4
pread64(9, "", 8, 82944)                = 0
fsync(9)                                = 0
openat(AT_FDCWD, "/home/xolra0d/.cargo", O_RDONLY|O_CLOEXEC) = 10
fsync(10)                               = 0
close(10)                               = 0
pwrite64(9, "\331\325\5\371 \241c\327\0\0\0\24", 12, 0) = 12
fsync(9)                                = 0
pwrite64(6, "SQLite format 3\0\20\0\1\1\0@  \0\0.\262\0\0\0p"..., 4096, 0) = 4096
pwrite64(6, "\r\2n\0Z\0\356\0\17\337\17\270\17\231\17p\17R\17,\17\16\16\360\16\307\16\203\16`\168"..., 4096, 57344) = 4096
pwrite64(6, "\r\2J\0R\0\354\0\17\342\17\272\17x\17P\17\f\16\345\16\232\16w\16O\16-\16\7\r\224"..., 4096, 61440) = 4096
pwrite64(6, "\r\1V\0001\1\v\0\17\342\17\275\17\202\17b\16\270\16\34\16\4\r\311\r\250\rI\f\254\fq"..., 4096, 73728) = 4096
pwrite64(6, "\r\4Z\0A\4:\0\17\343\17\305\17\252\17\214\17q\17T\0176\17\35\16\342\16\304\16\247\16j"..., 4096, 77824) = 4096
pwrite64(6, "\r\1\v\0O\0\346\0\17\324\17\262\17\202\17]\178\17\t\16\342\16\302\16l\16B\r\252\r\212"..., 4096, 90112) = 4096
pwrite64(6, "\r\3\24\0)\2\365\6\3m\3K\3\353\4_\4A\5\246\3\317\5l\5M\5$\5\3\4\342"..., 4096, 98304) = 4096
pwrite64(6, "\r\f\224\0O\4\16\0\17\342\17\300\17\240\17~\17]\178\17\21\16\354\16\304\16\223\16t\16P"..., 4096, 102400) = 4096
pwrite64(6, "\r\0\0\0f\0\333\0\17\337\17\270\17\223\17l\17K\17\"\16\366\16\317\16\250\16v\16L\16)"..., 4096, 110592) = 4096
pwrite64(6, "\r\2\21\0N\1\201\10\1\311\3\207\3W\0030\3\10\2\344\2\273\2\224\2n\2K\2,\4\f"..., 4096, 118784) = 4096
pwrite64(6, "\r\3\263\0007\1\216\6\6E\6\0\5\335\5r\4\260\3\220\3r\1\335\1\264\1\216\3D\3\37"..., 4096, 139264) = 4096
pwrite64(6, "\r\5x\0M\3y\v\f\230\fv\fN\f\t\v\347\v\301\vt\n\200\t\343\10\327\10d\tI"..., 4096, 147456) = 4096
pwrite64(6, "\r\6G\0@\5\240\24\v\343\v\304\v\252\vt\vQ\v3\v\16\n\356\n\322\n\230\n\177\nJ"..., 4096, 180224) = 4096
pwrite64(6, "\r\2\223\0M\1\27\4\2n\2N\2\t\1\313\1\213\1:\1\27\1c\1\255\17\327\2)\17\250"..., 4096, 221184) = 4096
pwrite64(6, "\r\3i\0W\2-\25\n8\6\333\7j\7C\7\30\t\272\t\221\th\t;\10\361\10\312\10\244"..., 4096, 237568) = 4096
pwrite64(6, "\r\4c\0F\1\261\2\17\272\17\227\0171\16|\16\v\ry\r2\f\277\f\232\f\17\v\231\vq"..., 4096, 245760) = 4096
pwrite64(6, "\r\3\21\0Q\2\313\10\nG\10\344\10\271\10\210\10\22\7\362\7\321\7\261\7\217\7o\7R\0074"..., 4096, 294912) = 4096
pwrite64(6, "\r\0\0\0i\0\355\0\17\323\17\255\17\200\17]\0176\17\24\16\354\16\311\16\246\16\201\16[\0167"..., 4096, 299008) = 4096
pwrite64(6, "\r\2&\0U\2\f\22\2\365\2+\2k\2\324\5\346\t0\v2\7+\6\10\3?\3%\2\246"..., 4096, 360448) = 4096
pwrite64(6, "\r\0\0\0`\0\340\0\17\320\17\246\17|\17W\0174\17\16\16\340\16\261\16\213\16d\16E\16\23"..., 4096, 413696) = 4096
fsync(6)                                = 0
close(9)                                = 0
unlink("/home/xolra0d/.cargo/.global-cache-journal") = 0
fcntl(6, F_SETLK, {l_type=F_RDLCK, l_whence=SEEK_SET, l_start=1073741826, l_len=510}) = 0
fcntl(6, F_SETLK, {l_type=F_UNLCK, l_whence=SEEK_SET, l_start=1073741824, l_len=2}) = 0
fcntl(6, F_SETLK, {l_type=F_UNLCK, l_whence=SEEK_SET, l_start=0, l_len=0}) = 0
flock(8, LOCK_UN)                       = 0
close(8)                                = 0
openat(AT_FDCWD, "/home/xolra0d/.cargo/.package-cache", O_RDWR|O_CREAT|O_CLOEXEC, 0666) = 8
statfs("/home/xolra0d/.cargo/.package-cache", {f_type=BTRFS_SUPER_MAGIC, f_bsize=4096, f_blocks=165429248, f_bfree=50111579, f_bavail=49671627, f_files=0, f_ffree=0, f_fsid={val=[0x57730a96, 0xa2cc1a53]}, f_namelen=255, f_frsize=4096, f_flags=ST_VALID|ST_RELATIME}) = 0
flock(8, LOCK_EX|LOCK_NB)               = 0
ioctl(2, TIOCGWINSZ, {ws_row=33, ws_col=60, ws_xpixel=600, ws_ypixel=726}) = 0
flock(8, LOCK_UN)                       = 0
close(8)                                = 0
statx(AT_FDCWD, "/home/xolra0d/.nvm/versions/node/v24.12.0/bin/rustc", AT_STATX_SYNC_AS_STAT, STATX_ALL, 0x7ffda6d4b860) = -1 ENOENT (No such file or directory)
statx(AT_FDCWD, "/home/xolra0d/.duckdb/cli/latest/rustc", AT_STATX_SYNC_AS_STAT, STATX_ALL, 0x7ffda6d4b860) = -1 ENOENT (No such file or directory)
statx(AT_FDCWD, "/home/xolra0d/.local/share/solana/install/active_release/bin/rustc", AT_STATX_SYNC_AS_STAT, STATX_ALL, 0x7ffda6d4b860) = -1 ENOENT (No such file or directory)
statx(AT_FDCWD, "/home/xolra0d/.local/bin/rustc", AT_STATX_SYNC_AS_STAT, STATX_ALL, 0x7ffda6d4b860) = -1 ENOENT (No such file or directory)
statx(AT_FDCWD, "/usr/bin/rustc", AT_STATX_SYNC_AS_STAT, STATX_ALL, {stx_mask=STATX_ALL|STATX_MNT_ID|STATX_SUBVOL, stx_attributes=0, stx_mode=S_IFREG|0755, stx_size=12086344, ...}) = 0
statx(AT_FDCWD, "/home/xolra0d/.nvm/versions/node/v24.12.0/bin/rustup", AT_STATX_SYNC_AS_STAT, STATX_ALL, 0x7ffda6d4b860) = -1 ENOENT (No such file or directory)
statx(AT_FDCWD, "/home/xolra0d/.duckdb/cli/latest/rustup", AT_STATX_SYNC_AS_STAT, STATX_ALL, 0x7ffda6d4b860) = -1 ENOENT (No such file or directory)
statx(AT_FDCWD, "/home/xolra0d/.local/share/solana/install/active_release/bin/rustup", AT_STATX_SYNC_AS_STAT, STATX_ALL, 0x7ffda6d4b860) = -1 ENOENT (No such file or directory)
statx(AT_FDCWD, "/home/xolra0d/.local/bin/rustup", AT_STATX_SYNC_AS_STAT, STATX_ALL, 0x7ffda6d4b860) = -1 ENOENT (No such file or directory)
statx(AT_FDCWD, "/usr/bin/rustup", AT_STATX_SYNC_AS_STAT, STATX_ALL, {stx_mask=STATX_ALL|STATX_MNT_ID|STATX_SUBVOL, stx_attributes=0, stx_mode=S_IFREG|0755, stx_size=12086344, ...}) = 0
statx(AT_FDCWD, "/usr/bin/rustc", AT_STATX_SYNC_AS_STAT, STATX_ALL, {stx_mask=STATX_ALL|STATX_MNT_ID|STATX_SUBVOL, stx_attributes=0, stx_mode=S_IFREG|0755, stx_size=12086344, ...}) = 0
statx(AT_FDCWD, "/usr/bin/rustup", AT_STATX_SYNC_AS_STAT, STATX_ALL, {stx_mask=STATX_ALL|STATX_MNT_ID|STATX_SUBVOL, stx_attributes=0, stx_mode=S_IFREG|0755, stx_size=12086344, ...}) = 0
getcwd("/home/xolra0d/dev/databases/touchhouse", 512) = 39
statx(AT_FDCWD, "/home/xolra0d/.rustup/toolchains/stable-x86_64-unknown-linux-gnu/bin/rustc", AT_STATX_SYNC_AS_STAT, STATX_ALL, {stx_mask=STATX_ALL|STATX_MNT_ID|STATX_SUBVOL, stx_attributes=0, stx_mode=S_IFREG|0755, stx_size=654904, ...}) = 0
statx(AT_FDCWD, "/home/xolra0d/.rustup/toolchains/stable-x86_64-unknown-linux-gnu/bin/rustc", AT_STATX_SYNC_AS_STAT, STATX_ALL, {stx_mask=STATX_ALL|STATX_MNT_ID|STATX_SUBVOL, stx_attributes=0, stx_mode=S_IFREG|0755, stx_size=654904, ...}) = 0
statx(AT_FDCWD, "/home/xolra0d/.rustup/toolchains/stable-x86_64-unknown-linux-gnu/bin/rustc", AT_STATX_SYNC_AS_STAT, STATX_ALL, {stx_mask=STATX_ALL|STATX_MNT_ID|STATX_SUBVOL, stx_attributes=0, stx_mode=S_IFREG|0755, stx_size=654904, ...}) = 0
openat(AT_FDCWD, "/home/xolra0d/dev/databases/touchhouse/target/.rustc_info.json", O_RDONLY|O_CLOEXEC) = 8
statx(8, "", AT_STATX_SYNC_AS_STAT|AT_EMPTY_PATH, STATX_ALL, {stx_mask=STATX_ALL|STATX_MNT_ID|STATX_SUBVOL, stx_attributes=0, stx_mode=S_IFREG|0644, stx_size=1728, ...}) = 0
read(8, "{\"rustc_fingerprint\":11666309488"..., 1728) = 1728
read(8, "", 32)                         = 0
close(8)                                = 0
brk(0x557067efa000)                     = 0x557067efa000
openat(AT_FDCWD, "/home/xolra0d/.cargo/.package-cache-mutate", O_RDWR|O_CREAT|O_CLOEXEC, 0666) = 8
statfs("/home/xolra0d/.cargo/.package-cache-mutate", {f_type=BTRFS_SUPER_MAGIC, f_bsize=4096, f_blocks=165429248, f_bfree=50111579, f_bavail=49671627, f_files=0, f_ffree=0, f_fsid={val=[0x57730a96, 0xa2cc1a53]}, f_namelen=255, f_frsize=4096, f_flags=ST_VALID|ST_RELATIME}) = 0
flock(8, LOCK_EX|LOCK_NB)               = 0
openat(AT_FDCWD, "/home/xolra0d/.cargo/.package-cache", O_RDWR|O_CREAT|O_CLOEXEC, 0666) = 9
statfs("/home/xolra0d/.cargo/.package-cache", {f_type=BTRFS_SUPER_MAGIC, f_bsize=4096, f_blocks=165429248, f_bfree=50111579, f_bavail=49671627, f_files=0, f_ffree=0, f_fsid={val=[0x57730a96, 0xa2cc1a53]}, f_namelen=255, f_frsize=4096, f_flags=ST_VALID|ST_RELATIME}) = 0
flock(9, LOCK_EX|LOCK_NB)               = 0
ioctl(2, TIOCGWINSZ, {ws_row=33, ws_col=60, ws_xpixel=600, ws_ypixel=726}) = 0
fcntl(6, F_SETLK, {l_type=F_RDLCK, l_whence=SEEK_SET, l_start=1073741824, l_len=1}) = 0
fcntl(6, F_SETLK, {l_type=F_RDLCK, l_whence=SEEK_SET, l_start=1073741826, l_len=510}) = 0
fcntl(6, F_SETLK, {l_type=F_UNLCK, l_whence=SEEK_SET, l_start=1073741824, l_len=1}) = 0
stat("/home/xolra0d/.cargo/.global-cache-journal", 0x7ffda6d4e2e0) = -1 ENOENT (No such file or directory)
pread64(6, "\0\0.\262\0\0\0p\0\0\0005\0\0\0\21", 16, 24) = 16
stat("/home/xolra0d/.cargo/.global-cache-wal", 0x7ffda6d4e2b0) = -1 ENOENT (No such file or directory)
fstat(6, {st_mode=S_IFREG|0644, st_size=458752, ...}) = 0
pread64(6, "\r\0\0\0\1\17\370\0\17\370\0\0\0\0\0\0\0\0\0\0\0\0\0\0\0\0\0\0\0\0\0\0"..., 4096, 53248) = 4096
fcntl(6, F_SETLK, {l_type=F_UNLCK, l_whence=SEEK_SET, l_start=0, l_len=0}) = 0
flock(9, LOCK_UN)                       = 0
close(9)                                = 0
flock(8, LOCK_UN)                       = 0
close(8)                                = 0
pipe2([8, 9], O_CLOEXEC)                = 0
fcntl(9, F_SETFL, O_RDONLY|O_NONBLOCK)  = 0
write(9, "||||||||||||||||||||||", 22)  = 22
fcntl(9, F_SETFL, O_RDONLY)             = 0
read(8, "|", 1)                         = 1
openat(AT_FDCWD, "/home/xolra0d/.cargo/.package-cache-mutate", O_RDWR|O_CREAT|O_CLOEXEC, 0666) = 10
statfs("/home/xolra0d/.cargo/.package-cache-mutate", {f_type=BTRFS_SUPER_MAGIC, f_bsize=4096, f_blocks=165429248, f_bfree=50111579, f_bavail=49671627, f_files=0, f_ffree=0, f_fsid={val=[0x57730a96, 0xa2cc1a53]}, f_namelen=255, f_frsize=4096, f_flags=ST_VALID|ST_RELATIME}) = 0
flock(10, LOCK_SH|LOCK_NB)              = 0
statx(AT_FDCWD, "/home/xolra0d/dev/databases/touchhouse/target", AT_STATX_SYNC_AS_STAT, STATX_ALL, {stx_mask=STATX_ALL|STATX_MNT_ID|STATX_SUBVOL, stx_attributes=0, stx_mode=S_IFDIR|0755, stx_size=106, ...}) = 0
mkdir("/home/xolra0d/dev/databases/touchhouse/target/debug", 0777) = -1 EEXIST (File exists)
statx(AT_FDCWD, "/home/xolra0d/dev/databases/touchhouse/target/debug", AT_STATX_SYNC_AS_STAT, STATX_ALL, {stx_mask=STATX_ALL|STATX_MNT_ID|STATX_SUBVOL, stx_attributes=0, stx_mode=S_IFDIR|0755, stx_size=212, ...}) = 0
openat(AT_FDCWD, "/home/xolra0d/dev/databases/touchhouse/target/debug/.cargo-lock", O_RDWR|O_CREAT|O_CLOEXEC, 0666) = 11
statfs("/home/xolra0d/dev/databases/touchhouse/target/debug/.cargo-lock", {f_type=BTRFS_SUPER_MAGIC, f_bsize=4096, f_blocks=165429248, f_bfree=50111579, f_bavail=49671627, f_files=0, f_ffree=0, f_fsid={val=[0x57730a96, 0xa2cc1a53]}, f_namelen=255, f_frsize=4096, f_flags=ST_VALID|ST_RELATIME}) = 0
flock(11, LOCK_EX|LOCK_NB)              = 0
mkdir("/home/xolra0d/dev/databases/touchhouse/target/debug/examples", 0777) = -1 EEXIST (File exists)
statx(AT_FDCWD, "/home/xolra0d/dev/databases/touchhouse/target/debug/examples", AT_STATX_SYNC_AS_STAT, STATX_ALL, {stx_mask=STATX_ALL|STATX_MNT_ID|STATX_SUBVOL, stx_attributes=0, stx_mode=S_IFDIR|0755, stx_size=0, ...}) = 0
mkdir("/home/xolra0d/dev/databases/touchhouse/target/debug/deps", 0777) = -1 EEXIST (File exists)
statx(AT_FDCWD, "/home/xolra0d/dev/databases/touchhouse/target/debug/deps", AT_STATX_SYNC_AS_STAT, STATX_ALL, {stx_mask=STATX_ALL|STATX_MNT_ID|STATX_SUBVOL, stx_attributes=0, stx_mode=S_IFDIR|0755, stx_size=157726, ...}) = 0
mkdir("/home/xolra0d/dev/databases/touchhouse/target/debug/.fingerprint", 0777) = -1 EEXIST (File exists)
statx(AT_FDCWD, "/home/xolra0d/dev/databases/touchhouse/target/debug/.fingerprint", AT_STATX_SYNC_AS_STAT, STATX_ALL, {stx_mask=STATX_ALL|STATX_MNT_ID|STATX_SUBVOL, stx_attributes=0, stx_mode=S_IFDIR|0755, stx_size=11352, ...}) = 0
mkdir("/home/xolra0d/dev/databases/touchhouse/target/debug/incremental", 0777) = -1 EEXIST (File exists)
statx(AT_FDCWD, "/home/xolra0d/dev/databases/touchhouse/target/debug/incremental", AT_STATX_SYNC_AS_STAT, STATX_ALL, {stx_mask=STATX_ALL|STATX_MNT_ID|STATX_SUBVOL, stx_attributes=0, stx_mode=S_IFDIR|0755, stx_size=624, ...}) = 0
mkdir("/home/xolra0d/dev/databases/touchhouse/target/debug/examples", 0777) = -1 EEXIST (File exists)
statx(AT_FDCWD, "/home/xolra0d/dev/databases/touchhouse/target/debug/examples", AT_STATX_SYNC_AS_STAT, STATX_ALL, {stx_mask=STATX_ALL|STATX_MNT_ID|STATX_SUBVOL, stx_attributes=0, stx_mode=S_IFDIR|0755, stx_size=0, ...}) = 0
mkdir("/home/xolra0d/dev/databases/touchhouse/target/debug/build", 0777) = -1 EEXIST (File exists)
statx(AT_FDCWD, "/home/xolra0d/dev/databases/touchhouse/target/debug/build", AT_STATX_SYNC_AS_STAT, STATX_ALL, {stx_mask=STATX_ALL|STATX_MNT_ID|STATX_SUBVOL, stx_attributes=0, stx_mode=S_IFDIR|0755, stx_size=1524, ...}) = 0
openat(AT_FDCWD, "/home/xolra0d/dev/databases/touchhouse/target/debug/build/crc32fast-b09c59eae4a5ad74/root-output", O_RDONLY|O_CLOEXEC) = 12
statx(12, "", AT_STATX_SYNC_AS_STAT|AT_EMPTY_PATH, STATX_ALL, {stx_mask=STATX_ALL|STATX_MNT_ID|STATX_SUBVOL, stx_attributes=0, stx_mode=S_IFREG|0644, stx_size=88, ...}) = 0
read(12, "/home/xolra0d/dev/databases/touc"..., 88) = 88
read(12, "", 32)                        = 0
close(12)                               = 0
openat(AT_FDCWD, "/home/xolra0d/dev/databases/touchhouse/target/debug/build/crc32fast-b09c59eae4a5ad74/output", O_RDONLY|O_CLOEXEC) = 12
statx(12, "", AT_STATX_SYNC_AS_STAT|AT_EMPTY_PATH, STATX_ALL, {stx_mask=STATX_ALL|STATX_MNT_ID|STATX_SUBVOL, stx_attributes=0, stx_mode=S_IFREG|0644, stx_size=99, ...}) = 0
read(12, "cargo:rustc-cfg=stable_arm_crc32"..., 99) = 99
read(12, "", 32)                        = 0
close(12)                               = 0
openat(AT_FDCWD, "/home/xolra0d/dev/databases/touchhouse/target/debug/build/crossbeam-utils-5593ca2e94a79bb0/root-output", O_RDONLY|O_CLOEXEC) = 12
statx(12, "", AT_STATX_SYNC_AS_STAT|AT_EMPTY_PATH, STATX_ALL, {stx_mask=STATX_ALL|STATX_MNT_ID|STATX_SUBVOL, stx_attributes=0, stx_mode=S_IFREG|0644, stx_size=94, ...}) = 0
read(12, "/home/xolra0d/dev/databases/touc"..., 94) = 94
read(12, "", 32)                        = 0
close(12)                               = 0
openat(AT_FDCWD, "/home/xolra0d/dev/databases/touchhouse/target/debug/build/crossbeam-utils-5593ca2e94a79bb0/output", O_RDONLY|O_CLOEXEC) = 12
statx(12, "", AT_STATX_SYNC_AS_STAT|AT_EMPTY_PATH, STATX_ALL, {stx_mask=STATX_ALL|STATX_MNT_ID|STATX_SUBVOL, stx_attributes=0, stx_mode=S_IFREG|0644, stx_size=109, ...}) = 0
read(12, "cargo:rerun-if-changed=no_atomic"..., 109) = 109
read(12, "", 32)                        = 0
close(12)                               = 0
openat(AT_FDCWD, "/home/xolra0d/dev/databases/touchhouse/target/debug/build/libc-7277e7d305b53ad7/root-output", O_RDONLY|O_CLOEXEC) = 12
statx(12, "", AT_STATX_SYNC_AS_STAT|AT_EMPTY_PATH, STATX_ALL, {stx_mask=STATX_ALL|STATX_MNT_ID|STATX_SUBVOL, stx_attributes=0, stx_mode=S_IFREG|0644, stx_size=83, ...}) = 0
read(12, "/home/xolra0d/dev/databases/touc"..., 83) = 83
read(12, "", 32)                        = 0
close(12)                               = 0
openat(AT_FDCWD, "/home/xolra0d/dev/databases/touchhouse/target/debug/build/libc-7277e7d305b53ad7/output", O_RDONLY|O_CLOEXEC) = 12
statx(12, "", AT_STATX_SYNC_AS_STAT|AT_EMPTY_PATH, STATX_ALL, {stx_mask=STATX_ALL|STATX_MNT_ID|STATX_SUBVOL, stx_attributes=0, stx_mode=S_IFREG|0644, stx_size=1250, ...}) = 0
read(12, "cargo:rerun-if-changed=build.rs\n"..., 1250) = 1250
read(12, "", 32)                        = 0
close(12)                               = 0
openat(AT_FDCWD, "/home/xolra0d/dev/databases/touchhouse/target/debug/build/parking_lot_core-ffcaa5490a92af7a/root-output", O_RDONLY|O_CLOEXEC) = 12
statx(12, "", AT_STATX_SYNC_AS_STAT|AT_EMPTY_PATH, STATX_ALL, {stx_mask=STATX_ALL|STATX_MNT_ID|STATX_SUBVOL, stx_attributes=0, stx_mode=S_IFREG|0644, stx_size=95, ...}) = 0
read(12, "/home/xolra0d/dev/databases/touc"..., 95) = 95
read(12, "", 32)                        = 0
close(12)                               = 0
openat(AT_FDCWD, "/home/xolra0d/dev/databases/touchhouse/target/debug/build/parking_lot_core-ffcaa5490a92af7a/output", O_RDONLY|O_CLOEXEC) = 12
statx(12, "", AT_STATX_SYNC_AS_STAT|AT_EMPTY_PATH, STATX_ALL, {stx_mask=STATX_ALL|STATX_MNT_ID|STATX_SUBVOL, stx_attributes=0, stx_mode=S_IFREG|0644, stx_size=72, ...}) = 0
read(12, "cargo:rerun-if-changed=build.rs\n"..., 72) = 72
read(12, "", 32)                        = 0
close(12)                               = 0
openat(AT_FDCWD, "/home/xolra0d/dev/databases/touchhouse/target/debug/build/proc-macro2-1366fe10afec6484/root-output", O_RDONLY|O_CLOEXEC) = 12
statx(12, "", AT_STATX_SYNC_AS_STAT|AT_EMPTY_PATH, STATX_ALL, {stx_mask=STATX_ALL|STATX_MNT_ID|STATX_SUBVOL, stx_attributes=0, stx_mode=S_IFREG|0644, stx_size=90, ...}) = 0
read(12, "/home/xolra0d/dev/databases/touc"..., 90) = 90
read(12, "", 32)                        = 0
close(12)                               = 0
openat(AT_FDCWD, "/home/xolra0d/dev/databases/touchhouse/target/debug/build/proc-macro2-1366fe10afec6484/output", O_RDONLY|O_CLOEXEC) = 12
statx(12, "", AT_STATX_SYNC_AS_STAT|AT_EMPTY_PATH, STATX_ALL, {stx_mask=STATX_ALL|STATX_MNT_ID|STATX_SUBVOL, stx_attributes=0, stx_mode=S_IFREG|0644, stx_size=1061, ...}) = 0
read(12, "cargo:rustc-check-cfg=cfg(fuzzin"..., 1061) = 1061
read(12, "", 32)                        = 0
close(12)                               = 0
openat(AT_FDCWD, "/home/xolra0d/dev/databases/touchhouse/target/debug/build/quote-cff79a282071f8ec/root-output", O_RDONLY|O_CLOEXEC) = 12
statx(12, "", AT_STATX_SYNC_AS_STAT|AT_EMPTY_PATH, STATX_ALL, {stx_mask=STATX_ALL|STATX_MNT_ID|STATX_SUBVOL, stx_attributes=0, stx_mode=S_IFREG|0644, stx_size=84, ...}) = 0
read(12, "/home/xolra0d/dev/databases/touc"..., 84) = 84
read(12, "", 32)                        = 0
close(12)                               = 0
openat(AT_FDCWD, "/home/xolra0d/dev/databases/touchhouse/target/debug/build/quote-cff79a282071f8ec/output", O_RDONLY|O_CLOEXEC) = 12
statx(12, "", AT_STATX_SYNC_AS_STAT|AT_EMPTY_PATH, STATX_ALL, {stx_mask=STATX_ALL|STATX_MNT_ID|STATX_SUBVOL, stx_attributes=0, stx_mode=S_IFREG|0644, stx_size=83, ...}) = 0
read(12, "cargo:rerun-if-changed=build.rs\n"..., 83) = 83
read(12, "", 32)                        = 0
close(12)                               = 0
openat(AT_FDCWD, "/home/xolra0d/dev/databases/touchhouse/target/debug/build/lz4-sys-e2c8bf07f85ed6cb/root-output", O_RDONLY|O_CLOEXEC) = 12
statx(12, "", AT_STATX_SYNC_AS_STAT|AT_EMPTY_PATH, STATX_ALL, {stx_mask=STATX_ALL|STATX_MNT_ID|STATX_SUBVOL, stx_attributes=0, stx_mode=S_IFREG|0644, stx_size=86, ...}) = 0
read(12, "/home/xolra0d/dev/databases/touc"..., 86) = 86
read(12, "", 32)                        = 0
close(12)                               = 0
openat(AT_FDCWD, "/home/xolra0d/dev/databases/touchhouse/target/debug/build/lz4-sys-e2c8bf07f85ed6cb/output", O_RDONLY|O_CLOEXEC) = 12
statx(12, "", AT_STATX_SYNC_AS_STAT|AT_EMPTY_PATH, STATX_ALL, {stx_mask=STATX_ALL|STATX_MNT_ID|STATX_SUBVOL, stx_attributes=0, stx_mode=S_IFREG|0644, stx_size=1936, ...}) = 0
read(12, "OUT_DIR = Some(/home/xolra0d/dev"..., 1936) = 1936
read(12, "", 32)                        = 0
close(12)                               = 0
openat(AT_FDCWD, "/home/xolra0d/dev/databases/touchhouse/target/debug/build/rayon-core-c8581eef8cc27647/root-output", O_RDONLY|O_CLOEXEC) = 12
statx(12, "", AT_STATX_SYNC_AS_STAT|AT_EMPTY_PATH, STATX_ALL, {stx_mask=STATX_ALL|STATX_MNT_ID|STATX_SUBVOL, stx_attributes=0, stx_mode=S_IFREG|0644, stx_size=89, ...}) = 0
read(12, "/home/xolra0d/dev/databases/touc"..., 89) = 89
read(12, "", 32)                        = 0
close(12)                               = 0
openat(AT_FDCWD, "/home/xolra0d/dev/databases/touchhouse/target/debug/build/rayon-core-c8581eef8cc27647/output", O_RDONLY|O_CLOEXEC) = 12
statx(12, "", AT_STATX_SYNC_AS_STAT|AT_EMPTY_PATH, STATX_ALL, {stx_mask=STATX_ALL|STATX_MNT_ID|STATX_SUBVOL, stx_attributes=0, stx_mode=S_IFREG|0644, stx_size=32, ...}) = 0
read(12, "cargo:rerun-if-changed=build.rs\n", 32) = 32
read(12, "", 32)                        = 0
close(12)                               = 0
openat(AT_FDCWD, "/home/xolra0d/dev/databases/touchhouse/target/debug/build/getrandom-7cfdc2e102c354df/root-output", O_RDONLY|O_CLOEXEC) = 12
statx(12, "", AT_STATX_SYNC_AS_STAT|AT_EMPTY_PATH, STATX_ALL, {stx_mask=STATX_ALL|STATX_MNT_ID|STATX_SUBVOL, stx_attributes=0, stx_mode=S_IFREG|0644, stx_size=88, ...}) = 0
read(12, "/home/xolra0d/dev/databases/touc"..., 88) = 88
read(12, "", 32)                        = 0
close(12)                               = 0
openat(AT_FDCWD, "/home/xolra0d/dev/databases/touchhouse/target/debug/build/getrandom-7cfdc2e102c354df/output", O_RDONLY|O_CLOEXEC) = 12
statx(12, "", AT_STATX_SYNC_AS_STAT|AT_EMPTY_PATH, STATX_ALL, {stx_mask=STATX_ALL|STATX_MNT_ID|STATX_SUBVOL, stx_attributes=0, stx_mode=S_IFREG|0644, stx_size=32, ...}) = 0
read(12, "cargo:rerun-if-changed=build.rs\n", 32) = 32
read(12, "", 32)                        = 0
close(12)                               = 0
openat(AT_FDCWD, "/home/xolra0d/dev/databases/touchhouse/target/debug/build/serde-0c79bc1bb5bf9eba/root-output", O_RDONLY|O_CLOEXEC) = 12
statx(12, "", AT_STATX_SYNC_AS_STAT|AT_EMPTY_PATH, STATX_ALL, {stx_mask=STATX_ALL|STATX_MNT_ID|STATX_SUBVOL, stx_attributes=0, stx_mode=S_IFREG|0644, stx_size=84, ...}) = 0
read(12, "/home/xolra0d/dev/databases/touc"..., 84) = 84
read(12, "", 32)                        = 0
close(12)                               = 0
openat(AT_FDCWD, "/home/xolra0d/dev/databases/touchhouse/target/debug/build/serde-0c79bc1bb5bf9eba/output", O_RDONLY|O_CLOEXEC) = 12
statx(12, "", AT_STATX_SYNC_AS_STAT|AT_EMPTY_PATH, STATX_ALL, {stx_mask=STATX_ALL|STATX_MNT_ID|STATX_SUBVOL, stx_attributes=0, stx_mode=S_IFREG|0644, stx_size=582, ...}) = 0
read(12, "cargo:rerun-if-changed=build.rs\n"..., 582) = 582
read(12, "", 32)                        = 0
close(12)                               = 0
openat(AT_FDCWD, "/home/xolra0d/dev/databases/touchhouse/target/debug/build/serde_core-c114ab320840c5c5/root-output", O_RDONLY|O_CLOEXEC) = 12
statx(12, "", AT_STATX_SYNC_AS_STAT|AT_EMPTY_PATH, STATX_ALL, {stx_mask=STATX_ALL|STATX_MNT_ID|STATX_SUBVOL, stx_attributes=0, stx_mode=S_IFREG|0644, stx_size=89, ...}) = 0
read(12, "/home/xolra0d/dev/databases/touc"..., 89) = 89
read(12, "", 32)                        = 0
close(12)                               = 0
openat(AT_FDCWD, "/home/xolra0d/dev/databases/touchhouse/target/debug/build/serde_core-c114ab320840c5c5/output", O_RDONLY|O_CLOEXEC) = 12
statx(12, "", AT_STATX_SYNC_AS_STAT|AT_EMPTY_PATH, STATX_ALL, {stx_mask=STATX_ALL|STATX_MNT_ID|STATX_SUBVOL, stx_attributes=0, stx_mode=S_IFREG|0644, stx_size=484, ...}) = 0
read(12, "cargo:rerun-if-changed=build.rs\n"..., 484) = 484
read(12, "", 32)                        = 0
close(12)                               = 0
openat(AT_FDCWD, "/home/xolra0d/dev/databases/touchhouse/target/debug/build/num-traits-414f22024e2c1dbc/root-output", O_RDONLY|O_CLOEXEC) = 12
statx(12, "", AT_STATX_SYNC_AS_STAT|AT_EMPTY_PATH, STATX_ALL, {stx_mask=STATX_ALL|STATX_MNT_ID|STATX_SUBVOL, stx_attributes=0, stx_mode=S_IFREG|0644, stx_size=89, ...}) = 0
read(12, "/home/xolra0d/dev/databases/touc"..., 89) = 89
read(12, "", 32)                        = 0
close(12)                               = 0
openat(AT_FDCWD, "/home/xolra0d/dev/databases/touchhouse/target/debug/build/num-traits-414f22024e2c1dbc/output", O_RDONLY|O_CLOEXEC) = 12
statx(12, "", AT_STATX_SYNC_AS_STAT|AT_EMPTY_PATH, STATX_ALL, {stx_mask=STATX_ALL|STATX_MNT_ID|STATX_SUBVOL, stx_attributes=0, stx_mode=S_IFREG|0644, stx_size=103, ...}) = 0
read(12, "cargo:rustc-check-cfg=cfg(has_to"..., 103) = 103
read(12, "", 32)                        = 0
close(12)                               = 0
openat(AT_FDCWD, "/home/xolra0d/dev/databases/touchhouse/target/debug/build/paste-7a04688c692878f0/root-output", O_RDONLY|O_CLOEXEC) = 12
statx(12, "", AT_STATX_SYNC_AS_STAT|AT_EMPTY_PATH, STATX_ALL, {stx_mask=STATX_ALL|STATX_MNT_ID|STATX_SUBVOL, stx_attributes=0, stx_mode=S_IFREG|0644, stx_size=84, ...}) = 0
read(12, "/home/xolra0d/dev/databases/touc"..., 84) = 84
read(12, "", 32)                        = 0
close(12)                               = 0
openat(AT_FDCWD, "/home/xolra0d/dev/databases/touchhouse/target/debug/build/paste-7a04688c692878f0/output", O_RDONLY|O_CLOEXEC) = 12
statx(12, "", AT_STATX_SYNC_AS_STAT|AT_EMPTY_PATH, STATX_ALL, {stx_mask=STATX_ALL|STATX_MNT_ID|STATX_SUBVOL, stx_attributes=0, stx_mode=S_IFREG|0644, stx_size=147, ...}) = 0
read(12, "cargo:rerun-if-changed=build.rs\n"..., 147) = 147
read(12, "", 32)                        = 0
close(12)                               = 0
openat(AT_FDCWD, "/home/xolra0d/dev/databases/touchhouse/target/debug/build/psm-bd5379c3d93d8c19/root-output", O_RDONLY|O_CLOEXEC) = 12
statx(12, "", AT_STATX_SYNC_AS_STAT|AT_EMPTY_PATH, STATX_ALL, {stx_mask=STATX_ALL|STATX_MNT_ID|STATX_SUBVOL, stx_attributes=0, stx_mode=S_IFREG|0644, stx_size=82, ...}) = 0
read(12, "/home/xolra0d/dev/databases/touc"..., 82) = 82
read(12, "", 32)                        = 0
close(12)                               = 0
openat(AT_FDCWD, "/home/xolra0d/dev/databases/touchhouse/target/debug/build/psm-bd5379c3d93d8c19/output", O_RDONLY|O_CLOEXEC) = 12
statx(12, "", AT_STATX_SYNC_AS_STAT|AT_EMPTY_PATH, STATX_ALL, {stx_mask=STATX_ALL|STATX_MNT_ID|STATX_SUBVOL, stx_attributes=0, stx_mode=S_IFREG|0644, stx_size=1878, ...}) = 0
read(12, "cargo:rustc-check-cfg=cfg(switch"..., 1878) = 1878
read(12, "", 32)                        = 0
close(12)                               = 0
openat(AT_FDCWD, "/home/xolra0d/dev/databases/touchhouse/target/debug/build/stacker-58daa729ff351cb1/root-output", O_RDONLY|O_CLOEXEC) = 12
statx(12, "", AT_STATX_SYNC_AS_STAT|AT_EMPTY_PATH, STATX_ALL, {stx_mask=STATX_ALL|STATX_MNT_ID|STATX_SUBVOL, stx_attributes=0, stx_mode=S_IFREG|0644, stx_size=86, ...}) = 0
read(12, "/home/xolra0d/dev/databases/touc"..., 86) = 86
read(12, "", 32)                        = 0
close(12)                               = 0
openat(AT_FDCWD, "/home/xolra0d/dev/databases/touchhouse/target/debug/build/stacker-58daa729ff351cb1/output", O_RDONLY|O_CLOEXEC) = 12
statx(12, "", AT_STATX_SYNC_AS_STAT|AT_EMPTY_PATH, STATX_ALL, {stx_mask=STATX_ALL|STATX_MNT_ID|STATX_SUBVOL, stx_attributes=0, stx_mode=S_IFREG|0644, stx_size=0, ...}) = 0
read(12, "", 32)                        = 0
close(12)                               = 0
statx(AT_FDCWD, "/home/xolra0d/dev/databases/touchhouse/target/debug/.fingerprint/touchhouse-78cc293b3d453b09", AT_STATX_SYNC_AS_STAT, STATX_ALL, {stx_mask=STATX_ALL|STATX_MNT_ID|STATX_SUBVOL, stx_attributes=0, stx_mode=S_IFDIR|0755, stx_size=178, ...}) = 0
readlink("/proc/self/exe", "/home/xolra0d/.rustup/toolchains"..., 256) = 74
statx(AT_FDCWD, "/home/xolra0d/dev/databases/touchhouse/target/debug/deps/libcfg_if-5d5b6fb23568366e.rlib", AT_STATX_SYNC_AS_STAT, STATX_ALL, {stx_mask=STATX_ALL|STATX_MNT_ID|STATX_SUBVOL, stx_attributes=0, stx_mode=S_IFREG|0644, stx_size=6838, ...}) = 0
statx(AT_FDCWD, "/home/xolra0d/dev/databases/touchhouse/target/debug/deps/libcfg_if-5d5b6fb23568366e.rmeta", AT_STATX_SYNC_AS_STAT, STATX_ALL, {stx_mask=STATX_ALL|STATX_MNT_ID|STATX_SUBVOL, stx_attributes=0, stx_mode=S_IFREG|0644, stx_size=5333, ...}) = 0
openat(AT_FDCWD, "/home/xolra0d/dev/databases/touchhouse/target/debug/.fingerprint/cfg-if-5d5b6fb23568366e/dep-lib-cfg_if", O_RDONLY|O_CLOEXEC) = 12
statx(12, "", AT_STATX_SYNC_AS_STAT|AT_EMPTY_PATH, STATX_ALL, {stx_mask=STATX_ALL|STATX_MNT_ID|STATX_SUBVOL, stx_attributes=0, stx_mode=S_IFREG|0644, stx_size=14, ...}) = 0
read(12, "\1\0\0\0\377\1\0\0\0\0\0\0\0\0", 14) = 14
read(12, "", 32)                        = 0
close(12)                               = 0
statx(AT_FDCWD, "/home/xolra0d/dev/databases/touchhouse/target/debug/.fingerprint/cfg-if-5d5b6fb23568366e/dep-lib-cfg_if", AT_STATX_SYNC_AS_STAT, STATX_ALL, {stx_mask=STATX_ALL|STATX_MNT_ID|STATX_SUBVOL, stx_attributes=0, stx_mode=S_IFREG|0644, stx_size=14, ...}) = 0
getcwd("/home/xolra0d/dev/databases/touchhouse", 512) = 39
statx(AT_FDCWD, "/home/xolra0d/dev/databases/touchhouse/target/debug/build/crc32fast-a1aeaaf666d10f76/build_script_build-a1aeaaf666d10f76", AT_STATX_SYNC_AS_STAT, STATX_ALL, {stx_mask=STATX_ALL|STATX_MNT_ID|STATX_SUBVOL, stx_attributes=0, stx_mode=S_IFREG|0755, stx_size=3986872, ...}) = 0
openat(AT_FDCWD, "/home/xolra0d/dev/databases/touchhouse/target/debug/.fingerprint/crc32fast-a1aeaaf666d10f76/dep-build-script-build-script-build", O_RDONLY|O_CLOEXEC) = 12
statx(12, "", AT_STATX_SYNC_AS_STAT|AT_EMPTY_PATH, STATX_ALL, {stx_mask=STATX_ALL|STATX_MNT_ID|STATX_SUBVOL, stx_attributes=0, stx_mode=S_IFREG|0644, stx_size=14, ...}) = 0
read(12, "\1\0\0\0\377\1\0\0\0\0\0\0\0\0", 14) = 14
read(12, "", 32)                        = 0
close(12)                               = 0
statx(AT_FDCWD, "/home/xolra0d/dev/databases/touchhouse/target/debug/.fingerprint/crc32fast-a1aeaaf666d10f76/dep-build-script-build-script-build", AT_STATX_SYNC_AS_STAT, STATX_ALL, {stx_mask=STATX_ALL|STATX_MNT_ID|STATX_SUBVOL, stx_attributes=0, stx_mode=S_IFREG|0644, stx_size=14, ...}) = 0
getcwd("/home/xolra0d/dev/databases/touchhouse", 512) = 39
statx(AT_FDCWD, "/home/xolra0d/dev/databases/touchhouse/target/debug/build/crc32fast-b09c59eae4a5ad74/output", AT_STATX_SYNC_AS_STAT, STATX_ALL, {stx_mask=STATX_ALL|STATX_MNT_ID|STATX_SUBVOL, stx_attributes=0, stx_mode=S_IFREG|0644, stx_size=99, ...}) = 0
statx(AT_FDCWD, "/home/xolra0d/dev/databases/touchhouse/target/debug/deps/libcrc32fast-d17678f8d9b25d49.rlib", AT_STATX_SYNC_AS_STAT, STATX_ALL, {stx_mask=STATX_ALL|STATX_MNT_ID|STATX_SUBVOL, stx_attributes=0, stx_mode=S_IFREG|0644, stx_size=222002, ...}) = 0
statx(AT_FDCWD, "/home/xolra0d/dev/databases/touchhouse/target/debug/deps/libcrc32fast-d17678f8d9b25d49.rmeta", AT_STATX_SYNC_AS_STAT, STATX_ALL, {stx_mask=STATX_ALL|STATX_MNT_ID|STATX_SUBVOL, stx_attributes=0, stx_mode=S_IFREG|0644, stx_size=46065, ...}) = 0
openat(AT_FDCWD, "/home/xolra0d/dev/databases/touchhouse/target/debug/.fingerprint/crc32fast-d17678f8d9b25d49/dep-lib-crc32fast", O_RDONLY|O_CLOEXEC) = 12
statx(12, "", AT_STATX_SYNC_AS_STAT|AT_EMPTY_PATH, STATX_ALL, {stx_mask=STATX_ALL|STATX_MNT_ID|STATX_SUBVOL, stx_attributes=0, stx_mode=S_IFREG|0644, stx_size=14, ...}) = 0
read(12, "\1\0\0\0\377\1\0\0\0\0\0\0\0\0", 14) = 14
read(12, "", 32)                        = 0
close(12)                               = 0
statx(AT_FDCWD, "/home/xolra0d/dev/databases/touchhouse/target/debug/.fingerprint/crc32fast-d17678f8d9b25d49/dep-lib-crc32fast", AT_STATX_SYNC_AS_STAT, STATX_ALL, {stx_mask=STATX_ALL|STATX_MNT_ID|STATX_SUBVOL, stx_attributes=0, stx_mode=S_IFREG|0644, stx_size=14, ...}) = 0
getcwd("/home/xolra0d/dev/databases/touchhouse", 512) = 39
statx(AT_FDCWD, "/home/xolra0d/dev/databases/touchhouse/target/debug/build/crossbeam-utils-3facd263110404aa/build_script_build-3facd263110404aa", AT_STATX_SYNC_AS_STAT, STATX_ALL, {stx_mask=STATX_ALL|STATX_MNT_ID|STATX_SUBVOL, stx_attributes=0, stx_mode=S_IFREG|0755, stx_size=3945368, ...}) = 0
openat(AT_FDCWD, "/home/xolra0d/dev/databases/touchhouse/target/debug/.fingerprint/crossbeam-utils-3facd263110404aa/dep-build-script-build-script-build", O_RDONLY|O_CLOEXEC) = 12
statx(12, "", AT_STATX_SYNC_AS_STAT|AT_EMPTY_PATH, STATX_ALL, {stx_mask=STATX_ALL|STATX_MNT_ID|STATX_SUBVOL, stx_attributes=0, stx_mode=S_IFREG|0644, stx_size=14, ...}) = 0
read(12, "\1\0\0\0\377\1\0\0\0\0\0\0\0\0", 14) = 14
read(12, "", 32)                        = 0
close(12)                               = 0
statx(AT_FDCWD, "/home/xolra0d/dev/databases/touchhouse/target/debug/.fingerprint/crossbeam-utils-3facd263110404aa/dep-build-script-build-script-build", AT_STATX_SYNC_AS_STAT, STATX_ALL, {stx_mask=STATX_ALL|STATX_MNT_ID|STATX_SUBVOL, stx_attributes=0, stx_mode=S_IFREG|0644, stx_size=14, ...}) = 0
getcwd("/home/xolra0d/dev/databases/touchhouse", 512) = 39
statx(AT_FDCWD, "/home/xolra0d/dev/databases/touchhouse/target/debug/build/crossbeam-utils-5593ca2e94a79bb0/output", AT_STATX_SYNC_AS_STAT, STATX_ALL, {stx_mask=STATX_ALL|STATX_MNT_ID|STATX_SUBVOL, stx_attributes=0, stx_mode=S_IFREG|0644, stx_size=109, ...}) = 0
statx(AT_FDCWD, "/home/xolra0d/dev/databases/touchhouse/target/debug/build/crossbeam-utils-5593ca2e94a79bb0/output", AT_STATX_SYNC_AS_STAT, STATX_ALL, {stx_mask=STATX_ALL|STATX_MNT_ID|STATX_SUBVOL, stx_attributes=0, stx_mode=S_IFREG|0644, stx_size=109, ...}) = 0
getcwd("/home/xolra0d/dev/databases/touchhouse", 512) = 39
statx(AT_FDCWD, "/home/xolra0d/dev/databases/touchhouse/target/debug/deps/libcrossbeam_utils-8775055eb4b1a9f1.rlib", AT_STATX_SYNC_AS_STAT, STATX_ALL, {stx_mask=STATX_ALL|STATX_MNT_ID|STATX_SUBVOL, stx_attributes=0, stx_mode=S_IFREG|0644, stx_size=1310284, ...}) = 0
statx(AT_FDCWD, "/home/xolra0d/dev/databases/touchhouse/target/debug/deps/libcrossbeam_utils-8775055eb4b1a9f1.rmeta", AT_STATX_SYNC_AS_STAT, STATX_ALL, {stx_mask=STATX_ALL|STATX_MNT_ID|STATX_SUBVOL, stx_attributes=0, stx_mode=S_IFREG|0644, stx_size=773344, ...}) = 0
openat(AT_FDCWD, "/home/xolra0d/dev/databases/touchhouse/target/debug/.fingerprint/crossbeam-utils-8775055eb4b1a9f1/dep-lib-crossbeam_utils", O_RDONLY|O_CLOEXEC) = 12
statx(12, "", AT_STATX_SYNC_AS_STAT|AT_EMPTY_PATH, STATX_ALL, {stx_mask=STATX_ALL|STATX_MNT_ID|STATX_SUBVOL, stx_attributes=0, stx_mode=S_IFREG|0644, stx_size=14, ...}) = 0
read(12, "\1\0\0\0\377\1\0\0\0\0\0\0\0\0", 14) = 14
read(12, "", 32)                        = 0
close(12)                               = 0
statx(AT_FDCWD, "/home/xolra0d/dev/databases/touchhouse/target/debug/.fingerprint/crossbeam-utils-8775055eb4b1a9f1/dep-lib-crossbeam_utils", AT_STATX_SYNC_AS_STAT, STATX_ALL, {stx_mask=STATX_ALL|STATX_MNT_ID|STATX_SUBVOL, stx_attributes=0, stx_mode=S_IFREG|0644, stx_size=14, ...}) = 0
getcwd("/home/xolra0d/dev/databases/touchhouse", 512) = 39
statx(AT_FDCWD, "/home/xolra0d/dev/databases/touchhouse/target/debug/deps/libhashbrown-cbbd24a2ce592317.rlib", AT_STATX_SYNC_AS_STAT, STATX_ALL, {stx_mask=STATX_ALL|STATX_MNT_ID|STATX_SUBVOL, stx_attributes=0, stx_mode=S_IFREG|0644, stx_size=1296550, ...}) = 0
statx(AT_FDCWD, "/home/xolra0d/dev/databases/touchhouse/target/debug/deps/libhashbrown-cbbd24a2ce592317.rmeta", AT_STATX_SYNC_AS_STAT, STATX_ALL, {stx_mask=STATX_ALL|STATX_MNT_ID|STATX_SUBVOL, stx_attributes=0, stx_mode=S_IFREG|0644, stx_size=1196928, ...}) = 0
openat(AT_FDCWD, "/home/xolra0d/dev/databases/touchhouse/target/debug/.fingerprint/hashbrown-cbbd24a2ce592317/dep-lib-hashbrown", O_RDONLY|O_CLOEXEC) = 12
statx(12, "", AT_STATX_SYNC_AS_STAT|AT_EMPTY_PATH, STATX_ALL, {stx_mask=STATX_ALL|STATX_MNT_ID|STATX_SUBVOL, stx_attributes=0, stx_mode=S_IFREG|0644, stx_size=14, ...}) = 0
read(12, "\1\0\0\0\377\1\0\0\0\0\0\0\0\0", 14) = 14
read(12, "", 32)                        = 0
close(12)                               = 0
statx(AT_FDCWD, "/home/xolra0d/dev/databases/touchhouse/target/debug/.fingerprint/hashbrown-cbbd24a2ce592317/dep-lib-hashbrown", AT_STATX_SYNC_AS_STAT, STATX_ALL, {stx_mask=STATX_ALL|STATX_MNT_ID|STATX_SUBVOL, stx_attributes=0, stx_mode=S_IFREG|0644, stx_size=14, ...}) = 0
getcwd("/home/xolra0d/dev/databases/touchhouse", 512) = 39
statx(AT_FDCWD, "/home/xolra0d/dev/databases/touchhouse/target/debug/deps/libscopeguard-84f01c100fc6352c.rlib", AT_STATX_SYNC_AS_STAT, STATX_ALL, {stx_mask=STATX_ALL|STATX_MNT_ID|STATX_SUBVOL, stx_attributes=0, stx_mode=S_IFREG|0644, stx_size=27014, ...}) = 0
statx(AT_FDCWD, "/home/xolra0d/dev/databases/touchhouse/target/debug/deps/libscopeguard-84f01c100fc6352c.rmeta", AT_STATX_SYNC_AS_STAT, STATX_ALL, {stx_mask=STATX_ALL|STATX_MNT_ID|STATX_SUBVOL, stx_attributes=0, stx_mode=S_IFREG|0644, stx_size=25491, ...}) = 0
openat(AT_FDCWD, "/home/xolra0d/dev/databases/touchhouse/target/debug/.fingerprint/scopeguard-84f01c100fc6352c/dep-lib-scopeguard", O_RDONLY|O_CLOEXEC) = 12
statx(12, "", AT_STATX_SYNC_AS_STAT|AT_EMPTY_PATH, STATX_ALL, {stx_mask=STATX_ALL|STATX_MNT_ID|STATX_SUBVOL, stx_attributes=0, stx_mode=S_IFREG|0644, stx_size=14, ...}) = 0
read(12, "\1\0\0\0\377\1\0\0\0\0\0\0\0\0", 14) = 14
read(12, "", 32)                        = 0
close(12)                               = 0
statx(AT_FDCWD, "/home/xolra0d/dev/databases/touchhouse/target/debug/.fingerprint/scopeguard-84f01c100fc6352c/dep-lib-scopeguard", AT_STATX_SYNC_AS_STAT, STATX_ALL, {stx_mask=STATX_ALL|STATX_MNT_ID|STATX_SUBVOL, stx_attributes=0, stx_mode=S_IFREG|0644, stx_size=14, ...}) = 0
getcwd("/home/xolra0d/dev/databases/touchhouse", 512) = 39
statx(AT_FDCWD, "/home/xolra0d/dev/databases/touchhouse/target/debug/deps/liblock_api-010fe42e762642f2.rlib", AT_STATX_SYNC_AS_STAT, STATX_ALL, {stx_mask=STATX_ALL|STATX_MNT_ID|STATX_SUBVOL, stx_attributes=0, stx_mode=S_IFREG|0644, stx_size=386572, ...}) = 0
statx(AT_FDCWD, "/home/xolra0d/dev/databases/touchhouse/target/debug/deps/liblock_api-010fe42e762642f2.rmeta", AT_STATX_SYNC_AS_STAT, STATX_ALL, {stx_mask=STATX_ALL|STATX_MNT_ID|STATX_SUBVOL, stx_attributes=0, stx_mode=S_IFREG|0644, stx_size=378546, ...}) = 0
openat(AT_FDCWD, "/home/xolra0d/dev/databases/touchhouse/target/debug/.fingerprint/lock_api-010fe42e762642f2/dep-lib-lock_api", O_RDONLY|O_CLOEXEC) = 12
statx(12, "", AT_STATX_SYNC_AS_STAT|AT_EMPTY_PATH, STATX_ALL, {stx_mask=STATX_ALL|STATX_MNT_ID|STATX_SUBVOL, stx_attributes=0, stx_mode=S_IFREG|0644, stx_size=14, ...}) = 0
read(12, "\1\0\0\0\377\1\0\0\0\0\0\0\0\0", 14) = 14
read(12, "", 32)                        = 0
close(12)                               = 0
statx(AT_FDCWD, "/home/xolra0d/dev/databases/touchhouse/target/debug/.fingerprint/lock_api-010fe42e762642f2/dep-lib-lock_api", AT_STATX_SYNC_AS_STAT, STATX_ALL, {stx_mask=STATX_ALL|STATX_MNT_ID|STATX_SUBVOL, stx_attributes=0, stx_mode=S_IFREG|0644, stx_size=14, ...}) = 0
getcwd("/home/xolra0d/dev/databases/touchhouse", 512) = 39
statx(AT_FDCWD, "/home/xolra0d/dev/databases/touchhouse/target/debug/deps/libonce_cell-b5726b916b3362ce.rlib", AT_STATX_SYNC_AS_STAT, STATX_ALL, {stx_mask=STATX_ALL|STATX_MNT_ID|STATX_SUBVOL, stx_attributes=0, stx_mode=S_IFREG|0644, stx_size=290198, ...}) = 0
statx(AT_FDCWD, "/home/xolra0d/dev/databases/touchhouse/target/debug/deps/libonce_cell-b5726b916b3362ce.rmeta", AT_STATX_SYNC_AS_STAT, STATX_ALL, {stx_mask=STATX_ALL|STATX_MNT_ID|STATX_SUBVOL, stx_attributes=0, stx_mode=S_IFREG|0644, stx_size=192810, ...}) = 0
openat(AT_FDCWD, "/home/xolra0d/dev/databases/touchhouse/target/debug/.fingerprint/once_cell-b5726b916b3362ce/dep-lib-once_cell", O_RDONLY|O_CLOEXEC) = 12
statx(12, "", AT_STATX_SYNC_AS_STAT|AT_EMPTY_PATH, STATX_ALL, {stx_mask=STATX_ALL|STATX_MNT_ID|STATX_SUBVOL, stx_attributes=0, stx_mode=S_IFREG|0644, stx_size=14, ...}) = 0
read(12, "\1\0\0\0\377\1\0\0\0\0\0\0\0\0", 14) = 14
read(12, "", 32)                        = 0
close(12)                               = 0
statx(AT_FDCWD, "/home/xolra0d/dev/databases/touchhouse/target/debug/.fingerprint/once_cell-b5726b916b3362ce/dep-lib-once_cell", AT_STATX_SYNC_AS_STAT, STATX_ALL, {stx_mask=STATX_ALL|STATX_MNT_ID|STATX_SUBVOL, stx_attributes=0, stx_mode=S_IFREG|0644, stx_size=14, ...}) = 0
getcwd("/home/xolra0d/dev/databases/touchhouse", 512) = 39
statx(AT_FDCWD, "/home/xolra0d/dev/databases/touchhouse/target/debug/build/libc-a2ae8c0c50a1f23c/build_script_build-a2ae8c0c50a1f23c", AT_STATX_SYNC_AS_STAT, STATX_ALL, {stx_mask=STATX_ALL|STATX_MNT_ID|STATX_SUBVOL, stx_attributes=0, stx_mode=S_IFREG|0755, stx_size=4060856, ...}) = 0
openat(AT_FDCWD, "/home/xolra0d/dev/databases/touchhouse/target/debug/.fingerprint/libc-a2ae8c0c50a1f23c/dep-build-script-build-script-build", O_RDONLY|O_CLOEXEC) = 12
statx(12, "", AT_STATX_SYNC_AS_STAT|AT_EMPTY_PATH, STATX_ALL, {stx_mask=STATX_ALL|STATX_MNT_ID|STATX_SUBVOL, stx_attributes=0, stx_mode=S_IFREG|0644, stx_size=14, ...}) = 0
read(12, "\1\0\0\0\377\1\0\0\0\0\0\0\0\0", 14) = 14
read(12, "", 32)                        = 0
close(12)                               = 0
statx(AT_FDCWD, "/home/xolra0d/dev/databases/touchhouse/target/debug/.fingerprint/libc-a2ae8c0c50a1f23c/dep-build-script-build-script-build", AT_STATX_SYNC_AS_STAT, STATX_ALL, {stx_mask=STATX_ALL|STATX_MNT_ID|STATX_SUBVOL, stx_attributes=0, stx_mode=S_IFREG|0644, stx_size=14, ...}) = 0
getcwd("/home/xolra0d/dev/databases/touchhouse", 512) = 39
statx(AT_FDCWD, "/home/xolra0d/dev/databases/touchhouse/target/debug/build/libc-7277e7d305b53ad7/output", AT_STATX_SYNC_AS_STAT, STATX_ALL, {stx_mask=STATX_ALL|STATX_MNT_ID|STATX_SUBVOL, stx_attributes=0, stx_mode=S_IFREG|0644, stx_size=1250, ...}) = 0
statx(AT_FDCWD, "/home/xolra0d/dev/databases/touchhouse/target/debug/build/libc-7277e7d305b53ad7/output", AT_STATX_SYNC_AS_STAT, STATX_ALL, {stx_mask=STATX_ALL|STATX_MNT_ID|STATX_SUBVOL, stx_attributes=0, stx_mode=S_IFREG|0644, stx_size=1250, ...}) = 0
getcwd("/home/xolra0d/dev/databases/touchhouse", 512) = 39
statx(AT_FDCWD, "/home/xolra0d/dev/databases/touchhouse/target/debug/deps/liblibc-3fe167bac929cc8a.rlib", AT_STATX_SYNC_AS_STAT, STATX_ALL, {stx_mask=STATX_ALL|STATX_MNT_ID|STATX_SUBVOL, stx_attributes=0, stx_mode=S_IFREG|0644, stx_size=4100692, ...}) = 0
statx(AT_FDCWD, "/home/xolra0d/dev/databases/touchhouse/target/debug/deps/liblibc-3fe167bac929cc8a.rmeta", AT_STATX_SYNC_AS_STAT, STATX_ALL, {stx_mask=STATX_ALL|STATX_MNT_ID|STATX_SUBVOL, stx_attributes=0, stx_mode=S_IFREG|0644, stx_size=4055857, ...}) = 0
openat(AT_FDCWD, "/home/xolra0d/dev/databases/touchhouse/target/debug/.fingerprint/libc-3fe167bac929cc8a/dep-lib-libc", O_RDONLY|O_CLOEXEC) = 12
statx(12, "", AT_STATX_SYNC_AS_STAT|AT_EMPTY_PATH, STATX_ALL, {stx_mask=STATX_ALL|STATX_MNT_ID|STATX_SUBVOL, stx_attributes=0, stx_mode=S_IFREG|0644, stx_size=14, ...}) = 0
read(12, "\1\0\0\0\377\1\0\0\0\0\0\0\0\0", 14) = 14
read(12, "", 32)                        = 0
close(12)                               = 0
statx(AT_FDCWD, "/home/xolra0d/dev/databases/touchhouse/target/debug/.fingerprint/libc-3fe167bac929cc8a/dep-lib-libc", AT_STATX_SYNC_AS_STAT, STATX_ALL, {stx_mask=STATX_ALL|STATX_MNT_ID|STATX_SUBVOL, stx_attributes=0, stx_mode=S_IFREG|0644, stx_size=14, ...}) = 0
getcwd("/home/xolra0d/dev/databases/touchhouse", 512) = 39
statx(AT_FDCWD, "/home/xolra0d/dev/databases/touchhouse/target/debug/build/parking_lot_core-a1f54925c42d264a/build_script_build-a1f54925c42d264a", AT_STATX_SYNC_AS_STAT, STATX_ALL, {stx_mask=STATX_ALL|STATX_MNT_ID|STATX_SUBVOL, stx_attributes=0, stx_mode=S_IFREG|0755, stx_size=3913624, ...}) = 0
openat(AT_FDCWD, "/home/xolra0d/dev/databases/touchhouse/target/debug/.fingerprint/parking_lot_core-a1f54925c42d264a/dep-build-script-build-script-build", O_RDONLY|O_CLOEXEC) = 12
statx(12, "", AT_STATX_SYNC_AS_STAT|AT_EMPTY_PATH, STATX_ALL, {stx_mask=STATX_ALL|STATX_MNT_ID|STATX_SUBVOL, stx_attributes=0, stx_mode=S_IFREG|0644, stx_size=14, ...}) = 0
read(12, "\1\0\0\0\377\1\0\0\0\0\0\0\0\0", 14) = 14
read(12, "", 32)                        = 0
close(12)                               = 0
statx(AT_FDCWD, "/home/xolra0d/dev/databases/touchhouse/target/debug/.fingerprint/parking_lot_core-a1f54925c42d264a/dep-build-script-build-script-build", AT_STATX_SYNC_AS_STAT, STATX_ALL, {stx_mask=STATX_ALL|STATX_MNT_ID|STATX_SUBVOL, stx_attributes=0, stx_mode=S_IFREG|0644, stx_size=14, ...}) = 0
getcwd("/home/xolra0d/dev/databases/touchhouse", 512) = 39
statx(AT_FDCWD, "/home/xolra0d/dev/databases/touchhouse/target/debug/build/parking_lot_core-ffcaa5490a92af7a/output", AT_STATX_SYNC_AS_STAT, STATX_ALL, {stx_mask=STATX_ALL|STATX_MNT_ID|STATX_SUBVOL, stx_attributes=0, stx_mode=S_IFREG|0644, stx_size=72, ...}) = 0
statx(AT_FDCWD, "/home/xolra0d/dev/databases/touchhouse/target/debug/build/parking_lot_core-ffcaa5490a92af7a/output", AT_STATX_SYNC_AS_STAT, STATX_ALL, {stx_mask=STATX_ALL|STATX_MNT_ID|STATX_SUBVOL, stx_attributes=0, stx_mode=S_IFREG|0644, stx_size=72, ...}) = 0
getcwd("/home/xolra0d/dev/databases/touchhouse", 512) = 39
statx(AT_FDCWD, "/home/xolra0d/dev/databases/touchhouse/target/debug/deps/libsmallvec-4c1e029acc7d9e07.rlib", AT_STATX_SYNC_AS_STAT, STATX_ALL, {stx_mask=STATX_ALL|STATX_MNT_ID|STATX_SUBVOL, stx_attributes=0, stx_mode=S_IFREG|0644, stx_size=280680, ...}) = 0
statx(AT_FDCWD, "/home/xolra0d/dev/databases/touchhouse/target/debug/deps/libsmallvec-4c1e029acc7d9e07.rmeta", AT_STATX_SYNC_AS_STAT, STATX_ALL, {stx_mask=STATX_ALL|STATX_MNT_ID|STATX_SUBVOL, stx_attributes=0, stx_mode=S_IFREG|0644, stx_size=248679, ...}) = 0
openat(AT_FDCWD, "/home/xolra0d/dev/databases/touchhouse/target/debug/.fingerprint/smallvec-4c1e029acc7d9e07/dep-lib-smallvec", O_RDONLY|O_CLOEXEC) = 12
statx(12, "", AT_STATX_SYNC_AS_STAT|AT_EMPTY_PATH, STATX_ALL, {stx_mask=STATX_ALL|STATX_MNT_ID|STATX_SUBVOL, stx_attributes=0, stx_mode=S_IFREG|0644, stx_size=14, ...}) = 0
read(12, "\1\0\0\0\377\1\0\0\0\0\0\0\0\0", 14) = 14
read(12, "", 32)                        = 0
close(12)                               = 0
statx(AT_FDCWD, "/home/xolra0d/dev/databases/touchhouse/target/debug/.fingerprint/smallvec-4c1e029acc7d9e07/dep-lib-smallvec", AT_STATX_SYNC_AS_STAT, STATX_ALL, {stx_mask=STATX_ALL|STATX_MNT_ID|STATX_SUBVOL, stx_attributes=0, stx_mode=S_IFREG|0644, stx_size=14, ...}) = 0
getcwd("/home/xolra0d/dev/databases/touchhouse", 512) = 39
statx(AT_FDCWD, "/home/xolra0d/dev/databases/touchhouse/target/debug/deps/libparking_lot_core-f7828bb05a5f82bb.rlib", AT_STATX_SYNC_AS_STAT, STATX_ALL, {stx_mask=STATX_ALL|STATX_MNT_ID|STATX_SUBVOL, stx_attributes=0, stx_mode=S_IFREG|0644, stx_size=486982, ...}) = 0
statx(AT_FDCWD, "/home/xolra0d/dev/databases/touchhouse/target/debug/deps/libparking_lot_core-f7828bb05a5f82bb.rmeta", AT_STATX_SYNC_AS_STAT, STATX_ALL, {stx_mask=STATX_ALL|STATX_MNT_ID|STATX_SUBVOL, stx_attributes=0, stx_mode=S_IFREG|0644, stx_size=165290, ...}) = 0
openat(AT_FDCWD, "/home/xolra0d/dev/databases/touchhouse/target/debug/.fingerprint/parking_lot_core-f7828bb05a5f82bb/dep-lib-parking_lot_core", O_RDONLY|O_CLOEXEC) = 12
statx(12, "", AT_STATX_SYNC_AS_STAT|AT_EMPTY_PATH, STATX_ALL, {stx_mask=STATX_ALL|STATX_MNT_ID|STATX_SUBVOL, stx_attributes=0, stx_mode=S_IFREG|0644, stx_size=14, ...}) = 0
read(12, "\1\0\0\0\377\1\0\0\0\0\0\0\0\0", 14) = 14
read(12, "", 32)                        = 0
close(12)                               = 0
statx(AT_FDCWD, "/home/xolra0d/dev/databases/touchhouse/target/debug/.fingerprint/parking_lot_core-f7828bb05a5f82bb/dep-lib-parking_lot_core", AT_STATX_SYNC_AS_STAT, STATX_ALL, {stx_mask=STATX_ALL|STATX_MNT_ID|STATX_SUBVOL, stx_attributes=0, stx_mode=S_IFREG|0644, stx_size=14, ...}) = 0
getcwd("/home/xolra0d/dev/databases/touchhouse", 512) = 39
statx(AT_FDCWD, "/home/xolra0d/dev/databases/touchhouse/target/debug/deps/libdashmap-7cef67cfb66c0894.rlib", AT_STATX_SYNC_AS_STAT, STATX_ALL, {stx_mask=STATX_ALL|STATX_MNT_ID|STATX_SUBVOL, stx_attributes=0, stx_mode=S_IFREG|0644, stx_size=1038024, ...}) = 0
statx(AT_FDCWD, "/home/xolra0d/dev/databases/touchhouse/target/debug/deps/libdashmap-7cef67cfb66c0894.rmeta", AT_STATX_SYNC_AS_STAT, STATX_ALL, {stx_mask=STATX_ALL|STATX_MNT_ID|STATX_SUBVOL, stx_attributes=0, stx_mode=S_IFREG|0644, stx_size=453727, ...}) = 0
openat(AT_FDCWD, "/home/xolra0d/dev/databases/touchhouse/target/debug/.fingerprint/dashmap-7cef67cfb66c0894/dep-lib-dashmap", O_RDONLY|O_CLOEXEC) = 12
statx(12, "", AT_STATX_SYNC_AS_STAT|AT_EMPTY_PATH, STATX_ALL, {stx_mask=STATX_ALL|STATX_MNT_ID|STATX_SUBVOL, stx_attributes=0, stx_mode=S_IFREG|0644, stx_size=14, ...}) = 0
read(12, "\1\0\0\0\377\1\0\0\0\0\0\0\0\0", 14) = 14
read(12, "", 32)                        = 0
close(12)                               = 0
statx(AT_FDCWD, "/home/xolra0d/dev/databases/touchhouse/target/debug/.fingerprint/dashmap-7cef67cfb66c0894/dep-lib-dashmap", AT_STATX_SYNC_AS_STAT, STATX_ALL, {stx_mask=STATX_ALL|STATX_MNT_ID|STATX_SUBVOL, stx_attributes=0, stx_mode=S_IFREG|0644, stx_size=14, ...}) = 0
getcwd("/home/xolra0d/dev/databases/touchhouse", 512) = 39
statx(AT_FDCWD, "/home/xolra0d/dev/databases/touchhouse/target/debug/build/proc-macro2-14351e3615cfd962/build_script_build-14351e3615cfd962", AT_STATX_SYNC_AS_STAT, STATX_ALL, {stx_mask=STATX_ALL|STATX_MNT_ID|STATX_SUBVOL, stx_attributes=0, stx_mode=S_IFREG|0755, stx_size=4041928, ...}) = 0
openat(AT_FDCWD, "/home/xolra0d/dev/databases/touchhouse/target/debug/.fingerprint/proc-macro2-14351e3615cfd962/dep-build-script-build-script-build", O_RDONLY|O_CLOEXEC) = 12
statx(12, "", AT_STATX_SYNC_AS_STAT|AT_EMPTY_PATH, STATX_ALL, {stx_mask=STATX_ALL|STATX_MNT_ID|STATX_SUBVOL, stx_attributes=0, stx_mode=S_IFREG|0644, stx_size=14, ...}) = 0
read(12, "\1\0\0\0\377\1\0\0\0\0\0\0\0\0", 14) = 14
read(12, "", 32)                        = 0
close(12)                               = 0
statx(AT_FDCWD, "/home/xolra0d/dev/databases/touchhouse/target/debug/.fingerprint/proc-macro2-14351e3615cfd962/dep-build-script-build-script-build", AT_STATX_SYNC_AS_STAT, STATX_ALL, {stx_mask=STATX_ALL|STATX_MNT_ID|STATX_SUBVOL, stx_attributes=0, stx_mode=S_IFREG|0644, stx_size=14, ...}) = 0
getcwd("/home/xolra0d/dev/databases/touchhouse", 512) = 39
statx(AT_FDCWD, "/home/xolra0d/dev/databases/touchhouse/target/debug/build/proc-macro2-1366fe10afec6484/output", AT_STATX_SYNC_AS_STAT, STATX_ALL, {stx_mask=STATX_ALL|STATX_MNT_ID|STATX_SUBVOL, stx_attributes=0, stx_mode=S_IFREG|0644, stx_size=1061, ...}) = 0
statx(AT_FDCWD, "/home/xolra0d/dev/databases/touchhouse/target/debug/build/proc-macro2-1366fe10afec6484/output", AT_STATX_SYNC_AS_STAT, STATX_ALL, {stx_mask=STATX_ALL|STATX_MNT_ID|STATX_SUBVOL, stx_attributes=0, stx_mode=S_IFREG|0644, stx_size=1061, ...}) = 0
getcwd("/home/xolra0d/dev/databases/touchhouse", 512) = 39
statx(AT_FDCWD, "/home/xolra0d/dev/databases/touchhouse/target/debug/deps/libunicode_ident-d65fe7db1d8a401a.rlib", AT_STATX_SYNC_AS_STAT, STATX_ALL, {stx_mask=STATX_ALL|STATX_MNT_ID|STATX_SUBVOL, stx_attributes=0, stx_mode=S_IFREG|0644, stx_size=56804, ...}) = 0
statx(AT_FDCWD, "/home/xolra0d/dev/databases/touchhouse/target/debug/deps/libunicode_ident-d65fe7db1d8a401a.rmeta", AT_STATX_SYNC_AS_STAT, STATX_ALL, {stx_mask=STATX_ALL|STATX_MNT_ID|STATX_SUBVOL, stx_attributes=0, stx_mode=S_IFREG|0644, stx_size=34425, ...}) = 0
openat(AT_FDCWD, "/home/xolra0d/dev/databases/touchhouse/target/debug/.fingerprint/unicode-ident-d65fe7db1d8a401a/dep-lib-unicode_ident", O_RDONLY|O_CLOEXEC) = 12
statx(12, "", AT_STATX_SYNC_AS_STAT|AT_EMPTY_PATH, STATX_ALL, {stx_mask=STATX_ALL|STATX_MNT_ID|STATX_SUBVOL, stx_attributes=0, stx_mode=S_IFREG|0644, stx_size=14, ...}) = 0
read(12, "\1\0\0\0\377\1\0\0\0\0\0\0\0\0", 14) = 14
read(12, "", 32)                        = 0
close(12)                               = 0
statx(AT_FDCWD, "/home/xolra0d/dev/databases/touchhouse/target/debug/.fingerprint/unicode-ident-d65fe7db1d8a401a/dep-lib-unicode_ident", AT_STATX_SYNC_AS_STAT, STATX_ALL, {stx_mask=STATX_ALL|STATX_MNT_ID|STATX_SUBVOL, stx_attributes=0, stx_mode=S_IFREG|0644, stx_size=14, ...}) = 0
getcwd("/home/xolra0d/dev/databases/touchhouse", 512) = 39
statx(AT_FDCWD, "/home/xolra0d/dev/databases/touchhouse/target/debug/deps/libproc_macro2-af8d234f1477174d.rlib", AT_STATX_SYNC_AS_STAT, STATX_ALL, {stx_mask=STATX_ALL|STATX_MNT_ID|STATX_SUBVOL, stx_attributes=0, stx_mode=S_IFREG|0644, stx_size=1192310, ...}) = 0
statx(AT_FDCWD, "/home/xolra0d/dev/databases/touchhouse/target/debug/deps/libproc_macro2-af8d234f1477174d.rmeta", AT_STATX_SYNC_AS_STAT, STATX_ALL, {stx_mask=STATX_ALL|STATX_MNT_ID|STATX_SUBVOL, stx_attributes=0, stx_mode=S_IFREG|0644, stx_size=329860, ...}) = 0
openat(AT_FDCWD, "/home/xolra0d/dev/databases/touchhouse/target/debug/.fingerprint/proc-macro2-af8d234f1477174d/dep-lib-proc_macro2", O_RDONLY|O_CLOEXEC) = 12
statx(12, "", AT_STATX_SYNC_AS_STAT|AT_EMPTY_PATH, STATX_ALL, {stx_mask=STATX_ALL|STATX_MNT_ID|STATX_SUBVOL, stx_attributes=0, stx_mode=S_IFREG|0644, stx_size=14, ...}) = 0
read(12, "\1\0\0\0\377\1\0\0\0\0\0\0\0\0", 14) = 14
read(12, "", 32)                        = 0
close(12)                               = 0
statx(AT_FDCWD, "/home/xolra0d/dev/databases/touchhouse/target/debug/.fingerprint/proc-macro2-af8d234f1477174d/dep-lib-proc_macro2", AT_STATX_SYNC_AS_STAT, STATX_ALL, {stx_mask=STATX_ALL|STATX_MNT_ID|STATX_SUBVOL, stx_attributes=0, stx_mode=S_IFREG|0644, stx_size=14, ...}) = 0
getcwd("/home/xolra0d/dev/databases/touchhouse", 512) = 39
statx(AT_FDCWD, "/home/xolra0d/dev/databases/touchhouse/target/debug/build/quote-359af793157c725c/build_script_build-359af793157c725c", AT_STATX_SYNC_AS_STAT, STATX_ALL, {stx_mask=STATX_ALL|STATX_MNT_ID|STATX_SUBVOL, stx_attributes=0, stx_mode=S_IFREG|0755, stx_size=3985896, ...}) = 0
openat(AT_FDCWD, "/home/xolra0d/dev/databases/touchhouse/target/debug/.fingerprint/quote-359af793157c725c/dep-build-script-build-script-build", O_RDONLY|O_CLOEXEC) = 12
statx(12, "", AT_STATX_SYNC_AS_STAT|AT_EMPTY_PATH, STATX_ALL, {stx_mask=STATX_ALL|STATX_MNT_ID|STATX_SUBVOL, stx_attributes=0, stx_mode=S_IFREG|0644, stx_size=14, ...}) = 0
read(12, "\1\0\0\0\377\1\0\0\0\0\0\0\0\0", 14) = 14
read(12, "", 32)                        = 0
close(12)                               = 0
statx(AT_FDCWD, "/home/xolra0d/dev/databases/touchhouse/target/debug/.fingerprint/quote-359af793157c725c/dep-build-script-build-script-build", AT_STATX_SYNC_AS_STAT, STATX_ALL, {stx_mask=STATX_ALL|STATX_MNT_ID|STATX_SUBVOL, stx_attributes=0, stx_mode=S_IFREG|0644, stx_size=14, ...}) = 0
getcwd("/home/xolra0d/dev/databases/touchhouse", 512) = 39
statx(AT_FDCWD, "/home/xolra0d/dev/databases/touchhouse/target/debug/build/quote-cff79a282071f8ec/output", AT_STATX_SYNC_AS_STAT, STATX_ALL, {stx_mask=STATX_ALL|STATX_MNT_ID|STATX_SUBVOL, stx_attributes=0, stx_mode=S_IFREG|0644, stx_size=83, ...}) = 0
statx(AT_FDCWD, "/home/xolra0d/dev/databases/touchhouse/target/debug/build/quote-cff79a282071f8ec/output", AT_STATX_SYNC_AS_STAT, STATX_ALL, {stx_mask=STATX_ALL|STATX_MNT_ID|STATX_SUBVOL, stx_attributes=0, stx_mode=S_IFREG|0644, stx_size=83, ...}) = 0
getcwd("/home/xolra0d/dev/databases/touchhouse", 512) = 39
statx(AT_FDCWD, "/home/xolra0d/dev/databases/touchhouse/target/debug/deps/libquote-02fd0fd45c0c67d3.rlib", AT_STATX_SYNC_AS_STAT, STATX_ALL, {stx_mask=STATX_ALL|STATX_MNT_ID|STATX_SUBVOL, stx_attributes=0, stx_mode=S_IFREG|0644, stx_size=553018, ...}) = 0
statx(AT_FDCWD, "/home/xolra0d/dev/databases/touchhouse/target/debug/deps/libquote-02fd0fd45c0c67d3.rmeta", AT_STATX_SYNC_AS_STAT, STATX_ALL, {stx_mask=STATX_ALL|STATX_MNT_ID|STATX_SUBVOL, stx_attributes=0, stx_mode=S_IFREG|0644, stx_size=269299, ...}) = 0
openat(AT_FDCWD, "/home/xolra0d/dev/databases/touchhouse/target/debug/.fingerprint/quote-02fd0fd45c0c67d3/dep-lib-quote", O_RDONLY|O_CLOEXEC) = 12
statx(12, "", AT_STATX_SYNC_AS_STAT|AT_EMPTY_PATH, STATX_ALL, {stx_mask=STATX_ALL|STATX_MNT_ID|STATX_SUBVOL, stx_attributes=0, stx_mode=S_IFREG|0644, stx_size=14, ...}) = 0
read(12, "\1\0\0\0\377\1\0\0\0\0\0\0\0\0", 14) = 14
read(12, "", 32)                        = 0
close(12)                               = 0
statx(AT_FDCWD, "/home/xolra0d/dev/databases/touchhouse/target/debug/.fingerprint/quote-02fd0fd45c0c67d3/dep-lib-quote", AT_STATX_SYNC_AS_STAT, STATX_ALL, {stx_mask=STATX_ALL|STATX_MNT_ID|STATX_SUBVOL, stx_attributes=0, stx_mode=S_IFREG|0644, stx_size=14, ...}) = 0
getcwd("/home/xolra0d/dev/databases/touchhouse", 512) = 39
statx(AT_FDCWD, "/home/xolra0d/dev/databases/touchhouse/target/debug/deps/libsyn-8cddfc127d36ab0c.rlib", AT_STATX_SYNC_AS_STAT, STATX_ALL, {stx_mask=STATX_ALL|STATX_MNT_ID|STATX_SUBVOL, stx_attributes=0, stx_mode=S_IFREG|0644, stx_size=11222794, ...}) = 0
statx(AT_FDCWD, "/home/xolra0d/dev/databases/touchhouse/target/debug/deps/libsyn-8cddfc127d36ab0c.rmeta", AT_STATX_SYNC_AS_STAT, STATX_ALL, {stx_mask=STATX_ALL|STATX_MNT_ID|STATX_SUBVOL, stx_attributes=0, stx_mode=S_IFREG|0644, stx_size=3702354, ...}) = 0
openat(AT_FDCWD, "/home/xolra0d/dev/databases/touchhouse/target/debug/.fingerprint/syn-8cddfc127d36ab0c/dep-lib-syn", O_RDONLY|O_CLOEXEC) = 12
statx(12, "", AT_STATX_SYNC_AS_STAT|AT_EMPTY_PATH, STATX_ALL, {stx_mask=STATX_ALL|STATX_MNT_ID|STATX_SUBVOL, stx_attributes=0, stx_mode=S_IFREG|0644, stx_size=14, ...}) = 0
read(12, "\1\0\0\0\377\1\0\0\0\0\0\0\0\0", 14) = 14
read(12, "", 32)                        = 0
close(12)                               = 0
statx(AT_FDCWD, "/home/xolra0d/dev/databases/touchhouse/target/debug/.fingerprint/syn-8cddfc127d36ab0c/dep-lib-syn", AT_STATX_SYNC_AS_STAT, STATX_ALL, {stx_mask=STATX_ALL|STATX_MNT_ID|STATX_SUBVOL, stx_attributes=0, stx_mode=S_IFREG|0644, stx_size=14, ...}) = 0
getcwd("/home/xolra0d/dev/databases/touchhouse", 512) = 39
statx(AT_FDCWD, "/home/xolra0d/dev/databases/touchhouse/target/debug/deps/libunicode_xid-152610e5b2c52995.rlib", AT_STATX_SYNC_AS_STAT, STATX_ALL, {stx_mask=STATX_ALL|STATX_MNT_ID|STATX_SUBVOL, stx_attributes=0, stx_mode=S_IFREG|0644, stx_size=46426, ...}) = 0
statx(AT_FDCWD, "/home/xolra0d/dev/databases/touchhouse/target/debug/deps/libunicode_xid-152610e5b2c52995.rmeta", AT_STATX_SYNC_AS_STAT, STATX_ALL, {stx_mask=STATX_ALL|STATX_MNT_ID|STATX_SUBVOL, stx_attributes=0, stx_mode=S_IFREG|0644, stx_size=22894, ...}) = 0
openat(AT_FDCWD, "/home/xolra0d/dev/databases/touchhouse/target/debug/.fingerprint/unicode-xid-152610e5b2c52995/dep-lib-unicode_xid", O_RDONLY|O_CLOEXEC) = 12
statx(12, "", AT_STATX_SYNC_AS_STAT|AT_EMPTY_PATH, STATX_ALL, {stx_mask=STATX_ALL|STATX_MNT_ID|STATX_SUBVOL, stx_attributes=0, stx_mode=S_IFREG|0644, stx_size=14, ...}) = 0
read(12, "\1\0\0\0\377\1\0\0\0\0\0\0\0\0", 14) = 14
read(12, "", 32)                        = 0
close(12)                               = 0
statx(AT_FDCWD, "/home/xolra0d/dev/databases/touchhouse/target/debug/.fingerprint/unicode-xid-152610e5b2c52995/dep-lib-unicode_xid", AT_STATX_SYNC_AS_STAT, STATX_ALL, {stx_mask=STATX_ALL|STATX_MNT_ID|STATX_SUBVOL, stx_attributes=0, stx_mode=S_IFREG|0644, stx_size=14, ...}) = 0
getcwd("/home/xolra0d/dev/databases/touchhouse", 512) = 39
statx(AT_FDCWD, "/home/xolra0d/dev/databases/touchhouse/target/debug/deps/libderive_more_impl-4db099c97dff6db6.so", AT_STATX_SYNC_AS_STAT, STATX_ALL, {stx_mask=STATX_ALL|STATX_MNT_ID|STATX_SUBVOL, stx_attributes=0, stx_mode=S_IFREG|0755, stx_size=8118472, ...}) = 0
openat(AT_FDCWD, "/home/xolra0d/dev/databases/touchhouse/target/debug/.fingerprint/derive_more-impl-4db099c97dff6db6/dep-lib-derive_more_impl", O_RDONLY|O_CLOEXEC) = 12
statx(12, "", AT_STATX_SYNC_AS_STAT|AT_EMPTY_PATH, STATX_ALL, {stx_mask=STATX_ALL|STATX_MNT_ID|STATX_SUBVOL, stx_attributes=0, stx_mode=S_IFREG|0644, stx_size=14, ...}) = 0
read(12, "\1\0\0\0\377\1\0\0\0\0\0\0\0\0", 14) = 14
read(12, "", 32)                        = 0
close(12)                               = 0
statx(AT_FDCWD, "/home/xolra0d/dev/databases/touchhouse/target/debug/.fingerprint/derive_more-impl-4db099c97dff6db6/dep-lib-derive_more_impl", AT_STATX_SYNC_AS_STAT, STATX_ALL, {stx_mask=STATX_ALL|STATX_MNT_ID|STATX_SUBVOL, stx_attributes=0, stx_mode=S_IFREG|0644, stx_size=14, ...}) = 0
getcwd("/home/xolra0d/dev/databases/touchhouse", 512) = 39
statx(AT_FDCWD, "/home/xolra0d/dev/databases/touchhouse/target/debug/deps/libderive_more-0aa5697b7252f5e7.rlib", AT_STATX_SYNC_AS_STAT, STATX_ALL, {stx_mask=STATX_ALL|STATX_MNT_ID|STATX_SUBVOL, stx_attributes=0, stx_mode=S_IFREG|0644, stx_size=16016, ...}) = 0
statx(AT_FDCWD, "/home/xolra0d/dev/databases/touchhouse/target/debug/deps/libderive_more-0aa5697b7252f5e7.rmeta", AT_STATX_SYNC_AS_STAT, STATX_ALL, {stx_mask=STATX_ALL|STATX_MNT_ID|STATX_SUBVOL, stx_attributes=0, stx_mode=S_IFREG|0644, stx_size=14493, ...}) = 0
openat(AT_FDCWD, "/home/xolra0d/dev/databases/touchhouse/target/debug/.fingerprint/derive_more-0aa5697b7252f5e7/dep-lib-derive_more", O_RDONLY|O_CLOEXEC) = 12
statx(12, "", AT_STATX_SYNC_AS_STAT|AT_EMPTY_PATH, STATX_ALL, {stx_mask=STATX_ALL|STATX_MNT_ID|STATX_SUBVOL, stx_attributes=0, stx_mode=S_IFREG|0644, stx_size=14, ...}) = 0
read(12, "\1\0\0\0\377\1\0\0\0\0\0\0\0\0", 14) = 14
read(12, "", 32)                        = 0
close(12)                               = 0
statx(AT_FDCWD, "/home/xolra0d/dev/databases/touchhouse/target/debug/.fingerprint/derive_more-0aa5697b7252f5e7/dep-lib-derive_more", AT_STATX_SYNC_AS_STAT, STATX_ALL, {stx_mask=STATX_ALL|STATX_MNT_ID|STATX_SUBVOL, stx_attributes=0, stx_mode=S_IFREG|0644, stx_size=14, ...}) = 0
getcwd("/home/xolra0d/dev/databases/touchhouse", 512) = 39
statx(AT_FDCWD, "/home/xolra0d/dev/databases/touchhouse/target/debug/deps/libanstyle-1ae31c6d77d8a279.rlib", AT_STATX_SYNC_AS_STAT, STATX_ALL, {stx_mask=STATX_ALL|STATX_MNT_ID|STATX_SUBVOL, stx_attributes=0, stx_mode=S_IFREG|0644, stx_size=323592, ...}) = 0
statx(AT_FDCWD, "/home/xolra0d/dev/databases/touchhouse/target/debug/deps/libanstyle-1ae31c6d77d8a279.rmeta", AT_STATX_SYNC_AS_STAT, STATX_ALL, {stx_mask=STATX_ALL|STATX_MNT_ID|STATX_SUBVOL, stx_attributes=0, stx_mode=S_IFREG|0644, stx_size=204540, ...}) = 0
openat(AT_FDCWD, "/home/xolra0d/dev/databases/touchhouse/target/debug/.fingerprint/anstyle-1ae31c6d77d8a279/dep-lib-anstyle", O_RDONLY|O_CLOEXEC) = 12
statx(12, "", AT_STATX_SYNC_AS_STAT|AT_EMPTY_PATH, STATX_ALL, {stx_mask=STATX_ALL|STATX_MNT_ID|STATX_SUBVOL, stx_attributes=0, stx_mode=S_IFREG|0644, stx_size=14, ...}) = 0
read(12, "\1\0\0\0\377\1\0\0\0\0\0\0\0\0", 14) = 14
read(12, "", 32)                        = 0
close(12)                               = 0
statx(AT_FDCWD, "/home/xolra0d/dev/databases/touchhouse/target/debug/.fingerprint/anstyle-1ae31c6d77d8a279/dep-lib-anstyle", AT_STATX_SYNC_AS_STAT, STATX_ALL, {stx_mask=STATX_ALL|STATX_MNT_ID|STATX_SUBVOL, stx_attributes=0, stx_mode=S_IFREG|0644, stx_size=14, ...}) = 0
getcwd("/home/xolra0d/dev/databases/touchhouse", 512) = 39
statx(AT_FDCWD, "/home/xolra0d/dev/databases/touchhouse/target/debug/deps/libutf8parse-517ef49b4e1f5802.rlib", AT_STATX_SYNC_AS_STAT, STATX_ALL, {stx_mask=STATX_ALL|STATX_MNT_ID|STATX_SUBVOL, stx_attributes=0, stx_mode=S_IFREG|0644, stx_size=34730, ...}) = 0
statx(AT_FDCWD, "/home/xolra0d/dev/databases/touchhouse/target/debug/deps/libutf8parse-517ef49b4e1f5802.rmeta", AT_STATX_SYNC_AS_STAT, STATX_ALL, {stx_mask=STATX_ALL|STATX_MNT_ID|STATX_SUBVOL, stx_attributes=0, stx_mode=S_IFREG|0644, stx_size=30545, ...}) = 0
openat(AT_FDCWD, "/home/xolra0d/dev/databases/touchhouse/target/debug/.fingerprint/utf8parse-517ef49b4e1f5802/dep-lib-utf8parse", O_RDONLY|O_CLOEXEC) = 12
statx(12, "", AT_STATX_SYNC_AS_STAT|AT_EMPTY_PATH, STATX_ALL, {stx_mask=STATX_ALL|STATX_MNT_ID|STATX_SUBVOL, stx_attributes=0, stx_mode=S_IFREG|0644, stx_size=14, ...}) = 0
read(12, "\1\0\0\0\377\1\0\0\0\0\0\0\0\0", 14) = 14
read(12, "", 32)                        = 0
close(12)                               = 0
statx(AT_FDCWD, "/home/xolra0d/dev/databases/touchhouse/target/debug/.fingerprint/utf8parse-517ef49b4e1f5802/dep-lib-utf8parse", AT_STATX_SYNC_AS_STAT, STATX_ALL, {stx_mask=STATX_ALL|STATX_MNT_ID|STATX_SUBVOL, stx_attributes=0, stx_mode=S_IFREG|0644, stx_size=14, ...}) = 0
getcwd("/home/xolra0d/dev/databases/touchhouse", 512) = 39
statx(AT_FDCWD, "/home/xolra0d/dev/databases/touchhouse/target/debug/deps/libanstyle_parse-87c0183a65e5c70e.rlib", AT_STATX_SYNC_AS_STAT, STATX_ALL, {stx_mask=STATX_ALL|STATX_MNT_ID|STATX_SUBVOL, stx_attributes=0, stx_mode=S_IFREG|0644, stx_size=247754, ...}) = 0
statx(AT_FDCWD, "/home/xolra0d/dev/databases/touchhouse/target/debug/deps/libanstyle_parse-87c0183a65e5c70e.rmeta", AT_STATX_SYNC_AS_STAT, STATX_ALL, {stx_mask=STATX_ALL|STATX_MNT_ID|STATX_SUBVOL, stx_attributes=0, stx_mode=S_IFREG|0644, stx_size=166468, ...}) = 0
openat(AT_FDCWD, "/home/xolra0d/dev/databases/touchhouse/target/debug/.fingerprint/anstyle-parse-87c0183a65e5c70e/dep-lib-anstyle_parse", O_RDONLY|O_CLOEXEC) = 12
statx(12, "", AT_STATX_SYNC_AS_STAT|AT_EMPTY_PATH, STATX_ALL, {stx_mask=STATX_ALL|STATX_MNT_ID|STATX_SUBVOL, stx_attributes=0, stx_mode=S_IFREG|0644, stx_size=14, ...}) = 0
read(12, "\1\0\0\0\377\1\0\0\0\0\0\0\0\0", 14) = 14
read(12, "", 32)                        = 0
close(12)                               = 0
statx(AT_FDCWD, "/home/xolra0d/dev/databases/touchhouse/target/debug/.fingerprint/anstyle-parse-87c0183a65e5c70e/dep-lib-anstyle_parse", AT_STATX_SYNC_AS_STAT, STATX_ALL, {stx_mask=STATX_ALL|STATX_MNT_ID|STATX_SUBVOL, stx_attributes=0, stx_mode=S_IFREG|0644, stx_size=14, ...}) = 0
getcwd("/home/xolra0d/dev/databases/touchhouse", 512) = 39
statx(AT_FDCWD, "/home/xolra0d/dev/databases/touchhouse/target/debug/deps/libanstyle_query-836541f5101d717c.rlib", AT_STATX_SYNC_AS_STAT, STATX_ALL, {stx_mask=STATX_ALL|STATX_MNT_ID|STATX_SUBVOL, stx_attributes=0, stx_mode=S_IFREG|0644, stx_size=21120, ...}) = 0
statx(AT_FDCWD, "/home/xolra0d/dev/databases/touchhouse/target/debug/deps/libanstyle_query-836541f5101d717c.rmeta", AT_STATX_SYNC_AS_STAT, STATX_ALL, {stx_mask=STATX_ALL|STATX_MNT_ID|STATX_SUBVOL, stx_attributes=0, stx_mode=S_IFREG|0644, stx_size=10985, ...}) = 0
openat(AT_FDCWD, "/home/xolra0d/dev/databases/touchhouse/target/debug/.fingerprint/anstyle-query-836541f5101d717c/dep-lib-anstyle_query", O_RDONLY|O_CLOEXEC) = 12
statx(12, "", AT_STATX_SYNC_AS_STAT|AT_EMPTY_PATH, STATX_ALL, {stx_mask=STATX_ALL|STATX_MNT_ID|STATX_SUBVOL, stx_attributes=0, stx_mode=S_IFREG|0644, stx_size=14, ...}) = 0
read(12, "\1\0\0\0\377\1\0\0\0\0\0\0\0\0", 14) = 14
read(12, "", 32)                        = 0
close(12)                               = 0
statx(AT_FDCWD, "/home/xolra0d/dev/databases/touchhouse/target/debug/.fingerprint/anstyle-query-836541f5101d717c/dep-lib-anstyle_query", AT_STATX_SYNC_AS_STAT, STATX_ALL, {stx_mask=STATX_ALL|STATX_MNT_ID|STATX_SUBVOL, stx_attributes=0, stx_mode=S_IFREG|0644, stx_size=14, ...}) = 0
getcwd("/home/xolra0d/dev/databases/touchhouse", 512) = 39
statx(AT_FDCWD, "/home/xolra0d/dev/databases/touchhouse/target/debug/deps/libcolorchoice-1583d52e88a79c92.rlib", AT_STATX_SYNC_AS_STAT, STATX_ALL, {stx_mask=STATX_ALL|STATX_MNT_ID|STATX_SUBVOL, stx_attributes=0, stx_mode=S_IFREG|0644, stx_size=42782, ...}) = 0
statx(AT_FDCWD, "/home/xolra0d/dev/databases/touchhouse/target/debug/deps/libcolorchoice-1583d52e88a79c92.rmeta", AT_STATX_SYNC_AS_STAT, STATX_ALL, {stx_mask=STATX_ALL|STATX_MNT_ID|STATX_SUBVOL, stx_attributes=0, stx_mode=S_IFREG|0644, stx_size=12496, ...}) = 0
openat(AT_FDCWD, "/home/xolra0d/dev/databases/touchhouse/target/debug/.fingerprint/colorchoice-1583d52e88a79c92/dep-lib-colorchoice", O_RDONLY|O_CLOEXEC) = 12
statx(12, "", AT_STATX_SYNC_AS_STAT|AT_EMPTY_PATH, STATX_ALL, {stx_mask=STATX_ALL|STATX_MNT_ID|STATX_SUBVOL, stx_attributes=0, stx_mode=S_IFREG|0644, stx_size=14, ...}) = 0
read(12, "\1\0\0\0\377\1\0\0\0\0\0\0\0\0", 14) = 14
read(12, "", 32)                        = 0
close(12)                               = 0
statx(AT_FDCWD, "/home/xolra0d/dev/databases/touchhouse/target/debug/.fingerprint/colorchoice-1583d52e88a79c92/dep-lib-colorchoice", AT_STATX_SYNC_AS_STAT, STATX_ALL, {stx_mask=STATX_ALL|STATX_MNT_ID|STATX_SUBVOL, stx_attributes=0, stx_mode=S_IFREG|0644, stx_size=14, ...}) = 0
getcwd("/home/xolra0d/dev/databases/touchhouse", 512) = 39
statx(AT_FDCWD, "/home/xolra0d/dev/databases/touchhouse/target/debug/deps/libis_terminal_polyfill-fc0a41207cd029ef.rlib", AT_STATX_SYNC_AS_STAT, STATX_ALL, {stx_mask=STATX_ALL|STATX_MNT_ID|STATX_SUBVOL, stx_attributes=0, stx_mode=S_IFREG|0644, stx_size=10906, ...}) = 0
statx(AT_FDCWD, "/home/xolra0d/dev/databases/touchhouse/target/debug/deps/libis_terminal_polyfill-fc0a41207cd029ef.rmeta", AT_STATX_SYNC_AS_STAT, STATX_ALL, {stx_mask=STATX_ALL|STATX_MNT_ID|STATX_SUBVOL, stx_attributes=0, stx_mode=S_IFREG|0644, stx_size=9354, ...}) = 0
openat(AT_FDCWD, "/home/xolra0d/dev/databases/touchhouse/target/debug/.fingerprint/is_terminal_polyfill-fc0a41207cd029ef/dep-lib-is_terminal_polyfill", O_RDONLY|O_CLOEXEC) = 12
statx(12, "", AT_STATX_SYNC_AS_STAT|AT_EMPTY_PATH, STATX_ALL, {stx_mask=STATX_ALL|STATX_MNT_ID|STATX_SUBVOL, stx_attributes=0, stx_mode=S_IFREG|0644, stx_size=14, ...}) = 0
read(12, "\1\0\0\0\377\1\0\0\0\0\0\0\0\0", 14) = 14
read(12, "", 32)                        = 0
close(12)                               = 0
statx(AT_FDCWD, "/home/xolra0d/dev/databases/touchhouse/target/debug/.fingerprint/is_terminal_polyfill-fc0a41207cd029ef/dep-lib-is_terminal_polyfill", AT_STATX_SYNC_AS_STAT, STATX_ALL, {stx_mask=STATX_ALL|STATX_MNT_ID|STATX_SUBVOL, stx_attributes=0, stx_mode=S_IFREG|0644, stx_size=14, ...}) = 0
getcwd("/home/xolra0d/dev/databases/touchhouse", 512) = 39
statx(AT_FDCWD, "/home/xolra0d/dev/databases/touchhouse/target/debug/deps/libanstream-971496cb4ca963be.rlib", AT_STATX_SYNC_AS_STAT, STATX_ALL, {stx_mask=STATX_ALL|STATX_MNT_ID|STATX_SUBVOL, stx_attributes=0, stx_mode=S_IFREG|0644, stx_size=747718, ...}) = 0
statx(AT_FDCWD, "/home/xolra0d/dev/databases/touchhouse/target/debug/deps/libanstream-971496cb4ca963be.rmeta", AT_STATX_SYNC_AS_STAT, STATX_ALL, {stx_mask=STATX_ALL|STATX_MNT_ID|STATX_SUBVOL, stx_attributes=0, stx_mode=S_IFREG|0644, stx_size=223427, ...}) = 0
openat(AT_FDCWD, "/home/xolra0d/dev/databases/touchhouse/target/debug/.fingerprint/anstream-971496cb4ca963be/dep-lib-anstream", O_RDONLY|O_CLOEXEC) = 12
statx(12, "", AT_STATX_SYNC_AS_STAT|AT_EMPTY_PATH, STATX_ALL, {stx_mask=STATX_ALL|STATX_MNT_ID|STATX_SUBVOL, stx_attributes=0, stx_mode=S_IFREG|0644, stx_size=14, ...}) = 0
read(12, "\1\0\0\0\377\1\0\0\0\0\0\0\0\0", 14) = 14
read(12, "", 32)                        = 0
close(12)                               = 0
statx(AT_FDCWD, "/home/xolra0d/dev/databases/touchhouse/target/debug/.fingerprint/anstream-971496cb4ca963be/dep-lib-anstream", AT_STATX_SYNC_AS_STAT, STATX_ALL, {stx_mask=STATX_ALL|STATX_MNT_ID|STATX_SUBVOL, stx_attributes=0, stx_mode=S_IFREG|0644, stx_size=14, ...}) = 0
getcwd("/home/xolra0d/dev/databases/touchhouse", 512) = 39
statx(AT_FDCWD, "/home/xolra0d/dev/databases/touchhouse/target/debug/deps/liblog-8ed15adbf13f2eaf.rlib", AT_STATX_SYNC_AS_STAT, STATX_ALL, {stx_mask=STATX_ALL|STATX_MNT_ID|STATX_SUBVOL, stx_attributes=0, stx_mode=S_IFREG|0644, stx_size=368918, ...}) = 0
statx(AT_FDCWD, "/home/xolra0d/dev/databases/touchhouse/target/debug/deps/liblog-8ed15adbf13f2eaf.rmeta", AT_STATX_SYNC_AS_STAT, STATX_ALL, {stx_mask=STATX_ALL|STATX_MNT_ID|STATX_SUBVOL, stx_attributes=0, stx_mode=S_IFREG|0644, stx_size=201213, ...}) = 0
openat(AT_FDCWD, "/home/xolra0d/dev/databases/touchhouse/target/debug/.fingerprint/log-8ed15adbf13f2eaf/dep-lib-log", O_RDONLY|O_CLOEXEC) = 12
statx(12, "", AT_STATX_SYNC_AS_STAT|AT_EMPTY_PATH, STATX_ALL, {stx_mask=STATX_ALL|STATX_MNT_ID|STATX_SUBVOL, stx_attributes=0, stx_mode=S_IFREG|0644, stx_size=14, ...}) = 0
read(12, "\1\0\0\0\377\1\0\0\0\0\0\0\0\0", 14) = 14
read(12, "", 32)                        = 0
close(12)                               = 0
statx(AT_FDCWD, "/home/xolra0d/dev/databases/touchhouse/target/debug/.fingerprint/log-8ed15adbf13f2eaf/dep-lib-log", AT_STATX_SYNC_AS_STAT, STATX_ALL, {stx_mask=STATX_ALL|STATX_MNT_ID|STATX_SUBVOL, stx_attributes=0, stx_mode=S_IFREG|0644, stx_size=14, ...}) = 0
getcwd("/home/xolra0d/dev/databases/touchhouse", 512) = 39
statx(AT_FDCWD, "/home/xolra0d/dev/databases/touchhouse/target/debug/deps/libmemchr-e97ff5d644abd4b5.rlib", AT_STATX_SYNC_AS_STAT, STATX_ALL, {stx_mask=STATX_ALL|STATX_MNT_ID|STATX_SUBVOL, stx_attributes=0, stx_mode=S_IFREG|0644, stx_size=2552412, ...}) = 0
statx(AT_FDCWD, "/home/xolra0d/dev/databases/touchhouse/target/debug/deps/libmemchr-e97ff5d644abd4b5.rmeta", AT_STATX_SYNC_AS_STAT, STATX_ALL, {stx_mask=STATX_ALL|STATX_MNT_ID|STATX_SUBVOL, stx_attributes=0, stx_mode=S_IFREG|0644, stx_size=1271436, ...}) = 0
openat(AT_FDCWD, "/home/xolra0d/dev/databases/touchhouse/target/debug/.fingerprint/memchr-e97ff5d644abd4b5/dep-lib-memchr", O_RDONLY|O_CLOEXEC) = 12
statx(12, "", AT_STATX_SYNC_AS_STAT|AT_EMPTY_PATH, STATX_ALL, {stx_mask=STATX_ALL|STATX_MNT_ID|STATX_SUBVOL, stx_attributes=0, stx_mode=S_IFREG|0644, stx_size=14, ...}) = 0
read(12, "\1\0\0\0\377\1\0\0\0\0\0\0\0\0", 14) = 14
read(12, "", 32)                        = 0
close(12)                               = 0
statx(AT_FDCWD, "/home/xolra0d/dev/databases/touchhouse/target/debug/.fingerprint/memchr-e97ff5d644abd4b5/dep-lib-memchr", AT_STATX_SYNC_AS_STAT, STATX_ALL, {stx_mask=STATX_ALL|STATX_MNT_ID|STATX_SUBVOL, stx_attributes=0, stx_mode=S_IFREG|0644, stx_size=14, ...}) = 0
getcwd("/home/xolra0d/dev/databases/touchhouse", 512) = 39
statx(AT_FDCWD, "/home/xolra0d/dev/databases/touchhouse/target/debug/deps/libaho_corasick-6938f3446a0301b6.rlib", AT_STATX_SYNC_AS_STAT, STATX_ALL, {stx_mask=STATX_ALL|STATX_MNT_ID|STATX_SUBVOL, stx_attributes=0, stx_mode=S_IFREG|0644, stx_size=10498704, ...}) = 0
statx(AT_FDCWD, "/home/xolra0d/dev/databases/touchhouse/target/debug/deps/libaho_corasick-6938f3446a0301b6.rmeta", AT_STATX_SYNC_AS_STAT, STATX_ALL, {stx_mask=STATX_ALL|STATX_MNT_ID|STATX_SUBVOL, stx_attributes=0, stx_mode=S_IFREG|0644, stx_size=1844326, ...}) = 0
openat(AT_FDCWD, "/home/xolra0d/dev/databases/touchhouse/target/debug/.fingerprint/aho-corasick-6938f3446a0301b6/dep-lib-aho_corasick", O_RDONLY|O_CLOEXEC) = 12
statx(12, "", AT_STATX_SYNC_AS_STAT|AT_EMPTY_PATH, STATX_ALL, {stx_mask=STATX_ALL|STATX_MNT_ID|STATX_SUBVOL, stx_attributes=0, stx_mode=S_IFREG|0644, stx_size=14, ...}) = 0
read(12, "\1\0\0\0\377\1\0\0\0\0\0\0\0\0", 14) = 14
read(12, "", 32)                        = 0
close(12)                               = 0
statx(AT_FDCWD, "/home/xolra0d/dev/databases/touchhouse/target/debug/.fingerprint/aho-corasick-6938f3446a0301b6/dep-lib-aho_corasick", AT_STATX_SYNC_AS_STAT, STATX_ALL, {stx_mask=STATX_ALL|STATX_MNT_ID|STATX_SUBVOL, stx_attributes=0, stx_mode=S_IFREG|0644, stx_size=14, ...}) = 0
getcwd("/home/xolra0d/dev/databases/touchhouse", 512) = 39
statx(AT_FDCWD, "/home/xolra0d/dev/databases/touchhouse/target/debug/deps/libregex_syntax-c0df0650e2113103.rlib", AT_STATX_SYNC_AS_STAT, STATX_ALL, {stx_mask=STATX_ALL|STATX_MNT_ID|STATX_SUBVOL, stx_attributes=0, stx_mode=S_IFREG|0644, stx_size=9959574, ...}) = 0
statx(AT_FDCWD, "/home/xolra0d/dev/databases/touchhouse/target/debug/deps/libregex_syntax-c0df0650e2113103.rmeta", AT_STATX_SYNC_AS_STAT, STATX_ALL, {stx_mask=STATX_ALL|STATX_MNT_ID|STATX_SUBVOL, stx_attributes=0, stx_mode=S_IFREG|0644, stx_size=1456573, ...}) = 0
openat(AT_FDCWD, "/home/xolra0d/dev/databases/touchhouse/target/debug/.fingerprint/regex-syntax-c0df0650e2113103/dep-lib-regex_syntax", O_RDONLY|O_CLOEXEC) = 12
statx(12, "", AT_STATX_SYNC_AS_STAT|AT_EMPTY_PATH, STATX_ALL, {stx_mask=STATX_ALL|STATX_MNT_ID|STATX_SUBVOL, stx_attributes=0, stx_mode=S_IFREG|0644, stx_size=14, ...}) = 0
read(12, "\1\0\0\0\377\1\0\0\0\0\0\0\0\0", 14) = 14
read(12, "", 32)                        = 0
close(12)                               = 0
statx(AT_FDCWD, "/home/xolra0d/dev/databases/touchhouse/target/debug/.fingerprint/regex-syntax-c0df0650e2113103/dep-lib-regex_syntax", AT_STATX_SYNC_AS_STAT, STATX_ALL, {stx_mask=STATX_ALL|STATX_MNT_ID|STATX_SUBVOL, stx_attributes=0, stx_mode=S_IFREG|0644, stx_size=14, ...}) = 0
getcwd("/home/xolra0d/dev/databases/touchhouse", 512) = 39
statx(AT_FDCWD, "/home/xolra0d/dev/databases/touchhouse/target/debug/deps/libregex_automata-ccd48dc2fa4c8b2b.rlib", AT_STATX_SYNC_AS_STAT, STATX_ALL, {stx_mask=STATX_ALL|STATX_MNT_ID|STATX_SUBVOL, stx_attributes=0, stx_mode=S_IFREG|0644, stx_size=16561856, ...}) = 0
statx(AT_FDCWD, "/home/xolra0d/dev/databases/touchhouse/target/debug/deps/libregex_automata-ccd48dc2fa4c8b2b.rmeta", AT_STATX_SYNC_AS_STAT, STATX_ALL, {stx_mask=STATX_ALL|STATX_MNT_ID|STATX_SUBVOL, stx_attributes=0, stx_mode=S_IFREG|0644, stx_size=3219850, ...}) = 0
openat(AT_FDCWD, "/home/xolra0d/dev/databases/touchhouse/target/debug/.fingerprint/regex-automata-ccd48dc2fa4c8b2b/dep-lib-regex_automata", O_RDONLY|O_CLOEXEC) = 12
statx(12, "", AT_STATX_SYNC_AS_STAT|AT_EMPTY_PATH, STATX_ALL, {stx_mask=STATX_ALL|STATX_MNT_ID|STATX_SUBVOL, stx_attributes=0, stx_mode=S_IFREG|0644, stx_size=14, ...}) = 0
read(12, "\1\0\0\0\377\1\0\0\0\0\0\0\0\0", 14) = 14
read(12, "", 32)                        = 0
close(12)                               = 0
statx(AT_FDCWD, "/home/xolra0d/dev/databases/touchhouse/target/debug/.fingerprint/regex-automata-ccd48dc2fa4c8b2b/dep-lib-regex_automata", AT_STATX_SYNC_AS_STAT, STATX_ALL, {stx_mask=STATX_ALL|STATX_MNT_ID|STATX_SUBVOL, stx_attributes=0, stx_mode=S_IFREG|0644, stx_size=14, ...}) = 0
getcwd("/home/xolra0d/dev/databases/touchhouse", 512) = 39
statx(AT_FDCWD, "/home/xolra0d/dev/databases/touchhouse/target/debug/deps/libregex-564aff327faad77c.rlib", AT_STATX_SYNC_AS_STAT, STATX_ALL, {stx_mask=STATX_ALL|STATX_MNT_ID|STATX_SUBVOL, stx_attributes=0, stx_mode=S_IFREG|0644, stx_size=1600722, ...}) = 0
statx(AT_FDCWD, "/home/xolra0d/dev/databases/touchhouse/target/debug/deps/libregex-564aff327faad77c.rmeta", AT_STATX_SYNC_AS_STAT, STATX_ALL, {stx_mask=STATX_ALL|STATX_MNT_ID|STATX_SUBVOL, stx_attributes=0, stx_mode=S_IFREG|0644, stx_size=652562, ...}) = 0
openat(AT_FDCWD, "/home/xolra0d/dev/databases/touchhouse/target/debug/.fingerprint/regex-564aff327faad77c/dep-lib-regex", O_RDONLY|O_CLOEXEC) = 12
statx(12, "", AT_STATX_SYNC_AS_STAT|AT_EMPTY_PATH, STATX_ALL, {stx_mask=STATX_ALL|STATX_MNT_ID|STATX_SUBVOL, stx_attributes=0, stx_mode=S_IFREG|0644, stx_size=14, ...}) = 0
read(12, "\1\0\0\0\377\1\0\0\0\0\0\0\0\0", 14) = 14
read(12, "", 32)                        = 0
close(12)                               = 0
statx(AT_FDCWD, "/home/xolra0d/dev/databases/touchhouse/target/debug/.fingerprint/regex-564aff327faad77c/dep-lib-regex", AT_STATX_SYNC_AS_STAT, STATX_ALL, {stx_mask=STATX_ALL|STATX_MNT_ID|STATX_SUBVOL, stx_attributes=0, stx_mode=S_IFREG|0644, stx_size=14, ...}) = 0
getcwd("/home/xolra0d/dev/databases/touchhouse", 512) = 39
statx(AT_FDCWD, "/home/xolra0d/dev/databases/touchhouse/target/debug/deps/libenv_filter-4114b92787b77690.rlib", AT_STATX_SYNC_AS_STAT, STATX_ALL, {stx_mask=STATX_ALL|STATX_MNT_ID|STATX_SUBVOL, stx_attributes=0, stx_mode=S_IFREG|0644, stx_size=1277964, ...}) = 0
statx(AT_FDCWD, "/home/xolra0d/dev/databases/touchhouse/target/debug/deps/libenv_filter-4114b92787b77690.rmeta", AT_STATX_SYNC_AS_STAT, STATX_ALL, {stx_mask=STATX_ALL|STATX_MNT_ID|STATX_SUBVOL, stx_attributes=0, stx_mode=S_IFREG|0644, stx_size=45603, ...}) = 0
openat(AT_FDCWD, "/home/xolra0d/dev/databases/touchhouse/target/debug/.fingerprint/env_filter-4114b92787b77690/dep-lib-env_filter", O_RDONLY|O_CLOEXEC) = 12
statx(12, "", AT_STATX_SYNC_AS_STAT|AT_EMPTY_PATH, STATX_ALL, {stx_mask=STATX_ALL|STATX_MNT_ID|STATX_SUBVOL, stx_attributes=0, stx_mode=S_IFREG|0644, stx_size=14, ...}) = 0
read(12, "\1\0\0\0\377\1\0\0\0\0\0\0\0\0", 14) = 14
read(12, "", 32)                        = 0
close(12)                               = 0
statx(AT_FDCWD, "/home/xolra0d/dev/databases/touchhouse/target/debug/.fingerprint/env_filter-4114b92787b77690/dep-lib-env_filter", AT_STATX_SYNC_AS_STAT, STATX_ALL, {stx_mask=STATX_ALL|STATX_MNT_ID|STATX_SUBVOL, stx_attributes=0, stx_mode=S_IFREG|0644, stx_size=14, ...}) = 0
getcwd("/home/xolra0d/dev/databases/touchhouse", 512) = 39
statx(AT_FDCWD, "/home/xolra0d/dev/databases/touchhouse/target/debug/deps/libjiff-ed41c4c842571787.rlib", AT_STATX_SYNC_AS_STAT, STATX_ALL, {stx_mask=STATX_ALL|STATX_MNT_ID|STATX_SUBVOL, stx_attributes=0, stx_mode=S_IFREG|0644, stx_size=19577366, ...}) = 0
statx(AT_FDCWD, "/home/xolra0d/dev/databases/touchhouse/target/debug/deps/libjiff-ed41c4c842571787.rmeta", AT_STATX_SYNC_AS_STAT, STATX_ALL, {stx_mask=STATX_ALL|STATX_MNT_ID|STATX_SUBVOL, stx_attributes=0, stx_mode=S_IFREG|0644, stx_size=6710398, ...}) = 0
openat(AT_FDCWD, "/home/xolra0d/dev/databases/touchhouse/target/debug/.fingerprint/jiff-ed41c4c842571787/dep-lib-jiff", O_RDONLY|O_CLOEXEC) = 12
statx(12, "", AT_STATX_SYNC_AS_STAT|AT_EMPTY_PATH, STATX_ALL, {stx_mask=STATX_ALL|STATX_MNT_ID|STATX_SUBVOL, stx_attributes=0, stx_mode=S_IFREG|0644, stx_size=14, ...}) = 0
read(12, "\1\0\0\0\377\1\0\0\0\0\0\0\0\0", 14) = 14
read(12, "", 32)                        = 0
close(12)                               = 0
statx(AT_FDCWD, "/home/xolra0d/dev/databases/touchhouse/target/debug/.fingerprint/jiff-ed41c4c842571787/dep-lib-jiff", AT_STATX_SYNC_AS_STAT, STATX_ALL, {stx_mask=STATX_ALL|STATX_MNT_ID|STATX_SUBVOL, stx_attributes=0, stx_mode=S_IFREG|0644, stx_size=14, ...}) = 0
getcwd("/home/xolra0d/dev/databases/touchhouse", 512) = 39
statx(AT_FDCWD, "/home/xolra0d/dev/databases/touchhouse/target/debug/deps/libenv_logger-2b275f3d143f10be.rlib", AT_STATX_SYNC_AS_STAT, STATX_ALL, {stx_mask=STATX_ALL|STATX_MNT_ID|STATX_SUBVOL, stx_attributes=0, stx_mode=S_IFREG|0644, stx_size=1230008, ...}) = 0
statx(AT_FDCWD, "/home/xolra0d/dev/databases/touchhouse/target/debug/deps/libenv_logger-2b275f3d143f10be.rmeta", AT_STATX_SYNC_AS_STAT, STATX_ALL, {stx_mask=STATX_ALL|STATX_MNT_ID|STATX_SUBVOL, stx_attributes=0, stx_mode=S_IFREG|0644, stx_size=176224, ...}) = 0
openat(AT_FDCWD, "/home/xolra0d/dev/databases/touchhouse/target/debug/.fingerprint/env_logger-2b275f3d143f10be/dep-lib-env_logger", O_RDONLY|O_CLOEXEC) = 12
statx(12, "", AT_STATX_SYNC_AS_STAT|AT_EMPTY_PATH, STATX_ALL, {stx_mask=STATX_ALL|STATX_MNT_ID|STATX_SUBVOL, stx_attributes=0, stx_mode=S_IFREG|0644, stx_size=14, ...}) = 0
read(12, "\1\0\0\0\377\1\0\0\0\0\0\0\0\0", 14) = 14
read(12, "", 32)                        = 0
close(12)                               = 0
statx(AT_FDCWD, "/home/xolra0d/dev/databases/touchhouse/target/debug/.fingerprint/env_logger-2b275f3d143f10be/dep-lib-env_logger", AT_STATX_SYNC_AS_STAT, STATX_ALL, {stx_mask=STATX_ALL|STATX_MNT_ID|STATX_SUBVOL, stx_attributes=0, stx_mode=S_IFREG|0644, stx_size=14, ...}) = 0
getcwd("/home/xolra0d/dev/databases/touchhouse", 512) = 39
statx(AT_FDCWD, "/home/xolra0d/dev/databases/touchhouse/target/debug/deps/libfutures_core-51107a6a42de01b4.rlib", AT_STATX_SYNC_AS_STAT, STATX_ALL, {stx_mask=STATX_ALL|STATX_MNT_ID|STATX_SUBVOL, stx_attributes=0, stx_mode=S_IFREG|0644, stx_size=117442, ...}) = 0
statx(AT_FDCWD, "/home/xolra0d/dev/databases/touchhouse/target/debug/deps/libfutures_core-51107a6a42de01b4.rmeta", AT_STATX_SYNC_AS_STAT, STATX_ALL, {stx_mask=STATX_ALL|STATX_MNT_ID|STATX_SUBVOL, stx_attributes=0, stx_mode=S_IFREG|0644, stx_size=58043, ...}) = 0
openat(AT_FDCWD, "/home/xolra0d/dev/databases/touchhouse/target/debug/.fingerprint/futures-core-51107a6a42de01b4/dep-lib-futures_core", O_RDONLY|O_CLOEXEC) = 12
statx(12, "", AT_STATX_SYNC_AS_STAT|AT_EMPTY_PATH, STATX_ALL, {stx_mask=STATX_ALL|STATX_MNT_ID|STATX_SUBVOL, stx_attributes=0, stx_mode=S_IFREG|0644, stx_size=14, ...}) = 0
read(12, "\1\0\0\0\377\1\0\0\0\0\0\0\0\0", 14) = 14
read(12, "", 32)                        = 0
close(12)                               = 0
statx(AT_FDCWD, "/home/xolra0d/dev/databases/touchhouse/target/debug/.fingerprint/futures-core-51107a6a42de01b4/dep-lib-futures_core", AT_STATX_SYNC_AS_STAT, STATX_ALL, {stx_mask=STATX_ALL|STATX_MNT_ID|STATX_SUBVOL, stx_attributes=0, stx_mode=S_IFREG|0644, stx_size=14, ...}) = 0
getcwd("/home/xolra0d/dev/databases/touchhouse", 512) = 39
statx(AT_FDCWD, "/home/xolra0d/dev/databases/touchhouse/target/debug/deps/libfutures_sink-ace0766c9d921ae4.rlib", AT_STATX_SYNC_AS_STAT, STATX_ALL, {stx_mask=STATX_ALL|STATX_MNT_ID|STATX_SUBVOL, stx_attributes=0, stx_mode=S_IFREG|0644, stx_size=32330, ...}) = 0
statx(AT_FDCWD, "/home/xolra0d/dev/databases/touchhouse/target/debug/deps/libfutures_sink-ace0766c9d921ae4.rmeta", AT_STATX_SYNC_AS_STAT, STATX_ALL, {stx_mask=STATX_ALL|STATX_MNT_ID|STATX_SUBVOL, stx_attributes=0, stx_mode=S_IFREG|0644, stx_size=30808, ...}) = 0
openat(AT_FDCWD, "/home/xolra0d/dev/databases/touchhouse/target/debug/.fingerprint/futures-sink-ace0766c9d921ae4/dep-lib-futures_sink", O_RDONLY|O_CLOEXEC) = 12
statx(12, "", AT_STATX_SYNC_AS_STAT|AT_EMPTY_PATH, STATX_ALL, {stx_mask=STATX_ALL|STATX_MNT_ID|STATX_SUBVOL, stx_attributes=0, stx_mode=S_IFREG|0644, stx_size=14, ...}) = 0
read(12, "\1\0\0\0\377\1\0\0\0\0\0\0\0\0", 14) = 14
read(12, "", 32)                        = 0
close(12)                               = 0
statx(AT_FDCWD, "/home/xolra0d/dev/databases/touchhouse/target/debug/.fingerprint/futures-sink-ace0766c9d921ae4/dep-lib-futures_sink", AT_STATX_SYNC_AS_STAT, STATX_ALL, {stx_mask=STATX_ALL|STATX_MNT_ID|STATX_SUBVOL, stx_attributes=0, stx_mode=S_IFREG|0644, stx_size=14, ...}) = 0
getcwd("/home/xolra0d/dev/databases/touchhouse", 512) = 39
statx(AT_FDCWD, "/home/xolra0d/dev/databases/touchhouse/target/debug/deps/libfutures_channel-96dadfa40e61a835.rlib", AT_STATX_SYNC_AS_STAT, STATX_ALL, {stx_mask=STATX_ALL|STATX_MNT_ID|STATX_SUBVOL, stx_attributes=0, stx_mode=S_IFREG|0644, stx_size=262154, ...}) = 0
statx(AT_FDCWD, "/home/xolra0d/dev/databases/touchhouse/target/debug/deps/libfutures_channel-96dadfa40e61a835.rmeta", AT_STATX_SYNC_AS_STAT, STATX_ALL, {stx_mask=STATX_ALL|STATX_MNT_ID|STATX_SUBVOL, stx_attributes=0, stx_mode=S_IFREG|0644, stx_size=233481, ...}) = 0
openat(AT_FDCWD, "/home/xolra0d/dev/databases/touchhouse/target/debug/.fingerprint/futures-channel-96dadfa40e61a835/dep-lib-futures_channel", O_RDONLY|O_CLOEXEC) = 12
statx(12, "", AT_STATX_SYNC_AS_STAT|AT_EMPTY_PATH, STATX_ALL, {stx_mask=STATX_ALL|STATX_MNT_ID|STATX_SUBVOL, stx_attributes=0, stx_mode=S_IFREG|0644, stx_size=14, ...}) = 0
read(12, "\1\0\0\0\377\1\0\0\0\0\0\0\0\0", 14) = 14
read(12, "", 32)                        = 0
close(12)                               = 0
statx(AT_FDCWD, "/home/xolra0d/dev/databases/touchhouse/target/debug/.fingerprint/futures-channel-96dadfa40e61a835/dep-lib-futures_channel", AT_STATX_SYNC_AS_STAT, STATX_ALL, {stx_mask=STATX_ALL|STATX_MNT_ID|STATX_SUBVOL, stx_attributes=0, stx_mode=S_IFREG|0644, stx_size=14, ...}) = 0
getcwd("/home/xolra0d/dev/databases/touchhouse", 512) = 39
statx(AT_FDCWD, "/home/xolra0d/dev/databases/touchhouse/target/debug/deps/libfutures_task-ed65d84addaaa1fb.rlib", AT_STATX_SYNC_AS_STAT, STATX_ALL, {stx_mask=STATX_ALL|STATX_MNT_ID|STATX_SUBVOL, stx_attributes=0, stx_mode=S_IFREG|0644, stx_size=175864, ...}) = 0
statx(AT_FDCWD, "/home/xolra0d/dev/databases/touchhouse/target/debug/deps/libfutures_task-ed65d84addaaa1fb.rmeta", AT_STATX_SYNC_AS_STAT, STATX_ALL, {stx_mask=STATX_ALL|STATX_MNT_ID|STATX_SUBVOL, stx_attributes=0, stx_mode=S_IFREG|0644, stx_size=90862, ...}) = 0
openat(AT_FDCWD, "/home/xolra0d/dev/databases/touchhouse/target/debug/.fingerprint/futures-task-ed65d84addaaa1fb/dep-lib-futures_task", O_RDONLY|O_CLOEXEC) = 12
statx(12, "", AT_STATX_SYNC_AS_STAT|AT_EMPTY_PATH, STATX_ALL, {stx_mask=STATX_ALL|STATX_MNT_ID|STATX_SUBVOL, stx_attributes=0, stx_mode=S_IFREG|0644, stx_size=14, ...}) = 0
read(12, "\1\0\0\0\377\1\0\0\0\0\0\0\0\0", 14) = 14
read(12, "", 32)                        = 0
close(12)                               = 0
statx(AT_FDCWD, "/home/xolra0d/dev/databases/touchhouse/target/debug/.fingerprint/futures-task-ed65d84addaaa1fb/dep-lib-futures_task", AT_STATX_SYNC_AS_STAT, STATX_ALL, {stx_mask=STATX_ALL|STATX_MNT_ID|STATX_SUBVOL, stx_attributes=0, stx_mode=S_IFREG|0644, stx_size=14, ...}) = 0
getcwd("/home/xolra0d/dev/databases/touchhouse", 512) = 39
statx(AT_FDCWD, "/home/xolra0d/dev/databases/touchhouse/target/debug/deps/libfutures_io-c30d8397f181e843.rlib", AT_STATX_SYNC_AS_STAT, STATX_ALL, {stx_mask=STATX_ALL|STATX_MNT_ID|STATX_SUBVOL, stx_attributes=0, stx_mode=S_IFREG|0644, stx_size=206658, ...}) = 0
statx(AT_FDCWD, "/home/xolra0d/dev/databases/touchhouse/target/debug/deps/libfutures_io-c30d8397f181e843.rmeta", AT_STATX_SYNC_AS_STAT, STATX_ALL, {stx_mask=STATX_ALL|STATX_MNT_ID|STATX_SUBVOL, stx_attributes=0, stx_mode=S_IFREG|0644, stx_size=66745, ...}) = 0
openat(AT_FDCWD, "/home/xolra0d/dev/databases/touchhouse/target/debug/.fingerprint/futures-io-c30d8397f181e843/dep-lib-futures_io", O_RDONLY|O_CLOEXEC) = 12
statx(12, "", AT_STATX_SYNC_AS_STAT|AT_EMPTY_PATH, STATX_ALL, {stx_mask=STATX_ALL|STATX_MNT_ID|STATX_SUBVOL, stx_attributes=0, stx_mode=S_IFREG|0644, stx_size=14, ...}) = 0
read(12, "\1\0\0\0\377\1\0\0\0\0\0\0\0\0", 14) = 14
read(12, "", 32)                        = 0
close(12)                               = 0
statx(AT_FDCWD, "/home/xolra0d/dev/databases/touchhouse/target/debug/.fingerprint/futures-io-c30d8397f181e843/dep-lib-futures_io", AT_STATX_SYNC_AS_STAT, STATX_ALL, {stx_mask=STATX_ALL|STATX_MNT_ID|STATX_SUBVOL, stx_attributes=0, stx_mode=S_IFREG|0644, stx_size=14, ...}) = 0
getcwd("/home/xolra0d/dev/databases/touchhouse", 512) = 39
statx(AT_FDCWD, "/home/xolra0d/dev/databases/touchhouse/target/debug/deps/libfutures_macro-3836c120171616ca.so", AT_STATX_SYNC_AS_STAT, STATX_ALL, {stx_mask=STATX_ALL|STATX_MNT_ID|STATX_SUBVOL, stx_attributes=0, stx_mode=S_IFREG|0755, stx_size=7319568, ...}) = 0
openat(AT_FDCWD, "/home/xolra0d/dev/databases/touchhouse/target/debug/.fingerprint/futures-macro-3836c120171616ca/dep-lib-futures_macro", O_RDONLY|O_CLOEXEC) = 12
statx(12, "", AT_STATX_SYNC_AS_STAT|AT_EMPTY_PATH, STATX_ALL, {stx_mask=STATX_ALL|STATX_MNT_ID|STATX_SUBVOL, stx_attributes=0, stx_mode=S_IFREG|0644, stx_size=14, ...}) = 0
read(12, "\1\0\0\0\377\1\0\0\0\0\0\0\0\0", 14) = 14
read(12, "", 32)                        = 0
close(12)                               = 0
statx(AT_FDCWD, "/home/xolra0d/dev/databases/touchhouse/target/debug/.fingerprint/futures-macro-3836c120171616ca/dep-lib-futures_macro", AT_STATX_SYNC_AS_STAT, STATX_ALL, {stx_mask=STATX_ALL|STATX_MNT_ID|STATX_SUBVOL, stx_attributes=0, stx_mode=S_IFREG|0644, stx_size=14, ...}) = 0
getcwd("/home/xolra0d/dev/databases/touchhouse", 512) = 39
statx(AT_FDCWD, "/home/xolra0d/dev/databases/touchhouse/target/debug/deps/libpin_project_lite-2e126e1d3701b224.rlib", AT_STATX_SYNC_AS_STAT, STATX_ALL, {stx_mask=STATX_ALL|STATX_MNT_ID|STATX_SUBVOL, stx_attributes=0, stx_mode=S_IFREG|0644, stx_size=95810, ...}) = 0
statx(AT_FDCWD, "/home/xolra0d/dev/databases/touchhouse/target/debug/deps/libpin_project_lite-2e126e1d3701b224.rmeta", AT_STATX_SYNC_AS_STAT, STATX_ALL, {stx_mask=STATX_ALL|STATX_MNT_ID|STATX_SUBVOL, stx_attributes=0, stx_mode=S_IFREG|0644, stx_size=94279, ...}) = 0
openat(AT_FDCWD, "/home/xolra0d/dev/databases/touchhouse/target/debug/.fingerprint/pin-project-lite-2e126e1d3701b224/dep-lib-pin_project_lite", O_RDONLY|O_CLOEXEC) = 12
statx(12, "", AT_STATX_SYNC_AS_STAT|AT_EMPTY_PATH, STATX_ALL, {stx_mask=STATX_ALL|STATX_MNT_ID|STATX_SUBVOL, stx_attributes=0, stx_mode=S_IFREG|0644, stx_size=14, ...}) = 0
read(12, "\1\0\0\0\377\1\0\0\0\0\0\0\0\0", 14) = 14
read(12, "", 32)                        = 0
close(12)                               = 0
statx(AT_FDCWD, "/home/xolra0d/dev/databases/touchhouse/target/debug/.fingerprint/pin-project-lite-2e126e1d3701b224/dep-lib-pin_project_lite", AT_STATX_SYNC_AS_STAT, STATX_ALL, {stx_mask=STATX_ALL|STATX_MNT_ID|STATX_SUBVOL, stx_attributes=0, stx_mode=S_IFREG|0644, stx_size=14, ...}) = 0
getcwd("/home/xolra0d/dev/databases/touchhouse", 512) = 39
statx(AT_FDCWD, "/home/xolra0d/dev/databases/touchhouse/target/debug/deps/libpin_utils-073730525382c2a0.rlib", AT_STATX_SYNC_AS_STAT, STATX_ALL, {stx_mask=STATX_ALL|STATX_MNT_ID|STATX_SUBVOL, stx_attributes=0, stx_mode=S_IFREG|0644, stx_size=11052, ...}) = 0
statx(AT_FDCWD, "/home/xolra0d/dev/databases/touchhouse/target/debug/deps/libpin_utils-073730525382c2a0.rmeta", AT_STATX_SYNC_AS_STAT, STATX_ALL, {stx_mask=STATX_ALL|STATX_MNT_ID|STATX_SUBVOL, stx_attributes=0, stx_mode=S_IFREG|0644, stx_size=9534, ...}) = 0
openat(AT_FDCWD, "/home/xolra0d/dev/databases/touchhouse/target/debug/.fingerprint/pin-utils-073730525382c2a0/dep-lib-pin_utils", O_RDONLY|O_CLOEXEC) = 12
statx(12, "", AT_STATX_SYNC_AS_STAT|AT_EMPTY_PATH, STATX_ALL, {stx_mask=STATX_ALL|STATX_MNT_ID|STATX_SUBVOL, stx_attributes=0, stx_mode=S_IFREG|0644, stx_size=14, ...}) = 0
read(12, "\1\0\0\0\377\1\0\0\0\0\0\0\0\0", 14) = 14
read(12, "", 32)                        = 0
close(12)                               = 0
statx(AT_FDCWD, "/home/xolra0d/dev/databases/touchhouse/target/debug/.fingerprint/pin-utils-073730525382c2a0/dep-lib-pin_utils", AT_STATX_SYNC_AS_STAT, STATX_ALL, {stx_mask=STATX_ALL|STATX_MNT_ID|STATX_SUBVOL, stx_attributes=0, stx_mode=S_IFREG|0644, stx_size=14, ...}) = 0
getcwd("/home/xolra0d/dev/databases/touchhouse", 512) = 39
statx(AT_FDCWD, "/home/xolra0d/dev/databases/touchhouse/target/debug/deps/libslab-4d8cc6521daa22bd.rlib", AT_STATX_SYNC_AS_STAT, STATX_ALL, {stx_mask=STATX_ALL|STATX_MNT_ID|STATX_SUBVOL, stx_attributes=0, stx_mode=S_IFREG|0644, stx_size=148856, ...}) = 0
statx(AT_FDCWD, "/home/xolra0d/dev/databases/touchhouse/target/debug/deps/libslab-4d8cc6521daa22bd.rmeta", AT_STATX_SYNC_AS_STAT, STATX_ALL, {stx_mask=STATX_ALL|STATX_MNT_ID|STATX_SUBVOL, stx_attributes=0, stx_mode=S_IFREG|0644, stx_size=141989, ...}) = 0
openat(AT_FDCWD, "/home/xolra0d/dev/databases/touchhouse/target/debug/.fingerprint/slab-4d8cc6521daa22bd/dep-lib-slab", O_RDONLY|O_CLOEXEC) = 12
statx(12, "", AT_STATX_SYNC_AS_STAT|AT_EMPTY_PATH, STATX_ALL, {stx_mask=STATX_ALL|STATX_MNT_ID|STATX_SUBVOL, stx_attributes=0, stx_mode=S_IFREG|0644, stx_size=14, ...}) = 0
read(12, "\1\0\0\0\377\1\0\0\0\0\0\0\0\0", 14) = 14
read(12, "", 32)                        = 0
close(12)                               = 0
statx(AT_FDCWD, "/home/xolra0d/dev/databases/touchhouse/target/debug/.fingerprint/slab-4d8cc6521daa22bd/dep-lib-slab", AT_STATX_SYNC_AS_STAT, STATX_ALL, {stx_mask=STATX_ALL|STATX_MNT_ID|STATX_SUBVOL, stx_attributes=0, stx_mode=S_IFREG|0644, stx_size=14, ...}) = 0
getcwd("/home/xolra0d/dev/databases/touchhouse", 512) = 39
statx(AT_FDCWD, "/home/xolra0d/dev/databases/touchhouse/target/debug/deps/libfutures_util-a0b58aebd5914b2c.rlib", AT_STATX_SYNC_AS_STAT, STATX_ALL, {stx_mask=STATX_ALL|STATX_MNT_ID|STATX_SUBVOL, stx_attributes=0, stx_mode=S_IFREG|0644, stx_size=6754894, ...}) = 0
statx(AT_FDCWD, "/home/xolra0d/dev/databases/touchhouse/target/debug/deps/libfutures_util-a0b58aebd5914b2c.rmeta", AT_STATX_SYNC_AS_STAT, STATX_ALL, {stx_mask=STATX_ALL|STATX_MNT_ID|STATX_SUBVOL, stx_attributes=0, stx_mode=S_IFREG|0644, stx_size=5854910, ...}) = 0
openat(AT_FDCWD, "/home/xolra0d/dev/databases/touchhouse/target/debug/.fingerprint/futures-util-a0b58aebd5914b2c/dep-lib-futures_util", O_RDONLY|O_CLOEXEC) = 12
statx(12, "", AT_STATX_SYNC_AS_STAT|AT_EMPTY_PATH, STATX_ALL, {stx_mask=STATX_ALL|STATX_MNT_ID|STATX_SUBVOL, stx_attributes=0, stx_mode=S_IFREG|0644, stx_size=14, ...}) = 0
read(12, "\1\0\0\0\377\1\0\0\0\0\0\0\0\0", 14) = 14
read(12, "", 32)                        = 0
close(12)                               = 0
statx(AT_FDCWD, "/home/xolra0d/dev/databases/touchhouse/target/debug/.fingerprint/futures-util-a0b58aebd5914b2c/dep-lib-futures_util", AT_STATX_SYNC_AS_STAT, STATX_ALL, {stx_mask=STATX_ALL|STATX_MNT_ID|STATX_SUBVOL, stx_attributes=0, stx_mode=S_IFREG|0644, stx_size=14, ...}) = 0
getcwd("/home/xolra0d/dev/databases/touchhouse", 512) = 39
statx(AT_FDCWD, "/home/xolra0d/dev/databases/touchhouse/target/debug/deps/libfutures_executor-61bf9df273ba576f.rlib", AT_STATX_SYNC_AS_STAT, STATX_ALL, {stx_mask=STATX_ALL|STATX_MNT_ID|STATX_SUBVOL, stx_attributes=0, stx_mode=S_IFREG|0644, stx_size=864822, ...}) = 0
statx(AT_FDCWD, "/home/xolra0d/dev/databases/touchhouse/target/debug/deps/libfutures_executor-61bf9df273ba576f.rmeta", AT_STATX_SYNC_AS_STAT, STATX_ALL, {stx_mask=STATX_ALL|STATX_MNT_ID|STATX_SUBVOL, stx_attributes=0, stx_mode=S_IFREG|0644, stx_size=55522, ...}) = 0
openat(AT_FDCWD, "/home/xolra0d/dev/databases/touchhouse/target/debug/.fingerprint/futures-executor-61bf9df273ba576f/dep-lib-futures_executor", O_RDONLY|O_CLOEXEC) = 12
statx(12, "", AT_STATX_SYNC_AS_STAT|AT_EMPTY_PATH, STATX_ALL, {stx_mask=STATX_ALL|STATX_MNT_ID|STATX_SUBVOL, stx_attributes=0, stx_mode=S_IFREG|0644, stx_size=14, ...}) = 0
read(12, "\1\0\0\0\377\1\0\0\0\0\0\0\0\0", 14) = 14
read(12, "", 32)                        = 0
close(12)                               = 0
statx(AT_FDCWD, "/home/xolra0d/dev/databases/touchhouse/target/debug/.fingerprint/futures-executor-61bf9df273ba576f/dep-lib-futures_executor", AT_STATX_SYNC_AS_STAT, STATX_ALL, {stx_mask=STATX_ALL|STATX_MNT_ID|STATX_SUBVOL, stx_attributes=0, stx_mode=S_IFREG|0644, stx_size=14, ...}) = 0
getcwd("/home/xolra0d/dev/databases/touchhouse", 512) = 39
statx(AT_FDCWD, "/home/xolra0d/dev/databases/touchhouse/target/debug/deps/libfutures-90e4937ca2efdf26.rlib", AT_STATX_SYNC_AS_STAT, STATX_ALL, {stx_mask=STATX_ALL|STATX_MNT_ID|STATX_SUBVOL, stx_attributes=0, stx_mode=S_IFREG|0644, stx_size=19032, ...}) = 0
statx(AT_FDCWD, "/home/xolra0d/dev/databases/touchhouse/target/debug/deps/libfutures-90e4937ca2efdf26.rmeta", AT_STATX_SYNC_AS_STAT, STATX_ALL, {stx_mask=STATX_ALL|STATX_MNT_ID|STATX_SUBVOL, stx_attributes=0, stx_mode=S_IFREG|0644, stx_size=17524, ...}) = 0
openat(AT_FDCWD, "/home/xolra0d/dev/databases/touchhouse/target/debug/.fingerprint/futures-90e4937ca2efdf26/dep-lib-futures", O_RDONLY|O_CLOEXEC) = 12
statx(12, "", AT_STATX_SYNC_AS_STAT|AT_EMPTY_PATH, STATX_ALL, {stx_mask=STATX_ALL|STATX_MNT_ID|STATX_SUBVOL, stx_attributes=0, stx_mode=S_IFREG|0644, stx_size=14, ...}) = 0
read(12, "\1\0\0\0\377\1\0\0\0\0\0\0\0\0", 14) = 14
read(12, "", 32)                        = 0
close(12)                               = 0
statx(AT_FDCWD, "/home/xolra0d/dev/databases/touchhouse/target/debug/.fingerprint/futures-90e4937ca2efdf26/dep-lib-futures", AT_STATX_SYNC_AS_STAT, STATX_ALL, {stx_mask=STATX_ALL|STATX_MNT_ID|STATX_SUBVOL, stx_attributes=0, stx_mode=S_IFREG|0644, stx_size=14, ...}) = 0
getcwd("/home/xolra0d/dev/databases/touchhouse", 512) = 39
statx(AT_FDCWD, "/home/xolra0d/dev/databases/touchhouse/target/debug/deps/libfind_msvc_tools-7abcf6e736b4452f.rlib", AT_STATX_SYNC_AS_STAT, STATX_ALL, {stx_mask=STATX_ALL|STATX_MNT_ID|STATX_SUBVOL, stx_attributes=0, stx_mode=S_IFREG|0644, stx_size=305098, ...}) = 0
statx(AT_FDCWD, "/home/xolra0d/dev/databases/touchhouse/target/debug/deps/libfind_msvc_tools-7abcf6e736b4452f.rmeta", AT_STATX_SYNC_AS_STAT, STATX_ALL, {stx_mask=STATX_ALL|STATX_MNT_ID|STATX_SUBVOL, stx_attributes=0, stx_mode=S_IFREG|0644, stx_size=45116, ...}) = 0
openat(AT_FDCWD, "/home/xolra0d/dev/databases/touchhouse/target/debug/.fingerprint/find-msvc-tools-7abcf6e736b4452f/dep-lib-find_msvc_tools", O_RDONLY|O_CLOEXEC) = 12
statx(12, "", AT_STATX_SYNC_AS_STAT|AT_EMPTY_PATH, STATX_ALL, {stx_mask=STATX_ALL|STATX_MNT_ID|STATX_SUBVOL, stx_attributes=0, stx_mode=S_IFREG|0644, stx_size=14, ...}) = 0
read(12, "\1\0\0\0\377\1\0\0\0\0\0\0\0\0", 14) = 14
read(12, "", 32)                        = 0
close(12)                               = 0
statx(AT_FDCWD, "/home/xolra0d/dev/databases/touchhouse/target/debug/.fingerprint/find-msvc-tools-7abcf6e736b4452f/dep-lib-find_msvc_tools", AT_STATX_SYNC_AS_STAT, STATX_ALL, {stx_mask=STATX_ALL|STATX_MNT_ID|STATX_SUBVOL, stx_attributes=0, stx_mode=S_IFREG|0644, stx_size=14, ...}) = 0
getcwd("/home/xolra0d/dev/databases/touchhouse", 512) = 39
statx(AT_FDCWD, "/home/xolra0d/dev/databases/touchhouse/target/debug/deps/libshlex-3b90976fe851454e.rlib", AT_STATX_SYNC_AS_STAT, STATX_ALL, {stx_mask=STATX_ALL|STATX_MNT_ID|STATX_SUBVOL, stx_attributes=0, stx_mode=S_IFREG|0644, stx_size=134230, ...}) = 0
statx(AT_FDCWD, "/home/xolra0d/dev/databases/touchhouse/target/debug/deps/libshlex-3b90976fe851454e.rmeta", AT_STATX_SYNC_AS_STAT, STATX_ALL, {stx_mask=STATX_ALL|STATX_MNT_ID|STATX_SUBVOL, stx_attributes=0, stx_mode=S_IFREG|0644, stx_size=52755, ...}) = 0
openat(AT_FDCWD, "/home/xolra0d/dev/databases/touchhouse/target/debug/.fingerprint/shlex-3b90976fe851454e/dep-lib-shlex", O_RDONLY|O_CLOEXEC) = 12
statx(12, "", AT_STATX_SYNC_AS_STAT|AT_EMPTY_PATH, STATX_ALL, {stx_mask=STATX_ALL|STATX_MNT_ID|STATX_SUBVOL, stx_attributes=0, stx_mode=S_IFREG|0644, stx_size=14, ...}) = 0
read(12, "\1\0\0\0\377\1\0\0\0\0\0\0\0\0", 14) = 14
read(12, "", 32)                        = 0
close(12)                               = 0
statx(AT_FDCWD, "/home/xolra0d/dev/databases/touchhouse/target/debug/.fingerprint/shlex-3b90976fe851454e/dep-lib-shlex", AT_STATX_SYNC_AS_STAT, STATX_ALL, {stx_mask=STATX_ALL|STATX_MNT_ID|STATX_SUBVOL, stx_attributes=0, stx_mode=S_IFREG|0644, stx_size=14, ...}) = 0
getcwd("/home/xolra0d/dev/databases/touchhouse", 512) = 39
statx(AT_FDCWD, "/home/xolra0d/dev/databases/touchhouse/target/debug/deps/libcc-26a351ee80f4ae87.rlib", AT_STATX_SYNC_AS_STAT, STATX_ALL, {stx_mask=STATX_ALL|STATX_MNT_ID|STATX_SUBVOL, stx_attributes=0, stx_mode=S_IFREG|0644, stx_size=2842150, ...}) = 0
statx(AT_FDCWD, "/home/xolra0d/dev/databases/touchhouse/target/debug/deps/libcc-26a351ee80f4ae87.rmeta", AT_STATX_SYNC_AS_STAT, STATX_ALL, {stx_mask=STATX_ALL|STATX_MNT_ID|STATX_SUBVOL, stx_attributes=0, stx_mode=S_IFREG|0644, stx_size=408620, ...}) = 0
openat(AT_FDCWD, "/home/xolra0d/dev/databases/touchhouse/target/debug/.fingerprint/cc-26a351ee80f4ae87/dep-lib-cc", O_RDONLY|O_CLOEXEC) = 12
statx(12, "", AT_STATX_SYNC_AS_STAT|AT_EMPTY_PATH, STATX_ALL, {stx_mask=STATX_ALL|STATX_MNT_ID|STATX_SUBVOL, stx_attributes=0, stx_mode=S_IFREG|0644, stx_size=14, ...}) = 0
read(12, "\1\0\0\0\377\1\0\0\0\0\0\0\0\0", 14) = 14
read(12, "", 32)                        = 0
close(12)                               = 0
statx(AT_FDCWD, "/home/xolra0d/dev/databases/touchhouse/target/debug/.fingerprint/cc-26a351ee80f4ae87/dep-lib-cc", AT_STATX_SYNC_AS_STAT, STATX_ALL, {stx_mask=STATX_ALL|STATX_MNT_ID|STATX_SUBVOL, stx_attributes=0, stx_mode=S_IFREG|0644, stx_size=14, ...}) = 0
getcwd("/home/xolra0d/dev/databases/touchhouse", 512) = 39
statx(AT_FDCWD, "/home/xolra0d/dev/databases/touchhouse/target/debug/build/lz4-sys-cc8226347c842b2e/build_script_build-cc8226347c842b2e", AT_STATX_SYNC_AS_STAT, STATX_ALL, {stx_mask=STATX_ALL|STATX_MNT_ID|STATX_SUBVOL, stx_attributes=0, stx_mode=S_IFREG|0755, stx_size=5094936, ...}) = 0
openat(AT_FDCWD, "/home/xolra0d/dev/databases/touchhouse/target/debug/.fingerprint/lz4-sys-cc8226347c842b2e/dep-build-script-build-script-build", O_RDONLY|O_CLOEXEC) = 12
statx(12, "", AT_STATX_SYNC_AS_STAT|AT_EMPTY_PATH, STATX_ALL, {stx_mask=STATX_ALL|STATX_MNT_ID|STATX_SUBVOL, stx_attributes=0, stx_mode=S_IFREG|0644, stx_size=14, ...}) = 0
read(12, "\1\0\0\0\377\1\0\0\0\0\0\0\0\0", 14) = 14
read(12, "", 32)                        = 0
close(12)                               = 0
statx(AT_FDCWD, "/home/xolra0d/dev/databases/touchhouse/target/debug/.fingerprint/lz4-sys-cc8226347c842b2e/dep-build-script-build-script-build", AT_STATX_SYNC_AS_STAT, STATX_ALL, {stx_mask=STATX_ALL|STATX_MNT_ID|STATX_SUBVOL, stx_attributes=0, stx_mode=S_IFREG|0644, stx_size=14, ...}) = 0
getcwd("/home/xolra0d/dev/databases/touchhouse", 512) = 39
statx(AT_FDCWD, "/home/xolra0d/dev/databases/touchhouse/target/debug/build/lz4-sys-e2c8bf07f85ed6cb/output", AT_STATX_SYNC_AS_STAT, STATX_ALL, {stx_mask=STATX_ALL|STATX_MNT_ID|STATX_SUBVOL, stx_attributes=0, stx_mode=S_IFREG|0644, stx_size=1936, ...}) = 0
statx(AT_FDCWD, "/home/xolra0d/dev/databases/touchhouse/target/debug/deps/liblz4_sys-3b8cce267f53af1b.rlib", AT_STATX_SYNC_AS_STAT, STATX_ALL, {stx_mask=STATX_ALL|STATX_MNT_ID|STATX_SUBVOL, stx_attributes=0, stx_mode=S_IFREG|0644, stx_size=4421238, ...}) = 0
statx(AT_FDCWD, "/home/xolra0d/dev/databases/touchhouse/target/debug/deps/liblz4_sys-3b8cce267f53af1b.rmeta", AT_STATX_SYNC_AS_STAT, STATX_ALL, {stx_mask=STATX_ALL|STATX_MNT_ID|STATX_SUBVOL, stx_attributes=0, stx_mode=S_IFREG|0644, stx_size=41875, ...}) = 0
openat(AT_FDCWD, "/home/xolra0d/dev/databases/touchhouse/target/debug/.fingerprint/lz4-sys-3b8cce267f53af1b/dep-lib-lz4_sys", O_RDONLY|O_CLOEXEC) = 12
statx(12, "", AT_STATX_SYNC_AS_STAT|AT_EMPTY_PATH, STATX_ALL, {stx_mask=STATX_ALL|STATX_MNT_ID|STATX_SUBVOL, stx_attributes=0, stx_mode=S_IFREG|0644, stx_size=14, ...}) = 0
read(12, "\1\0\0\0\377\1\0\0\0\0\0\0\0\0", 14) = 14
read(12, "", 32)                        = 0
close(12)                               = 0
statx(AT_FDCWD, "/home/xolra0d/dev/databases/touchhouse/target/debug/.fingerprint/lz4-sys-3b8cce267f53af1b/dep-lib-lz4_sys", AT_STATX_SYNC_AS_STAT, STATX_ALL, {stx_mask=STATX_ALL|STATX_MNT_ID|STATX_SUBVOL, stx_attributes=0, stx_mode=S_IFREG|0644, stx_size=14, ...}) = 0
getcwd("/home/xolra0d/dev/databases/touchhouse", 512) = 39
statx(AT_FDCWD, "/home/xolra0d/dev/databases/touchhouse/target/debug/deps/liblz4-d28c61803ac2d7bd.rlib", AT_STATX_SYNC_AS_STAT, STATX_ALL, {stx_mask=STATX_ALL|STATX_MNT_ID|STATX_SUBVOL, stx_attributes=0, stx_mode=S_IFREG|0644, stx_size=291686, ...}) = 0
statx(AT_FDCWD, "/home/xolra0d/dev/databases/touchhouse/target/debug/deps/liblz4-d28c61803ac2d7bd.rmeta", AT_STATX_SYNC_AS_STAT, STATX_ALL, {stx_mask=STATX_ALL|STATX_MNT_ID|STATX_SUBVOL, stx_attributes=0, stx_mode=S_IFREG|0644, stx_size=73526, ...}) = 0
openat(AT_FDCWD, "/home/xolra0d/dev/databases/touchhouse/target/debug/.fingerprint/lz4-d28c61803ac2d7bd/dep-lib-lz4", O_RDONLY|O_CLOEXEC) = 12
statx(12, "", AT_STATX_SYNC_AS_STAT|AT_EMPTY_PATH, STATX_ALL, {stx_mask=STATX_ALL|STATX_MNT_ID|STATX_SUBVOL, stx_attributes=0, stx_mode=S_IFREG|0644, stx_size=14, ...}) = 0
read(12, "\1\0\0\0\377\1\0\0\0\0\0\0\0\0", 14) = 14
read(12, "", 32)                        = 0
close(12)                               = 0
statx(AT_FDCWD, "/home/xolra0d/dev/databases/touchhouse/target/debug/.fingerprint/lz4-d28c61803ac2d7bd/dep-lib-lz4", AT_STATX_SYNC_AS_STAT, STATX_ALL, {stx_mask=STATX_ALL|STATX_MNT_ID|STATX_SUBVOL, stx_attributes=0, stx_mode=S_IFREG|0644, stx_size=14, ...}) = 0
getcwd("/home/xolra0d/dev/databases/touchhouse", 512) = 39
statx(AT_FDCWD, "/home/xolra0d/dev/databases/touchhouse/target/debug/deps/libmemmap2-bfc3934b8ce5ded7.rlib", AT_STATX_SYNC_AS_STAT, STATX_ALL, {stx_mask=STATX_ALL|STATX_MNT_ID|STATX_SUBVOL, stx_attributes=0, stx_mode=S_IFREG|0644, stx_size=363176, ...}) = 0
statx(AT_FDCWD, "/home/xolra0d/dev/databases/touchhouse/target/debug/deps/libmemmap2-bfc3934b8ce5ded7.rmeta", AT_STATX_SYNC_AS_STAT, STATX_ALL, {stx_mask=STATX_ALL|STATX_MNT_ID|STATX_SUBVOL, stx_attributes=0, stx_mode=S_IFREG|0644, stx_size=143441, ...}) = 0
openat(AT_FDCWD, "/home/xolra0d/dev/databases/touchhouse/target/debug/.fingerprint/memmap2-bfc3934b8ce5ded7/dep-lib-memmap2", O_RDONLY|O_CLOEXEC) = 12
statx(12, "", AT_STATX_SYNC_AS_STAT|AT_EMPTY_PATH, STATX_ALL, {stx_mask=STATX_ALL|STATX_MNT_ID|STATX_SUBVOL, stx_attributes=0, stx_mode=S_IFREG|0644, stx_size=14, ...}) = 0
read(12, "\1\0\0\0\377\1\0\0\0\0\0\0\0\0", 14) = 14
read(12, "", 32)                        = 0
close(12)                               = 0
statx(AT_FDCWD, "/home/xolra0d/dev/databases/touchhouse/target/debug/.fingerprint/memmap2-bfc3934b8ce5ded7/dep-lib-memmap2", AT_STATX_SYNC_AS_STAT, STATX_ALL, {stx_mask=STATX_ALL|STATX_MNT_ID|STATX_SUBVOL, stx_attributes=0, stx_mode=S_IFREG|0644, stx_size=14, ...}) = 0
getcwd("/home/xolra0d/dev/databases/touchhouse", 512) = 39
statx(AT_FDCWD, "/home/xolra0d/dev/databases/touchhouse/target/debug/deps/libeither-759c95520ab132d8.rlib", AT_STATX_SYNC_AS_STAT, STATX_ALL, {stx_mask=STATX_ALL|STATX_MNT_ID|STATX_SUBVOL, stx_attributes=0, stx_mode=S_IFREG|0644, stx_size=195934, ...}) = 0
statx(AT_FDCWD, "/home/xolra0d/dev/databases/touchhouse/target/debug/deps/libeither-759c95520ab132d8.rmeta", AT_STATX_SYNC_AS_STAT, STATX_ALL, {stx_mask=STATX_ALL|STATX_MNT_ID|STATX_SUBVOL, stx_attributes=0, stx_mode=S_IFREG|0644, stx_size=194432, ...}) = 0
openat(AT_FDCWD, "/home/xolra0d/dev/databases/touchhouse/target/debug/.fingerprint/either-759c95520ab132d8/dep-lib-either", O_RDONLY|O_CLOEXEC) = 12
statx(12, "", AT_STATX_SYNC_AS_STAT|AT_EMPTY_PATH, STATX_ALL, {stx_mask=STATX_ALL|STATX_MNT_ID|STATX_SUBVOL, stx_attributes=0, stx_mode=S_IFREG|0644, stx_size=14, ...}) = 0
read(12, "\1\0\0\0\377\1\0\0\0\0\0\0\0\0", 14) = 14
read(12, "", 32)                        = 0
close(12)                               = 0
statx(AT_FDCWD, "/home/xolra0d/dev/databases/touchhouse/target/debug/.fingerprint/either-759c95520ab132d8/dep-lib-either", AT_STATX_SYNC_AS_STAT, STATX_ALL, {stx_mask=STATX_ALL|STATX_MNT_ID|STATX_SUBVOL, stx_attributes=0, stx_mode=S_IFREG|0644, stx_size=14, ...}) = 0
getcwd("/home/xolra0d/dev/databases/touchhouse", 512) = 39
statx(AT_FDCWD, "/home/xolra0d/dev/databases/touchhouse/target/debug/deps/libcrossbeam_epoch-3f303a1308604a37.rlib", AT_STATX_SYNC_AS_STAT, STATX_ALL, {stx_mask=STATX_ALL|STATX_MNT_ID|STATX_SUBVOL, stx_attributes=0, stx_mode=S_IFREG|0644, stx_size=858500, ...}) = 0
statx(AT_FDCWD, "/home/xolra0d/dev/databases/touchhouse/target/debug/deps/libcrossbeam_epoch-3f303a1308604a37.rmeta", AT_STATX_SYNC_AS_STAT, STATX_ALL, {stx_mask=STATX_ALL|STATX_MNT_ID|STATX_SUBVOL, stx_attributes=0, stx_mode=S_IFREG|0644, stx_size=323286, ...}) = 0
openat(AT_FDCWD, "/home/xolra0d/dev/databases/touchhouse/target/debug/.fingerprint/crossbeam-epoch-3f303a1308604a37/dep-lib-crossbeam_epoch", O_RDONLY|O_CLOEXEC) = 12
statx(12, "", AT_STATX_SYNC_AS_STAT|AT_EMPTY_PATH, STATX_ALL, {stx_mask=STATX_ALL|STATX_MNT_ID|STATX_SUBVOL, stx_attributes=0, stx_mode=S_IFREG|0644, stx_size=14, ...}) = 0
read(12, "\1\0\0\0\377\1\0\0\0\0\0\0\0\0", 14) = 14
read(12, "", 32)                        = 0
close(12)                               = 0
statx(AT_FDCWD, "/home/xolra0d/dev/databases/touchhouse/target/debug/.fingerprint/crossbeam-epoch-3f303a1308604a37/dep-lib-crossbeam_epoch", AT_STATX_SYNC_AS_STAT, STATX_ALL, {stx_mask=STATX_ALL|STATX_MNT_ID|STATX_SUBVOL, stx_attributes=0, stx_mode=S_IFREG|0644, stx_size=14, ...}) = 0
getcwd("/home/xolra0d/dev/databases/touchhouse", 512) = 39
statx(AT_FDCWD, "/home/xolra0d/dev/databases/touchhouse/target/debug/deps/libcrossbeam_deque-6995d016e26db07f.rlib", AT_STATX_SYNC_AS_STAT, STATX_ALL, {stx_mask=STATX_ALL|STATX_MNT_ID|STATX_SUBVOL, stx_attributes=0, stx_mode=S_IFREG|0644, stx_size=183224, ...}) = 0
statx(AT_FDCWD, "/home/xolra0d/dev/databases/touchhouse/target/debug/deps/libcrossbeam_deque-6995d016e26db07f.rmeta", AT_STATX_SYNC_AS_STAT, STATX_ALL, {stx_mask=STATX_ALL|STATX_MNT_ID|STATX_SUBVOL, stx_attributes=0, stx_mode=S_IFREG|0644, stx_size=181696, ...}) = 0
openat(AT_FDCWD, "/home/xolra0d/dev/databases/touchhouse/target/debug/.fingerprint/crossbeam-deque-6995d016e26db07f/dep-lib-crossbeam_deque", O_RDONLY|O_CLOEXEC) = 12
statx(12, "", AT_STATX_SYNC_AS_STAT|AT_EMPTY_PATH, STATX_ALL, {stx_mask=STATX_ALL|STATX_MNT_ID|STATX_SUBVOL, stx_attributes=0, stx_mode=S_IFREG|0644, stx_size=14, ...}) = 0
read(12, "\1\0\0\0\377\1\0\0\0\0\0\0\0\0", 14) = 14
read(12, "", 32)                        = 0
close(12)                               = 0
statx(AT_FDCWD, "/home/xolra0d/dev/databases/touchhouse/target/debug/.fingerprint/crossbeam-deque-6995d016e26db07f/dep-lib-crossbeam_deque", AT_STATX_SYNC_AS_STAT, STATX_ALL, {stx_mask=STATX_ALL|STATX_MNT_ID|STATX_SUBVOL, stx_attributes=0, stx_mode=S_IFREG|0644, stx_size=14, ...}) = 0
getcwd("/home/xolra0d/dev/databases/touchhouse", 512) = 39
statx(AT_FDCWD, "/home/xolra0d/dev/databases/touchhouse/target/debug/build/rayon-core-1bc1ef21b7aae4c0/build_script_build-1bc1ef21b7aae4c0", AT_STATX_SYNC_AS_STAT, STATX_ALL, {stx_mask=STATX_ALL|STATX_MNT_ID|STATX_SUBVOL, stx_attributes=0, stx_mode=S_IFREG|0755, stx_size=3878200, ...}) = 0
openat(AT_FDCWD, "/home/xolra0d/dev/databases/touchhouse/target/debug/.fingerprint/rayon-core-1bc1ef21b7aae4c0/dep-build-script-build-script-build", O_RDONLY|O_CLOEXEC) = 12
statx(12, "", AT_STATX_SYNC_AS_STAT|AT_EMPTY_PATH, STATX_ALL, {stx_mask=STATX_ALL|STATX_MNT_ID|STATX_SUBVOL, stx_attributes=0, stx_mode=S_IFREG|0644, stx_size=14, ...}) = 0
read(12, "\1\0\0\0\377\1\0\0\0\0\0\0\0\0", 14) = 14
read(12, "", 32)                        = 0
close(12)                               = 0
statx(AT_FDCWD, "/home/xolra0d/dev/databases/touchhouse/target/debug/.fingerprint/rayon-core-1bc1ef21b7aae4c0/dep-build-script-build-script-build", AT_STATX_SYNC_AS_STAT, STATX_ALL, {stx_mask=STATX_ALL|STATX_MNT_ID|STATX_SUBVOL, stx_attributes=0, stx_mode=S_IFREG|0644, stx_size=14, ...}) = 0
getcwd("/home/xolra0d/dev/databases/touchhouse", 512) = 39
statx(AT_FDCWD, "/home/xolra0d/dev/databases/touchhouse/target/debug/build/rayon-core-c8581eef8cc27647/output", AT_STATX_SYNC_AS_STAT, STATX_ALL, {stx_mask=STATX_ALL|STATX_MNT_ID|STATX_SUBVOL, stx_attributes=0, stx_mode=S_IFREG|0644, stx_size=32, ...}) = 0
statx(AT_FDCWD, "/home/xolra0d/dev/databases/touchhouse/target/debug/build/rayon-core-c8581eef8cc27647/output", AT_STATX_SYNC_AS_STAT, STATX_ALL, {stx_mask=STATX_ALL|STATX_MNT_ID|STATX_SUBVOL, stx_attributes=0, stx_mode=S_IFREG|0644, stx_size=32, ...}) = 0
getcwd("/home/xolra0d/dev/databases/touchhouse", 512) = 39
statx(AT_FDCWD, "/home/xolra0d/dev/databases/touchhouse/target/debug/deps/librayon_core-af936d5901b0fce8.rlib", AT_STATX_SYNC_AS_STAT, STATX_ALL, {stx_mask=STATX_ALL|STATX_MNT_ID|STATX_SUBVOL, stx_attributes=0, stx_mode=S_IFREG|0644, stx_size=3300882, ...}) = 0
statx(AT_FDCWD, "/home/xolra0d/dev/databases/touchhouse/target/debug/deps/librayon_core-af936d5901b0fce8.rmeta", AT_STATX_SYNC_AS_STAT, STATX_ALL, {stx_mask=STATX_ALL|STATX_MNT_ID|STATX_SUBVOL, stx_attributes=0, stx_mode=S_IFREG|0644, stx_size=481902, ...}) = 0
openat(AT_FDCWD, "/home/xolra0d/dev/databases/touchhouse/target/debug/.fingerprint/rayon-core-af936d5901b0fce8/dep-lib-rayon_core", O_RDONLY|O_CLOEXEC) = 12
statx(12, "", AT_STATX_SYNC_AS_STAT|AT_EMPTY_PATH, STATX_ALL, {stx_mask=STATX_ALL|STATX_MNT_ID|STATX_SUBVOL, stx_attributes=0, stx_mode=S_IFREG|0644, stx_size=14, ...}) = 0
read(12, "\1\0\0\0\377\1\0\0\0\0\0\0\0\0", 14) = 14
read(12, "", 32)                        = 0
close(12)                               = 0
statx(AT_FDCWD, "/home/xolra0d/dev/databases/touchhouse/target/debug/.fingerprint/rayon-core-af936d5901b0fce8/dep-lib-rayon_core", AT_STATX_SYNC_AS_STAT, STATX_ALL, {stx_mask=STATX_ALL|STATX_MNT_ID|STATX_SUBVOL, stx_attributes=0, stx_mode=S_IFREG|0644, stx_size=14, ...}) = 0
getcwd("/home/xolra0d/dev/databases/touchhouse", 512) = 39
statx(AT_FDCWD, "/home/xolra0d/dev/databases/touchhouse/target/debug/deps/librayon-326a8135345a47f9.rlib", AT_STATX_SYNC_AS_STAT, STATX_ALL, {stx_mask=STATX_ALL|STATX_MNT_ID|STATX_SUBVOL, stx_attributes=0, stx_mode=S_IFREG|0644, stx_size=4770362, ...}) = 0
statx(AT_FDCWD, "/home/xolra0d/dev/databases/touchhouse/target/debug/deps/librayon-326a8135345a47f9.rmeta", AT_STATX_SYNC_AS_STAT, STATX_ALL, {stx_mask=STATX_ALL|STATX_MNT_ID|STATX_SUBVOL, stx_attributes=0, stx_mode=S_IFREG|0644, stx_size=4019508, ...}) = 0
openat(AT_FDCWD, "/home/xolra0d/dev/databases/touchhouse/target/debug/.fingerprint/rayon-326a8135345a47f9/dep-lib-rayon", O_RDONLY|O_CLOEXEC) = 12
statx(12, "", AT_STATX_SYNC_AS_STAT|AT_EMPTY_PATH, STATX_ALL, {stx_mask=STATX_ALL|STATX_MNT_ID|STATX_SUBVOL, stx_attributes=0, stx_mode=S_IFREG|0644, stx_size=14, ...}) = 0
read(12, "\1\0\0\0\377\1\0\0\0\0\0\0\0\0", 14) = 14
read(12, "", 32)                        = 0
close(12)                               = 0
statx(AT_FDCWD, "/home/xolra0d/dev/databases/touchhouse/target/debug/.fingerprint/rayon-326a8135345a47f9/dep-lib-rayon", AT_STATX_SYNC_AS_STAT, STATX_ALL, {stx_mask=STATX_ALL|STATX_MNT_ID|STATX_SUBVOL, stx_attributes=0, stx_mode=S_IFREG|0644, stx_size=14, ...}) = 0
getcwd("/home/xolra0d/dev/databases/touchhouse", 512) = 39
statx(AT_FDCWD, "/home/xolra0d/dev/databases/touchhouse/target/debug/deps/libbytecheck_derive-3b815607574d7eff.so", AT_STATX_SYNC_AS_STAT, STATX_ALL, {stx_mask=STATX_ALL|STATX_MNT_ID|STATX_SUBVOL, stx_attributes=0, stx_mode=S_IFREG|0755, stx_size=7522224, ...}) = 0
openat(AT_FDCWD, "/home/xolra0d/dev/databases/touchhouse/target/debug/.fingerprint/bytecheck_derive-3b815607574d7eff/dep-lib-bytecheck_derive", O_RDONLY|O_CLOEXEC) = 12
statx(12, "", AT_STATX_SYNC_AS_STAT|AT_EMPTY_PATH, STATX_ALL, {stx_mask=STATX_ALL|STATX_MNT_ID|STATX_SUBVOL, stx_attributes=0, stx_mode=S_IFREG|0644, stx_size=14, ...}) = 0
read(12, "\1\0\0\0\377\1\0\0\0\0\0\0\0\0", 14) = 14
read(12, "", 32)                        = 0
close(12)                               = 0
statx(AT_FDCWD, "/home/xolra0d/dev/databases/touchhouse/target/debug/.fingerprint/bytecheck_derive-3b815607574d7eff/dep-lib-bytecheck_derive", AT_STATX_SYNC_AS_STAT, STATX_ALL, {stx_mask=STATX_ALL|STATX_MNT_ID|STATX_SUBVOL, stx_attributes=0, stx_mode=S_IFREG|0644, stx_size=14, ...}) = 0
getcwd("/home/xolra0d/dev/databases/touchhouse", 512) = 39
statx(AT_FDCWD, "/home/xolra0d/dev/databases/touchhouse/target/debug/deps/libptr_meta_derive-af962ff10cf8b15b.so", AT_STATX_SYNC_AS_STAT, STATX_ALL, {stx_mask=STATX_ALL|STATX_MNT_ID|STATX_SUBVOL, stx_attributes=0, stx_mode=S_IFREG|0755, stx_size=7389464, ...}) = 0
openat(AT_FDCWD, "/home/xolra0d/dev/databases/touchhouse/target/debug/.fingerprint/ptr_meta_derive-af962ff10cf8b15b/dep-lib-ptr_meta_derive", O_RDONLY|O_CLOEXEC) = 12
statx(12, "", AT_STATX_SYNC_AS_STAT|AT_EMPTY_PATH, STATX_ALL, {stx_mask=STATX_ALL|STATX_MNT_ID|STATX_SUBVOL, stx_attributes=0, stx_mode=S_IFREG|0644, stx_size=14, ...}) = 0
read(12, "\1\0\0\0\377\1\0\0\0\0\0\0\0\0", 14) = 14
read(12, "", 32)                        = 0
close(12)                               = 0
statx(AT_FDCWD, "/home/xolra0d/dev/databases/touchhouse/target/debug/.fingerprint/ptr_meta_derive-af962ff10cf8b15b/dep-lib-ptr_meta_derive", AT_STATX_SYNC_AS_STAT, STATX_ALL, {stx_mask=STATX_ALL|STATX_MNT_ID|STATX_SUBVOL, stx_attributes=0, stx_mode=S_IFREG|0644, stx_size=14, ...}) = 0
getcwd("/home/xolra0d/dev/databases/touchhouse", 512) = 39
statx(AT_FDCWD, "/home/xolra0d/dev/databases/touchhouse/target/debug/deps/libptr_meta-ffb0ca94c49728c3.rlib", AT_STATX_SYNC_AS_STAT, STATX_ALL, {stx_mask=STATX_ALL|STATX_MNT_ID|STATX_SUBVOL, stx_attributes=0, stx_mode=S_IFREG|0644, stx_size=38322, ...}) = 0
statx(AT_FDCWD, "/home/xolra0d/dev/databases/touchhouse/target/debug/deps/libptr_meta-ffb0ca94c49728c3.rmeta", AT_STATX_SYNC_AS_STAT, STATX_ALL, {stx_mask=STATX_ALL|STATX_MNT_ID|STATX_SUBVOL, stx_attributes=0, stx_mode=S_IFREG|0644, stx_size=36813, ...}) = 0
openat(AT_FDCWD, "/home/xolra0d/dev/databases/touchhouse/target/debug/.fingerprint/ptr_meta-ffb0ca94c49728c3/dep-lib-ptr_meta", O_RDONLY|O_CLOEXEC) = 12
statx(12, "", AT_STATX_SYNC_AS_STAT|AT_EMPTY_PATH, STATX_ALL, {stx_mask=STATX_ALL|STATX_MNT_ID|STATX_SUBVOL, stx_attributes=0, stx_mode=S_IFREG|0644, stx_size=14, ...}) = 0
read(12, "\1\0\0\0\377\1\0\0\0\0\0\0\0\0", 14) = 14
read(12, "", 32)                        = 0
close(12)                               = 0
statx(AT_FDCWD, "/home/xolra0d/dev/databases/touchhouse/target/debug/.fingerprint/ptr_meta-ffb0ca94c49728c3/dep-lib-ptr_meta", AT_STATX_SYNC_AS_STAT, STATX_ALL, {stx_mask=STATX_ALL|STATX_MNT_ID|STATX_SUBVOL, stx_attributes=0, stx_mode=S_IFREG|0644, stx_size=14, ...}) = 0
getcwd("/home/xolra0d/dev/databases/touchhouse", 512) = 39
statx(AT_FDCWD, "/home/xolra0d/dev/databases/touchhouse/target/debug/deps/librancor-64f671c61b06b3fa.rlib", AT_STATX_SYNC_AS_STAT, STATX_ALL, {stx_mask=STATX_ALL|STATX_MNT_ID|STATX_SUBVOL, stx_attributes=0, stx_mode=S_IFREG|0644, stx_size=138874, ...}) = 0
statx(AT_FDCWD, "/home/xolra0d/dev/databases/touchhouse/target/debug/deps/librancor-64f671c61b06b3fa.rmeta", AT_STATX_SYNC_AS_STAT, STATX_ALL, {stx_mask=STATX_ALL|STATX_MNT_ID|STATX_SUBVOL, stx_attributes=0, stx_mode=S_IFREG|0644, stx_size=89738, ...}) = 0
openat(AT_FDCWD, "/home/xolra0d/dev/databases/touchhouse/target/debug/.fingerprint/rancor-64f671c61b06b3fa/dep-lib-rancor", O_RDONLY|O_CLOEXEC) = 12
statx(12, "", AT_STATX_SYNC_AS_STAT|AT_EMPTY_PATH, STATX_ALL, {stx_mask=STATX_ALL|STATX_MNT_ID|STATX_SUBVOL, stx_attributes=0, stx_mode=S_IFREG|0644, stx_size=14, ...}) = 0
read(12, "\1\0\0\0\377\1\0\0\0\0\0\0\0\0", 14) = 14
read(12, "", 32)                        = 0
close(12)                               = 0
statx(AT_FDCWD, "/home/xolra0d/dev/databases/touchhouse/target/debug/.fingerprint/rancor-64f671c61b06b3fa/dep-lib-rancor", AT_STATX_SYNC_AS_STAT, STATX_ALL, {stx_mask=STATX_ALL|STATX_MNT_ID|STATX_SUBVOL, stx_attributes=0, stx_mode=S_IFREG|0644, stx_size=14, ...}) = 0
getcwd("/home/xolra0d/dev/databases/touchhouse", 512) = 39
statx(AT_FDCWD, "/home/xolra0d/dev/databases/touchhouse/target/debug/deps/libsimdutf8-3d9ea1debb77eb74.rlib", AT_STATX_SYNC_AS_STAT, STATX_ALL, {stx_mask=STATX_ALL|STATX_MNT_ID|STATX_SUBVOL, stx_attributes=0, stx_mode=S_IFREG|0644, stx_size=143366, ...}) = 0
statx(AT_FDCWD, "/home/xolra0d/dev/databases/touchhouse/target/debug/deps/libsimdutf8-3d9ea1debb77eb74.rmeta", AT_STATX_SYNC_AS_STAT, STATX_ALL, {stx_mask=STATX_ALL|STATX_MNT_ID|STATX_SUBVOL, stx_attributes=0, stx_mode=S_IFREG|0644, stx_size=121436, ...}) = 0
openat(AT_FDCWD, "/home/xolra0d/dev/databases/touchhouse/target/debug/.fingerprint/simdutf8-3d9ea1debb77eb74/dep-lib-simdutf8", O_RDONLY|O_CLOEXEC) = 12
statx(12, "", AT_STATX_SYNC_AS_STAT|AT_EMPTY_PATH, STATX_ALL, {stx_mask=STATX_ALL|STATX_MNT_ID|STATX_SUBVOL, stx_attributes=0, stx_mode=S_IFREG|0644, stx_size=14, ...}) = 0
read(12, "\1\0\0\0\377\1\0\0\0\0\0\0\0\0", 14) = 14
read(12, "", 32)                        = 0
close(12)                               = 0
statx(AT_FDCWD, "/home/xolra0d/dev/databases/touchhouse/target/debug/.fingerprint/simdutf8-3d9ea1debb77eb74/dep-lib-simdutf8", AT_STATX_SYNC_AS_STAT, STATX_ALL, {stx_mask=STATX_ALL|STATX_MNT_ID|STATX_SUBVOL, stx_attributes=0, stx_mode=S_IFREG|0644, stx_size=14, ...}) = 0
getcwd("/home/xolra0d/dev/databases/touchhouse", 512) = 39
statx(AT_FDCWD, "/home/xolra0d/dev/databases/touchhouse/target/debug/build/getrandom-c202808f8e6e5002/build_script_build-c202808f8e6e5002", AT_STATX_SYNC_AS_STAT, STATX_ALL, {stx_mask=STATX_ALL|STATX_MNT_ID|STATX_SUBVOL, stx_attributes=0, stx_mode=S_IFREG|0755, stx_size=4028872, ...}) = 0
openat(AT_FDCWD, "/home/xolra0d/dev/databases/touchhouse/target/debug/.fingerprint/getrandom-c202808f8e6e5002/dep-build-script-build-script-build", O_RDONLY|O_CLOEXEC) = 12
statx(12, "", AT_STATX_SYNC_AS_STAT|AT_EMPTY_PATH, STATX_ALL, {stx_mask=STATX_ALL|STATX_MNT_ID|STATX_SUBVOL, stx_attributes=0, stx_mode=S_IFREG|0644, stx_size=14, ...}) = 0
read(12, "\1\0\0\0\377\1\0\0\0\0\0\0\0\0", 14) = 14
read(12, "", 32)                        = 0
close(12)                               = 0
statx(AT_FDCWD, "/home/xolra0d/dev/databases/touchhouse/target/debug/.fingerprint/getrandom-c202808f8e6e5002/dep-build-script-build-script-build", AT_STATX_SYNC_AS_STAT, STATX_ALL, {stx_mask=STATX_ALL|STATX_MNT_ID|STATX_SUBVOL, stx_attributes=0, stx_mode=S_IFREG|0644, stx_size=14, ...}) = 0
getcwd("/home/xolra0d/dev/databases/touchhouse", 512) = 39
statx(AT_FDCWD, "/home/xolra0d/dev/databases/touchhouse/target/debug/build/getrandom-7cfdc2e102c354df/output", AT_STATX_SYNC_AS_STAT, STATX_ALL, {stx_mask=STATX_ALL|STATX_MNT_ID|STATX_SUBVOL, stx_attributes=0, stx_mode=S_IFREG|0644, stx_size=32, ...}) = 0
statx(AT_FDCWD, "/home/xolra0d/dev/databases/touchhouse/target/debug/build/getrandom-7cfdc2e102c354df/output", AT_STATX_SYNC_AS_STAT, STATX_ALL, {stx_mask=STATX_ALL|STATX_MNT_ID|STATX_SUBVOL, stx_attributes=0, stx_mode=S_IFREG|0644, stx_size=32, ...}) = 0
getcwd("/home/xolra0d/dev/databases/touchhouse", 512) = 39
statx(AT_FDCWD, "/home/xolra0d/dev/databases/touchhouse/target/debug/deps/libgetrandom-5f96ad8d58ab5416.rlib", AT_STATX_SYNC_AS_STAT, STATX_ALL, {stx_mask=STATX_ALL|STATX_MNT_ID|STATX_SUBVOL, stx_attributes=0, stx_mode=S_IFREG|0644, stx_size=236452, ...}) = 0
statx(AT_FDCWD, "/home/xolra0d/dev/databases/touchhouse/target/debug/deps/libgetrandom-5f96ad8d58ab5416.rmeta", AT_STATX_SYNC_AS_STAT, STATX_ALL, {stx_mask=STATX_ALL|STATX_MNT_ID|STATX_SUBVOL, stx_attributes=0, stx_mode=S_IFREG|0644, stx_size=90427, ...}) = 0
openat(AT_FDCWD, "/home/xolra0d/dev/databases/touchhouse/target/debug/.fingerprint/getrandom-5f96ad8d58ab5416/dep-lib-getrandom", O_RDONLY|O_CLOEXEC) = 12
statx(12, "", AT_STATX_SYNC_AS_STAT|AT_EMPTY_PATH, STATX_ALL, {stx_mask=STATX_ALL|STATX_MNT_ID|STATX_SUBVOL, stx_attributes=0, stx_mode=S_IFREG|0644, stx_size=14, ...}) = 0
read(12, "\1\0\0\0\377\1\0\0\0\0\0\0\0\0", 14) = 14
read(12, "", 32)                        = 0
close(12)                               = 0
statx(AT_FDCWD, "/home/xolra0d/dev/databases/touchhouse/target/debug/.fingerprint/getrandom-5f96ad8d58ab5416/dep-lib-getrandom", AT_STATX_SYNC_AS_STAT, STATX_ALL, {stx_mask=STATX_ALL|STATX_MNT_ID|STATX_SUBVOL, stx_attributes=0, stx_mode=S_IFREG|0644, stx_size=14, ...}) = 0
getcwd("/home/xolra0d/dev/databases/touchhouse", 512) = 39
statx(AT_FDCWD, "/home/xolra0d/dev/databases/touchhouse/target/debug/build/serde-49a10a9683562367/build_script_build-49a10a9683562367", AT_STATX_SYNC_AS_STAT, STATX_ALL, {stx_mask=STATX_ALL|STATX_MNT_ID|STATX_SUBVOL, stx_attributes=0, stx_mode=S_IFREG|0755, stx_size=4015024, ...}) = 0
openat(AT_FDCWD, "/home/xolra0d/dev/databases/touchhouse/target/debug/.fingerprint/serde-49a10a9683562367/dep-build-script-build-script-build", O_RDONLY|O_CLOEXEC) = 12
statx(12, "", AT_STATX_SYNC_AS_STAT|AT_EMPTY_PATH, STATX_ALL, {stx_mask=STATX_ALL|STATX_MNT_ID|STATX_SUBVOL, stx_attributes=0, stx_mode=S_IFREG|0644, stx_size=14, ...}) = 0
read(12, "\1\0\0\0\377\1\0\0\0\0\0\0\0\0", 14) = 14
read(12, "", 32)                        = 0
close(12)                               = 0
statx(AT_FDCWD, "/home/xolra0d/dev/databases/touchhouse/target/debug/.fingerprint/serde-49a10a9683562367/dep-build-script-build-script-build", AT_STATX_SYNC_AS_STAT, STATX_ALL, {stx_mask=STATX_ALL|STATX_MNT_ID|STATX_SUBVOL, stx_attributes=0, stx_mode=S_IFREG|0644, stx_size=14, ...}) = 0
getcwd("/home/xolra0d/dev/databases/touchhouse", 512) = 39
statx(AT_FDCWD, "/home/xolra0d/dev/databases/touchhouse/target/debug/build/serde-0c79bc1bb5bf9eba/output", AT_STATX_SYNC_AS_STAT, STATX_ALL, {stx_mask=STATX_ALL|STATX_MNT_ID|STATX_SUBVOL, stx_attributes=0, stx_mode=S_IFREG|0644, stx_size=582, ...}) = 0
statx(AT_FDCWD, "/home/xolra0d/dev/databases/touchhouse/target/debug/build/serde-0c79bc1bb5bf9eba/output", AT_STATX_SYNC_AS_STAT, STATX_ALL, {stx_mask=STATX_ALL|STATX_MNT_ID|STATX_SUBVOL, stx_attributes=0, stx_mode=S_IFREG|0644, stx_size=582, ...}) = 0
getcwd("/home/xolra0d/dev/databases/touchhouse", 512) = 39
statx(AT_FDCWD, "/home/xolra0d/dev/databases/touchhouse/target/debug/build/serde_core-4b6b5d3d504b832f/build_script_build-4b6b5d3d504b832f", AT_STATX_SYNC_AS_STAT, STATX_ALL, {stx_mask=STATX_ALL|STATX_MNT_ID|STATX_SUBVOL, stx_attributes=0, stx_mode=S_IFREG|0755, stx_size=4017952, ...}) = 0
openat(AT_FDCWD, "/home/xolra0d/dev/databases/touchhouse/target/debug/.fingerprint/serde_core-4b6b5d3d504b832f/dep-build-script-build-script-build", O_RDONLY|O_CLOEXEC) = 12
statx(12, "", AT_STATX_SYNC_AS_STAT|AT_EMPTY_PATH, STATX_ALL, {stx_mask=STATX_ALL|STATX_MNT_ID|STATX_SUBVOL, stx_attributes=0, stx_mode=S_IFREG|0644, stx_size=14, ...}) = 0
read(12, "\1\0\0\0\377\1\0\0\0\0\0\0\0\0", 14) = 14
read(12, "", 32)                        = 0
close(12)                               = 0
statx(AT_FDCWD, "/home/xolra0d/dev/databases/touchhouse/target/debug/.fingerprint/serde_core-4b6b5d3d504b832f/dep-build-script-build-script-build", AT_STATX_SYNC_AS_STAT, STATX_ALL, {stx_mask=STATX_ALL|STATX_MNT_ID|STATX_SUBVOL, stx_attributes=0, stx_mode=S_IFREG|0644, stx_size=14, ...}) = 0
getcwd("/home/xolra0d/dev/databases/touchhouse", 512) = 39
statx(AT_FDCWD, "/home/xolra0d/dev/databases/touchhouse/target/debug/build/serde_core-c114ab320840c5c5/output", AT_STATX_SYNC_AS_STAT, STATX_ALL, {stx_mask=STATX_ALL|STATX_MNT_ID|STATX_SUBVOL, stx_attributes=0, stx_mode=S_IFREG|0644, stx_size=484, ...}) = 0
statx(AT_FDCWD, "/home/xolra0d/dev/databases/touchhouse/target/debug/build/serde_core-c114ab320840c5c5/output", AT_STATX_SYNC_AS_STAT, STATX_ALL, {stx_mask=STATX_ALL|STATX_MNT_ID|STATX_SUBVOL, stx_attributes=0, stx_mode=S_IFREG|0644, stx_size=484, ...}) = 0
getcwd("/home/xolra0d/dev/databases/touchhouse", 512) = 39
statx(AT_FDCWD, "/home/xolra0d/dev/databases/touchhouse/target/debug/deps/libserde_core-d4a722a22773e376.rlib", AT_STATX_SYNC_AS_STAT, STATX_ALL, {stx_mask=STATX_ALL|STATX_MNT_ID|STATX_SUBVOL, stx_attributes=0, stx_mode=S_IFREG|0644, stx_size=5266698, ...}) = 0
statx(AT_FDCWD, "/home/xolra0d/dev/databases/touchhouse/target/debug/deps/libserde_core-d4a722a22773e376.rmeta", AT_STATX_SYNC_AS_STAT, STATX_ALL, {stx_mask=STATX_ALL|STATX_MNT_ID|STATX_SUBVOL, stx_attributes=0, stx_mode=S_IFREG|0644, stx_size=4740216, ...}) = 0
openat(AT_FDCWD, "/home/xolra0d/dev/databases/touchhouse/target/debug/.fingerprint/serde_core-d4a722a22773e376/dep-lib-serde_core", O_RDONLY|O_CLOEXEC) = 12
statx(12, "", AT_STATX_SYNC_AS_STAT|AT_EMPTY_PATH, STATX_ALL, {stx_mask=STATX_ALL|STATX_MNT_ID|STATX_SUBVOL, stx_attributes=0, stx_mode=S_IFREG|0644, stx_size=74, ...}) = 0
read(12, "\1\0\0\0\377\1\1\0\0\0\0016\0\0\0debug/build/serde"..., 74) = 74
read(12, "", 32)                        = 0
close(12)                               = 0
statx(AT_FDCWD, "/home/xolra0d/dev/databases/touchhouse/target/debug/.fingerprint/serde_core-d4a722a22773e376/dep-lib-serde_core", AT_STATX_SYNC_AS_STAT, STATX_ALL, {stx_mask=STATX_ALL|STATX_MNT_ID|STATX_SUBVOL, stx_attributes=0, stx_mode=S_IFREG|0644, stx_size=74, ...}) = 0
getcwd("/home/xolra0d/dev/databases/touchhouse", 512) = 39
statx(AT_FDCWD, "/home/xolra0d/dev/databases/touchhouse/target/debug/build/serde_core-c114ab320840c5c5/out/private.rs", AT_STATX_SYNC_AS_STAT, STATX_ALL, {stx_mask=STATX_ALL|STATX_MNT_ID|STATX_SUBVOL, stx_attributes=0, stx_mode=S_IFREG|0644, stx_size=90, ...}) = 0
statx(AT_FDCWD, "/home/xolra0d/dev/databases/touchhouse/target/debug/deps/libserde_derive-e594e789a3549dad.so", AT_STATX_SYNC_AS_STAT, STATX_ALL, {stx_mask=STATX_ALL|STATX_MNT_ID|STATX_SUBVOL, stx_attributes=0, stx_mode=S_IFREG|0755, stx_size=9058016, ...}) = 0
openat(AT_FDCWD, "/home/xolra0d/dev/databases/touchhouse/target/debug/.fingerprint/serde_derive-e594e789a3549dad/dep-lib-serde_derive", O_RDONLY|O_CLOEXEC) = 12
statx(12, "", AT_STATX_SYNC_AS_STAT|AT_EMPTY_PATH, STATX_ALL, {stx_mask=STATX_ALL|STATX_MNT_ID|STATX_SUBVOL, stx_attributes=0, stx_mode=S_IFREG|0644, stx_size=14, ...}) = 0
read(12, "\1\0\0\0\377\1\0\0\0\0\0\0\0\0", 14) = 14
read(12, "", 32)                        = 0
close(12)                               = 0
statx(AT_FDCWD, "/home/xolra0d/dev/databases/touchhouse/target/debug/.fingerprint/serde_derive-e594e789a3549dad/dep-lib-serde_derive", AT_STATX_SYNC_AS_STAT, STATX_ALL, {stx_mask=STATX_ALL|STATX_MNT_ID|STATX_SUBVOL, stx_attributes=0, stx_mode=S_IFREG|0644, stx_size=14, ...}) = 0
getcwd("/home/xolra0d/dev/databases/touchhouse", 512) = 39
statx(AT_FDCWD, "/home/xolra0d/dev/databases/touchhouse/target/debug/deps/libserde-23032d66a8145585.rlib", AT_STATX_SYNC_AS_STAT, STATX_ALL, {stx_mask=STATX_ALL|STATX_MNT_ID|STATX_SUBVOL, stx_attributes=0, stx_mode=S_IFREG|0644, stx_size=1165284, ...}) = 0
statx(AT_FDCWD, "/home/xolra0d/dev/databases/touchhouse/target/debug/deps/libserde-23032d66a8145585.rmeta", AT_STATX_SYNC_AS_STAT, STATX_ALL, {stx_mask=STATX_ALL|STATX_MNT_ID|STATX_SUBVOL, stx_attributes=0, stx_mode=S_IFREG|0644, stx_size=831271, ...}) = 0
openat(AT_FDCWD, "/home/xolra0d/dev/databases/touchhouse/target/debug/.fingerprint/serde-23032d66a8145585/dep-lib-serde", O_RDONLY|O_CLOEXEC) = 12
statx(12, "", AT_STATX_SYNC_AS_STAT|AT_EMPTY_PATH, STATX_ALL, {stx_mask=STATX_ALL|STATX_MNT_ID|STATX_SUBVOL, stx_attributes=0, stx_mode=S_IFREG|0644, stx_size=69, ...}) = 0
read(12, "\1\0\0\0\377\1\1\0\0\0\0011\0\0\0debug/build/serde"..., 69) = 69
read(12, "", 32)                        = 0
close(12)                               = 0
statx(AT_FDCWD, "/home/xolra0d/dev/databases/touchhouse/target/debug/.fingerprint/serde-23032d66a8145585/dep-lib-serde", AT_STATX_SYNC_AS_STAT, STATX_ALL, {stx_mask=STATX_ALL|STATX_MNT_ID|STATX_SUBVOL, stx_attributes=0, stx_mode=S_IFREG|0644, stx_size=69, ...}) = 0
getcwd("/home/xolra0d/dev/databases/touchhouse", 512) = 39
statx(AT_FDCWD, "/home/xolra0d/dev/databases/touchhouse/target/debug/build/serde-0c79bc1bb5bf9eba/out/private.rs", AT_STATX_SYNC_AS_STAT, STATX_ALL, {stx_mask=STATX_ALL|STATX_MNT_ID|STATX_SUBVOL, stx_attributes=0, stx_mode=S_IFREG|0644, stx_size=142, ...}) = 0
statx(AT_FDCWD, "/home/xolra0d/dev/databases/touchhouse/target/debug/deps/libuuid-f6df0553be96a973.rlib", AT_STATX_SYNC_AS_STAT, STATX_ALL, {stx_mask=STATX_ALL|STATX_MNT_ID|STATX_SUBVOL, stx_attributes=0, stx_mode=S_IFREG|0644, stx_size=1178978, ...}) = 0
statx(AT_FDCWD, "/home/xolra0d/dev/databases/touchhouse/target/debug/deps/libuuid-f6df0553be96a973.rmeta", AT_STATX_SYNC_AS_STAT, STATX_ALL, {stx_mask=STATX_ALL|STATX_MNT_ID|STATX_SUBVOL, stx_attributes=0, stx_mode=S_IFREG|0644, stx_size=532557, ...}) = 0
openat(AT_FDCWD, "/home/xolra0d/dev/databases/touchhouse/target/debug/.fingerprint/uuid-f6df0553be96a973/dep-lib-uuid", O_RDONLY|O_CLOEXEC) = 12
statx(12, "", AT_STATX_SYNC_AS_STAT|AT_EMPTY_PATH, STATX_ALL, {stx_mask=STATX_ALL|STATX_MNT_ID|STATX_SUBVOL, stx_attributes=0, stx_mode=S_IFREG|0644, stx_size=14, ...}) = 0
read(12, "\1\0\0\0\377\1\0\0\0\0\0\0\0\0", 14) = 14
read(12, "", 32)                        = 0
close(12)                               = 0
statx(AT_FDCWD, "/home/xolra0d/dev/databases/touchhouse/target/debug/.fingerprint/uuid-f6df0553be96a973/dep-lib-uuid", AT_STATX_SYNC_AS_STAT, STATX_ALL, {stx_mask=STATX_ALL|STATX_MNT_ID|STATX_SUBVOL, stx_attributes=0, stx_mode=S_IFREG|0644, stx_size=14, ...}) = 0
getcwd("/home/xolra0d/dev/databases/touchhouse", 512) = 39
statx(AT_FDCWD, "/home/xolra0d/dev/databases/touchhouse/target/debug/deps/libbytecheck-b88220438f2bf95c.rlib", AT_STATX_SYNC_AS_STAT, STATX_ALL, {stx_mask=STATX_ALL|STATX_MNT_ID|STATX_SUBVOL, stx_attributes=0, stx_mode=S_IFREG|0644, stx_size=281754, ...}) = 0
statx(AT_FDCWD, "/home/xolra0d/dev/databases/touchhouse/target/debug/deps/libbytecheck-b88220438f2bf95c.rmeta", AT_STATX_SYNC_AS_STAT, STATX_ALL, {stx_mask=STATX_ALL|STATX_MNT_ID|STATX_SUBVOL, stx_attributes=0, stx_mode=S_IFREG|0644, stx_size=248420, ...}) = 0
openat(AT_FDCWD, "/home/xolra0d/dev/databases/touchhouse/target/debug/.fingerprint/bytecheck-b88220438f2bf95c/dep-lib-bytecheck", O_RDONLY|O_CLOEXEC) = 12
statx(12, "", AT_STATX_SYNC_AS_STAT|AT_EMPTY_PATH, STATX_ALL, {stx_mask=STATX_ALL|STATX_MNT_ID|STATX_SUBVOL, stx_attributes=0, stx_mode=S_IFREG|0644, stx_size=14, ...}) = 0
read(12, "\1\0\0\0\377\1\0\0\0\0\0\0\0\0", 14) = 14
read(12, "", 32)                        = 0
close(12)                               = 0
statx(AT_FDCWD, "/home/xolra0d/dev/databases/touchhouse/target/debug/.fingerprint/bytecheck-b88220438f2bf95c/dep-lib-bytecheck", AT_STATX_SYNC_AS_STAT, STATX_ALL, {stx_mask=STATX_ALL|STATX_MNT_ID|STATX_SUBVOL, stx_attributes=0, stx_mode=S_IFREG|0644, stx_size=14, ...}) = 0
getcwd("/home/xolra0d/dev/databases/touchhouse", 512) = 39
statx(AT_FDCWD, "/home/xolra0d/dev/databases/touchhouse/target/debug/deps/libhashbrown-8b489f7b53493603.rlib", AT_STATX_SYNC_AS_STAT, STATX_ALL, {stx_mask=STATX_ALL|STATX_MNT_ID|STATX_SUBVOL, stx_attributes=0, stx_mode=S_IFREG|0644, stx_size=1186220, ...}) = 0
statx(AT_FDCWD, "/home/xolra0d/dev/databases/touchhouse/target/debug/deps/libhashbrown-8b489f7b53493603.rmeta", AT_STATX_SYNC_AS_STAT, STATX_ALL, {stx_mask=STATX_ALL|STATX_MNT_ID|STATX_SUBVOL, stx_attributes=0, stx_mode=S_IFREG|0644, stx_size=1098889, ...}) = 0
openat(AT_FDCWD, "/home/xolra0d/dev/databases/touchhouse/target/debug/.fingerprint/hashbrown-8b489f7b53493603/dep-lib-hashbrown", O_RDONLY|O_CLOEXEC) = 12
statx(12, "", AT_STATX_SYNC_AS_STAT|AT_EMPTY_PATH, STATX_ALL, {stx_mask=STATX_ALL|STATX_MNT_ID|STATX_SUBVOL, stx_attributes=0, stx_mode=S_IFREG|0644, stx_size=14, ...}) = 0
read(12, "\1\0\0\0\377\1\0\0\0\0\0\0\0\0", 14) = 14
read(12, "", 32)                        = 0
close(12)                               = 0
statx(AT_FDCWD, "/home/xolra0d/dev/databases/touchhouse/target/debug/.fingerprint/hashbrown-8b489f7b53493603/dep-lib-hashbrown", AT_STATX_SYNC_AS_STAT, STATX_ALL, {stx_mask=STATX_ALL|STATX_MNT_ID|STATX_SUBVOL, stx_attributes=0, stx_mode=S_IFREG|0644, stx_size=14, ...}) = 0
getcwd("/home/xolra0d/dev/databases/touchhouse", 512) = 39
statx(AT_FDCWD, "/home/xolra0d/dev/databases/touchhouse/target/debug/deps/libmunge_macro-8e26809d933e7df0.so", AT_STATX_SYNC_AS_STAT, STATX_ALL, {stx_mask=STATX_ALL|STATX_MNT_ID|STATX_SUBVOL, stx_attributes=0, stx_mode=S_IFREG|0755, stx_size=7495568, ...}) = 0
openat(AT_FDCWD, "/home/xolra0d/dev/databases/touchhouse/target/debug/.fingerprint/munge_macro-8e26809d933e7df0/dep-lib-munge_macro", O_RDONLY|O_CLOEXEC) = 12
statx(12, "", AT_STATX_SYNC_AS_STAT|AT_EMPTY_PATH, STATX_ALL, {stx_mask=STATX_ALL|STATX_MNT_ID|STATX_SUBVOL, stx_attributes=0, stx_mode=S_IFREG|0644, stx_size=14, ...}) = 0
read(12, "\1\0\0\0\377\1\0\0\0\0\0\0\0\0", 14) = 14
read(12, "", 32)                        = 0
close(12)                               = 0
statx(AT_FDCWD, "/home/xolra0d/dev/databases/touchhouse/target/debug/.fingerprint/munge_macro-8e26809d933e7df0/dep-lib-munge_macro", AT_STATX_SYNC_AS_STAT, STATX_ALL, {stx_mask=STATX_ALL|STATX_MNT_ID|STATX_SUBVOL, stx_attributes=0, stx_mode=S_IFREG|0644, stx_size=14, ...}) = 0
getcwd("/home/xolra0d/dev/databases/touchhouse", 512) = 39
statx(AT_FDCWD, "/home/xolra0d/dev/databases/touchhouse/target/debug/deps/libmunge-1b9d1b4382d402d8.rlib", AT_STATX_SYNC_AS_STAT, STATX_ALL, {stx_mask=STATX_ALL|STATX_MNT_ID|STATX_SUBVOL, stx_attributes=0, stx_mode=S_IFREG|0644, stx_size=72004, ...}) = 0
statx(AT_FDCWD, "/home/xolra0d/dev/databases/touchhouse/target/debug/deps/libmunge-1b9d1b4382d402d8.rmeta", AT_STATX_SYNC_AS_STAT, STATX_ALL, {stx_mask=STATX_ALL|STATX_MNT_ID|STATX_SUBVOL, stx_attributes=0, stx_mode=S_IFREG|0644, stx_size=70503, ...}) = 0
openat(AT_FDCWD, "/home/xolra0d/dev/databases/touchhouse/target/debug/.fingerprint/munge-1b9d1b4382d402d8/dep-lib-munge", O_RDONLY|O_CLOEXEC) = 12
statx(12, "", AT_STATX_SYNC_AS_STAT|AT_EMPTY_PATH, STATX_ALL, {stx_mask=STATX_ALL|STATX_MNT_ID|STATX_SUBVOL, stx_attributes=0, stx_mode=S_IFREG|0644, stx_size=14, ...}) = 0
read(12, "\1\0\0\0\377\1\0\0\0\0\0\0\0\0", 14) = 14
read(12, "", 32)                        = 0
close(12)                               = 0
statx(AT_FDCWD, "/home/xolra0d/dev/databases/touchhouse/target/debug/.fingerprint/munge-1b9d1b4382d402d8/dep-lib-munge", AT_STATX_SYNC_AS_STAT, STATX_ALL, {stx_mask=STATX_ALL|STATX_MNT_ID|STATX_SUBVOL, stx_attributes=0, stx_mode=S_IFREG|0644, stx_size=14, ...}) = 0
getcwd("/home/xolra0d/dev/databases/touchhouse", 512) = 39
statx(AT_FDCWD, "/home/xolra0d/dev/databases/touchhouse/target/debug/deps/librend-2fafe8577d002c4a.rlib", AT_STATX_SYNC_AS_STAT, STATX_ALL, {stx_mask=STATX_ALL|STATX_MNT_ID|STATX_SUBVOL, stx_attributes=0, stx_mode=S_IFREG|0644, stx_size=9061838, ...}) = 0
statx(AT_FDCWD, "/home/xolra0d/dev/databases/touchhouse/target/debug/deps/librend-2fafe8577d002c4a.rmeta", AT_STATX_SYNC_AS_STAT, STATX_ALL, {stx_mask=STATX_ALL|STATX_MNT_ID|STATX_SUBVOL, stx_attributes=0, stx_mode=S_IFREG|0644, stx_size=8527262, ...}) = 0
openat(AT_FDCWD, "/home/xolra0d/dev/databases/touchhouse/target/debug/.fingerprint/rend-2fafe8577d002c4a/dep-lib-rend", O_RDONLY|O_CLOEXEC) = 12
statx(12, "", AT_STATX_SYNC_AS_STAT|AT_EMPTY_PATH, STATX_ALL, {stx_mask=STATX_ALL|STATX_MNT_ID|STATX_SUBVOL, stx_attributes=0, stx_mode=S_IFREG|0644, stx_size=14, ...}) = 0
read(12, "\1\0\0\0\377\1\0\0\0\0\0\0\0\0", 14) = 14
read(12, "", 32)                        = 0
close(12)                               = 0
statx(AT_FDCWD, "/home/xolra0d/dev/databases/touchhouse/target/debug/.fingerprint/rend-2fafe8577d002c4a/dep-lib-rend", AT_STATX_SYNC_AS_STAT, STATX_ALL, {stx_mask=STATX_ALL|STATX_MNT_ID|STATX_SUBVOL, stx_attributes=0, stx_mode=S_IFREG|0644, stx_size=14, ...}) = 0
getcwd("/home/xolra0d/dev/databases/touchhouse", 512) = 39
statx(AT_FDCWD, "/home/xolra0d/dev/databases/touchhouse/target/debug/deps/librkyv_derive-467b9d1c34d2ca9a.so", AT_STATX_SYNC_AS_STAT, STATX_ALL, {stx_mask=STATX_ALL|STATX_MNT_ID|STATX_SUBVOL, stx_attributes=0, stx_mode=S_IFREG|0755, stx_size=8217016, ...}) = 0
openat(AT_FDCWD, "/home/xolra0d/dev/databases/touchhouse/target/debug/.fingerprint/rkyv_derive-467b9d1c34d2ca9a/dep-lib-rkyv_derive", O_RDONLY|O_CLOEXEC) = 12
statx(12, "", AT_STATX_SYNC_AS_STAT|AT_EMPTY_PATH, STATX_ALL, {stx_mask=STATX_ALL|STATX_MNT_ID|STATX_SUBVOL, stx_attributes=0, stx_mode=S_IFREG|0644, stx_size=14, ...}) = 0
read(12, "\1\0\0\0\377\1\0\0\0\0\0\0\0\0", 14) = 14
read(12, "", 32)                        = 0
close(12)                               = 0
statx(AT_FDCWD, "/home/xolra0d/dev/databases/touchhouse/target/debug/.fingerprint/rkyv_derive-467b9d1c34d2ca9a/dep-lib-rkyv_derive", AT_STATX_SYNC_AS_STAT, STATX_ALL, {stx_mask=STATX_ALL|STATX_MNT_ID|STATX_SUBVOL, stx_attributes=0, stx_mode=S_IFREG|0644, stx_size=14, ...}) = 0
getcwd("/home/xolra0d/dev/databases/touchhouse", 512) = 39
statx(AT_FDCWD, "/home/xolra0d/dev/databases/touchhouse/target/debug/deps/librkyv-9eb601d46f271867.rlib", AT_STATX_SYNC_AS_STAT, STATX_ALL, {stx_mask=STATX_ALL|STATX_MNT_ID|STATX_SUBVOL, stx_attributes=0, stx_mode=S_IFREG|0644, stx_size=5786470, ...}) = 0
statx(AT_FDCWD, "/home/xolra0d/dev/databases/touchhouse/target/debug/deps/librkyv-9eb601d46f271867.rmeta", AT_STATX_SYNC_AS_STAT, STATX_ALL, {stx_mask=STATX_ALL|STATX_MNT_ID|STATX_SUBVOL, stx_attributes=0, stx_mode=S_IFREG|0644, stx_size=5057855, ...}) = 0
openat(AT_FDCWD, "/home/xolra0d/dev/databases/touchhouse/target/debug/.fingerprint/rkyv-9eb601d46f271867/dep-lib-rkyv", O_RDONLY|O_CLOEXEC) = 12
statx(12, "", AT_STATX_SYNC_AS_STAT|AT_EMPTY_PATH, STATX_ALL, {stx_mask=STATX_ALL|STATX_MNT_ID|STATX_SUBVOL, stx_attributes=0, stx_mode=S_IFREG|0644, stx_size=14, ...}) = 0
read(12, "\1\0\0\0\377\1\0\0\0\0\0\0\0\0", 14) = 14
read(12, "", 32)                        = 0
close(12)                               = 0
statx(AT_FDCWD, "/home/xolra0d/dev/databases/touchhouse/target/debug/.fingerprint/rkyv-9eb601d46f271867/dep-lib-rkyv", AT_STATX_SYNC_AS_STAT, STATX_ALL, {stx_mask=STATX_ALL|STATX_MNT_ID|STATX_SUBVOL, stx_attributes=0, stx_mode=S_IFREG|0644, stx_size=14, ...}) = 0
getcwd("/home/xolra0d/dev/databases/touchhouse", 512) = 39
statx(AT_FDCWD, "/home/xolra0d/dev/databases/touchhouse/target/debug/deps/libbyteorder-62e10c80c1085550.rlib", AT_STATX_SYNC_AS_STAT, STATX_ALL, {stx_mask=STATX_ALL|STATX_MNT_ID|STATX_SUBVOL, stx_attributes=0, stx_mode=S_IFREG|0644, stx_size=295632, ...}) = 0
statx(AT_FDCWD, "/home/xolra0d/dev/databases/touchhouse/target/debug/deps/libbyteorder-62e10c80c1085550.rmeta", AT_STATX_SYNC_AS_STAT, STATX_ALL, {stx_mask=STATX_ALL|STATX_MNT_ID|STATX_SUBVOL, stx_attributes=0, stx_mode=S_IFREG|0644, stx_size=283210, ...}) = 0
openat(AT_FDCWD, "/home/xolra0d/dev/databases/touchhouse/target/debug/.fingerprint/byteorder-62e10c80c1085550/dep-lib-byteorder", O_RDONLY|O_CLOEXEC) = 12
statx(12, "", AT_STATX_SYNC_AS_STAT|AT_EMPTY_PATH, STATX_ALL, {stx_mask=STATX_ALL|STATX_MNT_ID|STATX_SUBVOL, stx_attributes=0, stx_mode=S_IFREG|0644, stx_size=14, ...}) = 0
read(12, "\1\0\0\0\377\1\0\0\0\0\0\0\0\0", 14) = 14
read(12, "", 32)                        = 0
close(12)                               = 0
statx(AT_FDCWD, "/home/xolra0d/dev/databases/touchhouse/target/debug/.fingerprint/byteorder-62e10c80c1085550/dep-lib-byteorder", AT_STATX_SYNC_AS_STAT, STATX_ALL, {stx_mask=STATX_ALL|STATX_MNT_ID|STATX_SUBVOL, stx_attributes=0, stx_mode=S_IFREG|0644, stx_size=14, ...}) = 0
getcwd("/home/xolra0d/dev/databases/touchhouse", 512) = 39
statx(AT_FDCWD, "/home/xolra0d/dev/databases/touchhouse/target/debug/deps/libautocfg-38d501c17e68b38c.rlib", AT_STATX_SYNC_AS_STAT, STATX_ALL, {stx_mask=STATX_ALL|STATX_MNT_ID|STATX_SUBVOL, stx_attributes=0, stx_mode=S_IFREG|0644, stx_size=673160, ...}) = 0
statx(AT_FDCWD, "/home/xolra0d/dev/databases/touchhouse/target/debug/deps/libautocfg-38d501c17e68b38c.rmeta", AT_STATX_SYNC_AS_STAT, STATX_ALL, {stx_mask=STATX_ALL|STATX_MNT_ID|STATX_SUBVOL, stx_attributes=0, stx_mode=S_IFREG|0644, stx_size=80961, ...}) = 0
openat(AT_FDCWD, "/home/xolra0d/dev/databases/touchhouse/target/debug/.fingerprint/autocfg-38d501c17e68b38c/dep-lib-autocfg", O_RDONLY|O_CLOEXEC) = 12
statx(12, "", AT_STATX_SYNC_AS_STAT|AT_EMPTY_PATH, STATX_ALL, {stx_mask=STATX_ALL|STATX_MNT_ID|STATX_SUBVOL, stx_attributes=0, stx_mode=S_IFREG|0644, stx_size=14, ...}) = 0
read(12, "\1\0\0\0\377\1\0\0\0\0\0\0\0\0", 14) = 14
read(12, "", 32)                        = 0
close(12)                               = 0
statx(AT_FDCWD, "/home/xolra0d/dev/databases/touchhouse/target/debug/.fingerprint/autocfg-38d501c17e68b38c/dep-lib-autocfg", AT_STATX_SYNC_AS_STAT, STATX_ALL, {stx_mask=STATX_ALL|STATX_MNT_ID|STATX_SUBVOL, stx_attributes=0, stx_mode=S_IFREG|0644, stx_size=14, ...}) = 0
getcwd("/home/xolra0d/dev/databases/touchhouse", 512) = 39
statx(AT_FDCWD, "/home/xolra0d/dev/databases/touchhouse/target/debug/build/num-traits-c8ee99d941d7a70f/build_script_build-c8ee99d941d7a70f", AT_STATX_SYNC_AS_STAT, STATX_ALL, {stx_mask=STATX_ALL|STATX_MNT_ID|STATX_SUBVOL, stx_attributes=0, stx_mode=S_IFREG|0755, stx_size=4179784, ...}) = 0
openat(AT_FDCWD, "/home/xolra0d/dev/databases/touchhouse/target/debug/.fingerprint/num-traits-c8ee99d941d7a70f/dep-build-script-build-script-build", O_RDONLY|O_CLOEXEC) = 12
statx(12, "", AT_STATX_SYNC_AS_STAT|AT_EMPTY_PATH, STATX_ALL, {stx_mask=STATX_ALL|STATX_MNT_ID|STATX_SUBVOL, stx_attributes=0, stx_mode=S_IFREG|0644, stx_size=14, ...}) = 0
read(12, "\1\0\0\0\377\1\0\0\0\0\0\0\0\0", 14) = 14
read(12, "", 32)                        = 0
close(12)                               = 0
statx(AT_FDCWD, "/home/xolra0d/dev/databases/touchhouse/target/debug/.fingerprint/num-traits-c8ee99d941d7a70f/dep-build-script-build-script-build", AT_STATX_SYNC_AS_STAT, STATX_ALL, {stx_mask=STATX_ALL|STATX_MNT_ID|STATX_SUBVOL, stx_attributes=0, stx_mode=S_IFREG|0644, stx_size=14, ...}) = 0
getcwd("/home/xolra0d/dev/databases/touchhouse", 512) = 39
statx(AT_FDCWD, "/home/xolra0d/dev/databases/touchhouse/target/debug/build/num-traits-414f22024e2c1dbc/output", AT_STATX_SYNC_AS_STAT, STATX_ALL, {stx_mask=STATX_ALL|STATX_MNT_ID|STATX_SUBVOL, stx_attributes=0, stx_mode=S_IFREG|0644, stx_size=103, ...}) = 0
statx(AT_FDCWD, "/home/xolra0d/dev/databases/touchhouse/target/debug/build/num-traits-414f22024e2c1dbc/output", AT_STATX_SYNC_AS_STAT, STATX_ALL, {stx_mask=STATX_ALL|STATX_MNT_ID|STATX_SUBVOL, stx_attributes=0, stx_mode=S_IFREG|0644, stx_size=103, ...}) = 0
getcwd("/home/xolra0d/dev/databases/touchhouse", 512) = 39
statx(AT_FDCWD, "/home/xolra0d/dev/databases/touchhouse/target/debug/deps/libnum_traits-57a86324ec3f24a8.rlib", AT_STATX_SYNC_AS_STAT, STATX_ALL, {stx_mask=STATX_ALL|STATX_MNT_ID|STATX_SUBVOL, stx_attributes=0, stx_mode=S_IFREG|0644, stx_size=1964216, ...}) = 0
statx(AT_FDCWD, "/home/xolra0d/dev/databases/touchhouse/target/debug/deps/libnum_traits-57a86324ec3f24a8.rmeta", AT_STATX_SYNC_AS_STAT, STATX_ALL, {stx_mask=STATX_ALL|STATX_MNT_ID|STATX_SUBVOL, stx_attributes=0, stx_mode=S_IFREG|0644, stx_size=1783327, ...}) = 0
openat(AT_FDCWD, "/home/xolra0d/dev/databases/touchhouse/target/debug/.fingerprint/num-traits-57a86324ec3f24a8/dep-lib-num_traits", O_RDONLY|O_CLOEXEC) = 12
statx(12, "", AT_STATX_SYNC_AS_STAT|AT_EMPTY_PATH, STATX_ALL, {stx_mask=STATX_ALL|STATX_MNT_ID|STATX_SUBVOL, stx_attributes=0, stx_mode=S_IFREG|0644, stx_size=14, ...}) = 0
read(12, "\1\0\0\0\377\1\0\0\0\0\0\0\0\0", 14) = 14
read(12, "", 32)                        = 0
close(12)                               = 0
statx(AT_FDCWD, "/home/xolra0d/dev/databases/touchhouse/target/debug/.fingerprint/num-traits-57a86324ec3f24a8/dep-lib-num_traits", AT_STATX_SYNC_AS_STAT, STATX_ALL, {stx_mask=STATX_ALL|STATX_MNT_ID|STATX_SUBVOL, stx_attributes=0, stx_mode=S_IFREG|0644, stx_size=14, ...}) = 0
getcwd("/home/xolra0d/dev/databases/touchhouse", 512) = 39
statx(AT_FDCWD, "/home/xolra0d/dev/databases/touchhouse/target/debug/build/paste-c090709b5b0c5de5/build_script_build-c090709b5b0c5de5", AT_STATX_SYNC_AS_STAT, STATX_ALL, {stx_mask=STATX_ALL|STATX_MNT_ID|STATX_SUBVOL, stx_attributes=0, stx_mode=S_IFREG|0755, stx_size=3986320, ...}) = 0
openat(AT_FDCWD, "/home/xolra0d/dev/databases/touchhouse/target/debug/.fingerprint/paste-c090709b5b0c5de5/dep-build-script-build-script-build", O_RDONLY|O_CLOEXEC) = 12
statx(12, "", AT_STATX_SYNC_AS_STAT|AT_EMPTY_PATH, STATX_ALL, {stx_mask=STATX_ALL|STATX_MNT_ID|STATX_SUBVOL, stx_attributes=0, stx_mode=S_IFREG|0644, stx_size=14, ...}) = 0
read(12, "\1\0\0\0\377\1\0\0\0\0\0\0\0\0", 14) = 14
read(12, "", 32)                        = 0
close(12)                               = 0
statx(AT_FDCWD, "/home/xolra0d/dev/databases/touchhouse/target/debug/.fingerprint/paste-c090709b5b0c5de5/dep-build-script-build-script-build", AT_STATX_SYNC_AS_STAT, STATX_ALL, {stx_mask=STATX_ALL|STATX_MNT_ID|STATX_SUBVOL, stx_attributes=0, stx_mode=S_IFREG|0644, stx_size=14, ...}) = 0
getcwd("/home/xolra0d/dev/databases/touchhouse", 512) = 39
statx(AT_FDCWD, "/home/xolra0d/dev/databases/touchhouse/target/debug/build/paste-7a04688c692878f0/output", AT_STATX_SYNC_AS_STAT, STATX_ALL, {stx_mask=STATX_ALL|STATX_MNT_ID|STATX_SUBVOL, stx_attributes=0, stx_mode=S_IFREG|0644, stx_size=147, ...}) = 0
statx(AT_FDCWD, "/home/xolra0d/dev/databases/touchhouse/target/debug/build/paste-7a04688c692878f0/output", AT_STATX_SYNC_AS_STAT, STATX_ALL, {stx_mask=STATX_ALL|STATX_MNT_ID|STATX_SUBVOL, stx_attributes=0, stx_mode=S_IFREG|0644, stx_size=147, ...}) = 0
getcwd("/home/xolra0d/dev/databases/touchhouse", 512) = 39
statx(AT_FDCWD, "/home/xolra0d/dev/databases/touchhouse/target/debug/deps/libpaste-577a69ce6fdefcf7.so", AT_STATX_SYNC_AS_STAT, STATX_ALL, {stx_mask=STATX_ALL|STATX_MNT_ID|STATX_SUBVOL, stx_attributes=0, stx_mode=S_IFREG|0755, stx_size=5018320, ...}) = 0
openat(AT_FDCWD, "/home/xolra0d/dev/databases/touchhouse/target/debug/.fingerprint/paste-577a69ce6fdefcf7/dep-lib-paste", O_RDONLY|O_CLOEXEC) = 12
statx(12, "", AT_STATX_SYNC_AS_STAT|AT_EMPTY_PATH, STATX_ALL, {stx_mask=STATX_ALL|STATX_MNT_ID|STATX_SUBVOL, stx_attributes=0, stx_mode=S_IFREG|0644, stx_size=14, ...}) = 0
read(12, "\1\0\0\0\377\1\0\0\0\0\0\0\0\0", 14) = 14
read(12, "", 32)                        = 0
close(12)                               = 0
statx(AT_FDCWD, "/home/xolra0d/dev/databases/touchhouse/target/debug/.fingerprint/paste-577a69ce6fdefcf7/dep-lib-paste", AT_STATX_SYNC_AS_STAT, STATX_ALL, {stx_mask=STATX_ALL|STATX_MNT_ID|STATX_SUBVOL, stx_attributes=0, stx_mode=S_IFREG|0644, stx_size=14, ...}) = 0
getcwd("/home/xolra0d/dev/databases/touchhouse", 512) = 39
statx(AT_FDCWD, "/home/xolra0d/dev/databases/touchhouse/target/debug/deps/librmp-7c368b6a1d5d1ef2.rlib", AT_STATX_SYNC_AS_STAT, STATX_ALL, {stx_mask=STATX_ALL|STATX_MNT_ID|STATX_SUBVOL, stx_attributes=0, stx_mode=S_IFREG|0644, stx_size=608990, ...}) = 0
statx(AT_FDCWD, "/home/xolra0d/dev/databases/touchhouse/target/debug/deps/librmp-7c368b6a1d5d1ef2.rmeta", AT_STATX_SYNC_AS_STAT, STATX_ALL, {stx_mask=STATX_ALL|STATX_MNT_ID|STATX_SUBVOL, stx_attributes=0, stx_mode=S_IFREG|0644, stx_size=380633, ...}) = 0
openat(AT_FDCWD, "/home/xolra0d/dev/databases/touchhouse/target/debug/.fingerprint/rmp-7c368b6a1d5d1ef2/dep-lib-rmp", O_RDONLY|O_CLOEXEC) = 12
statx(12, "", AT_STATX_SYNC_AS_STAT|AT_EMPTY_PATH, STATX_ALL, {stx_mask=STATX_ALL|STATX_MNT_ID|STATX_SUBVOL, stx_attributes=0, stx_mode=S_IFREG|0644, stx_size=14, ...}) = 0
read(12, "\1\0\0\0\377\1\0\0\0\0\0\0\0\0", 14) = 14
read(12, "", 32)                        = 0
close(12)                               = 0
statx(AT_FDCWD, "/home/xolra0d/dev/databases/touchhouse/target/debug/.fingerprint/rmp-7c368b6a1d5d1ef2/dep-lib-rmp", AT_STATX_SYNC_AS_STAT, STATX_ALL, {stx_mask=STATX_ALL|STATX_MNT_ID|STATX_SUBVOL, stx_attributes=0, stx_mode=S_IFREG|0644, stx_size=14, ...}) = 0
getcwd("/home/xolra0d/dev/databases/touchhouse", 512) = 39
statx(AT_FDCWD, "/home/xolra0d/dev/databases/touchhouse/target/debug/deps/librmp_serde-706ac022cd2250bb.rlib", AT_STATX_SYNC_AS_STAT, STATX_ALL, {stx_mask=STATX_ALL|STATX_MNT_ID|STATX_SUBVOL, stx_attributes=0, stx_mode=S_IFREG|0644, stx_size=729894, ...}) = 0
statx(AT_FDCWD, "/home/xolra0d/dev/databases/touchhouse/target/debug/deps/librmp_serde-706ac022cd2250bb.rmeta", AT_STATX_SYNC_AS_STAT, STATX_ALL, {stx_mask=STATX_ALL|STATX_MNT_ID|STATX_SUBVOL, stx_attributes=0, stx_mode=S_IFREG|0644, stx_size=556012, ...}) = 0
openat(AT_FDCWD, "/home/xolra0d/dev/databases/touchhouse/target/debug/.fingerprint/rmp-serde-706ac022cd2250bb/dep-lib-rmp_serde", O_RDONLY|O_CLOEXEC) = 12
statx(12, "", AT_STATX_SYNC_AS_STAT|AT_EMPTY_PATH, STATX_ALL, {stx_mask=STATX_ALL|STATX_MNT_ID|STATX_SUBVOL, stx_attributes=0, stx_mode=S_IFREG|0644, stx_size=14, ...}) = 0
read(12, "\1\0\0\0\377\1\0\0\0\0\0\0\0\0", 14) = 14
read(12, "", 32)                        = 0
close(12)                               = 0
statx(AT_FDCWD, "/home/xolra0d/dev/databases/touchhouse/target/debug/.fingerprint/rmp-serde-706ac022cd2250bb/dep-lib-rmp_serde", AT_STATX_SYNC_AS_STAT, STATX_ALL, {stx_mask=STATX_ALL|STATX_MNT_ID|STATX_SUBVOL, stx_attributes=0, stx_mode=S_IFREG|0644, stx_size=14, ...}) = 0
getcwd("/home/xolra0d/dev/databases/touchhouse", 512) = 39
statx(AT_FDCWD, "/home/xolra0d/dev/databases/touchhouse/target/debug/deps/librecursive_proc_macro_impl-e2af7c6d6d121bab.so", AT_STATX_SYNC_AS_STAT, STATX_ALL, {stx_mask=STATX_ALL|STATX_MNT_ID|STATX_SUBVOL, stx_attributes=0, stx_mode=S_IFREG|0755, stx_size=7314936, ...}) = 0
openat(AT_FDCWD, "/home/xolra0d/dev/databases/touchhouse/target/debug/.fingerprint/recursive-proc-macro-impl-e2af7c6d6d121bab/dep-lib-recursive_proc_macro_impl", O_RDONLY|O_CLOEXEC) = 12
statx(12, "", AT_STATX_SYNC_AS_STAT|AT_EMPTY_PATH, STATX_ALL, {stx_mask=STATX_ALL|STATX_MNT_ID|STATX_SUBVOL, stx_attributes=0, stx_mode=S_IFREG|0644, stx_size=14, ...}) = 0
read(12, "\1\0\0\0\377\1\0\0\0\0\0\0\0\0", 14) = 14
read(12, "", 32)                        = 0
close(12)                               = 0
statx(AT_FDCWD, "/home/xolra0d/dev/databases/touchhouse/target/debug/.fingerprint/recursive-proc-macro-impl-e2af7c6d6d121bab/dep-lib-recursive_proc_macro_impl", AT_STATX_SYNC_AS_STAT, STATX_ALL, {stx_mask=STATX_ALL|STATX_MNT_ID|STATX_SUBVOL, stx_attributes=0, stx_mode=S_IFREG|0644, stx_size=14, ...}) = 0
getcwd("/home/xolra0d/dev/databases/touchhouse", 512) = 39
statx(AT_FDCWD, "/home/xolra0d/dev/databases/touchhouse/target/debug/build/psm-89a6876fe3ebfa59/build_script_build-89a6876fe3ebfa59", AT_STATX_SYNC_AS_STAT, STATX_ALL, {stx_mask=STATX_ALL|STATX_MNT_ID|STATX_SUBVOL, stx_attributes=0, stx_mode=S_IFREG|0755, stx_size=5060160, ...}) = 0
openat(AT_FDCWD, "/home/xolra0d/dev/databases/touchhouse/target/debug/.fingerprint/psm-89a6876fe3ebfa59/dep-build-script-build-script-build", O_RDONLY|O_CLOEXEC) = 12
statx(12, "", AT_STATX_SYNC_AS_STAT|AT_EMPTY_PATH, STATX_ALL, {stx_mask=STATX_ALL|STATX_MNT_ID|STATX_SUBVOL, stx_attributes=0, stx_mode=S_IFREG|0644, stx_size=14, ...}) = 0
read(12, "\1\0\0\0\377\1\0\0\0\0\0\0\0\0", 14) = 14
read(12, "", 32)                        = 0
close(12)                               = 0
statx(AT_FDCWD, "/home/xolra0d/dev/databases/touchhouse/target/debug/.fingerprint/psm-89a6876fe3ebfa59/dep-build-script-build-script-build", AT_STATX_SYNC_AS_STAT, STATX_ALL, {stx_mask=STATX_ALL|STATX_MNT_ID|STATX_SUBVOL, stx_attributes=0, stx_mode=S_IFREG|0644, stx_size=14, ...}) = 0
getcwd("/home/xolra0d/dev/databases/touchhouse", 512) = 39
statx(AT_FDCWD, "/home/xolra0d/dev/databases/touchhouse/target/debug/build/psm-bd5379c3d93d8c19/output", AT_STATX_SYNC_AS_STAT, STATX_ALL, {stx_mask=STATX_ALL|STATX_MNT_ID|STATX_SUBVOL, stx_attributes=0, stx_mode=S_IFREG|0644, stx_size=1878, ...}) = 0
statx(AT_FDCWD, "/home/xolra0d/dev/databases/touchhouse/target/debug/deps/libpsm-9f062d2b5fb86636.rlib", AT_STATX_SYNC_AS_STAT, STATX_ALL, {stx_mask=STATX_ALL|STATX_MNT_ID|STATX_SUBVOL, stx_attributes=0, stx_mode=S_IFREG|0644, stx_size=38904, ...}) = 0
statx(AT_FDCWD, "/home/xolra0d/dev/databases/touchhouse/target/debug/deps/libpsm-9f062d2b5fb86636.rmeta", AT_STATX_SYNC_AS_STAT, STATX_ALL, {stx_mask=STATX_ALL|STATX_MNT_ID|STATX_SUBVOL, stx_attributes=0, stx_mode=S_IFREG|0644, stx_size=22930, ...}) = 0
openat(AT_FDCWD, "/home/xolra0d/dev/databases/touchhouse/target/debug/.fingerprint/psm-9f062d2b5fb86636/dep-lib-psm", O_RDONLY|O_CLOEXEC) = 12
statx(12, "", AT_STATX_SYNC_AS_STAT|AT_EMPTY_PATH, STATX_ALL, {stx_mask=STATX_ALL|STATX_MNT_ID|STATX_SUBVOL, stx_attributes=0, stx_mode=S_IFREG|0644, stx_size=14, ...}) = 0
read(12, "\1\0\0\0\377\1\0\0\0\0\0\0\0\0", 14) = 14
read(12, "", 32)                        = 0
close(12)                               = 0
statx(AT_FDCWD, "/home/xolra0d/dev/databases/touchhouse/target/debug/.fingerprint/psm-9f062d2b5fb86636/dep-lib-psm", AT_STATX_SYNC_AS_STAT, STATX_ALL, {stx_mask=STATX_ALL|STATX_MNT_ID|STATX_SUBVOL, stx_attributes=0, stx_mode=S_IFREG|0644, stx_size=14, ...}) = 0
getcwd("/home/xolra0d/dev/databases/touchhouse", 512) = 39
statx(AT_FDCWD, "/home/xolra0d/dev/databases/touchhouse/target/debug/build/stacker-0ea011f9a182b54c/build_script_build-0ea011f9a182b54c", AT_STATX_SYNC_AS_STAT, STATX_ALL, {stx_mask=STATX_ALL|STATX_MNT_ID|STATX_SUBVOL, stx_attributes=0, stx_mode=S_IFREG|0755, stx_size=5049704, ...}) = 0
openat(AT_FDCWD, "/home/xolra0d/dev/databases/touchhouse/target/debug/.fingerprint/stacker-0ea011f9a182b54c/dep-build-script-build-script-build", O_RDONLY|O_CLOEXEC) = 12
statx(12, "", AT_STATX_SYNC_AS_STAT|AT_EMPTY_PATH, STATX_ALL, {stx_mask=STATX_ALL|STATX_MNT_ID|STATX_SUBVOL, stx_attributes=0, stx_mode=S_IFREG|0644, stx_size=14, ...}) = 0
read(12, "\1\0\0\0\377\1\0\0\0\0\0\0\0\0", 14) = 14
read(12, "", 32)                        = 0
close(12)                               = 0
statx(AT_FDCWD, "/home/xolra0d/dev/databases/touchhouse/target/debug/.fingerprint/stacker-0ea011f9a182b54c/dep-build-script-build-script-build", AT_STATX_SYNC_AS_STAT, STATX_ALL, {stx_mask=STATX_ALL|STATX_MNT_ID|STATX_SUBVOL, stx_attributes=0, stx_mode=S_IFREG|0644, stx_size=14, ...}) = 0
getcwd("/home/xolra0d/dev/databases/touchhouse", 512) = 39
statx(AT_FDCWD, "/home/xolra0d/dev/databases/touchhouse/target/debug/build/stacker-58daa729ff351cb1/output", AT_STATX_SYNC_AS_STAT, STATX_ALL, {stx_mask=STATX_ALL|STATX_MNT_ID|STATX_SUBVOL, stx_attributes=0, stx_mode=S_IFREG|0644, stx_size=0, ...}) = 0
statx(AT_FDCWD, "/home/xolra0d/dev/databases/touchhouse/target/debug/deps/libstacker-aa6847a1a347561c.rlib", AT_STATX_SYNC_AS_STAT, STATX_ALL, {stx_mask=STATX_ALL|STATX_MNT_ID|STATX_SUBVOL, stx_attributes=0, stx_mode=S_IFREG|0644, stx_size=264336, ...}) = 0
statx(AT_FDCWD, "/home/xolra0d/dev/databases/touchhouse/target/debug/deps/libstacker-aa6847a1a347561c.rmeta", AT_STATX_SYNC_AS_STAT, STATX_ALL, {stx_mask=STATX_ALL|STATX_MNT_ID|STATX_SUBVOL, stx_attributes=0, stx_mode=S_IFREG|0644, stx_size=20580, ...}) = 0
openat(AT_FDCWD, "/home/xolra0d/dev/databases/touchhouse/target/debug/.fingerprint/stacker-aa6847a1a347561c/dep-lib-stacker", O_RDONLY|O_CLOEXEC) = 12
statx(12, "", AT_STATX_SYNC_AS_STAT|AT_EMPTY_PATH, STATX_ALL, {stx_mask=STATX_ALL|STATX_MNT_ID|STATX_SUBVOL, stx_attributes=0, stx_mode=S_IFREG|0644, stx_size=14, ...}) = 0
read(12, "\1\0\0\0\377\1\0\0\0\0\0\0\0\0", 14) = 14
read(12, "", 32)                        = 0
close(12)                               = 0
statx(AT_FDCWD, "/home/xolra0d/dev/databases/touchhouse/target/debug/.fingerprint/stacker-aa6847a1a347561c/dep-lib-stacker", AT_STATX_SYNC_AS_STAT, STATX_ALL, {stx_mask=STATX_ALL|STATX_MNT_ID|STATX_SUBVOL, stx_attributes=0, stx_mode=S_IFREG|0644, stx_size=14, ...}) = 0
getcwd("/home/xolra0d/dev/databases/touchhouse", 512) = 39
statx(AT_FDCWD, "/home/xolra0d/dev/databases/touchhouse/target/debug/deps/librecursive-4aee691ee13520ec.rlib", AT_STATX_SYNC_AS_STAT, STATX_ALL, {stx_mask=STATX_ALL|STATX_MNT_ID|STATX_SUBVOL, stx_attributes=0, stx_mode=S_IFREG|0644, stx_size=30060, ...}) = 0
statx(AT_FDCWD, "/home/xolra0d/dev/databases/touchhouse/target/debug/deps/librecursive-4aee691ee13520ec.rmeta", AT_STATX_SYNC_AS_STAT, STATX_ALL, {stx_mask=STATX_ALL|STATX_MNT_ID|STATX_SUBVOL, stx_attributes=0, stx_mode=S_IFREG|0644, stx_size=7555, ...}) = 0
openat(AT_FDCWD, "/home/xolra0d/dev/databases/touchhouse/target/debug/.fingerprint/recursive-4aee691ee13520ec/dep-lib-recursive", O_RDONLY|O_CLOEXEC) = 12
statx(12, "", AT_STATX_SYNC_AS_STAT|AT_EMPTY_PATH, STATX_ALL, {stx_mask=STATX_ALL|STATX_MNT_ID|STATX_SUBVOL, stx_attributes=0, stx_mode=S_IFREG|0644, stx_size=14, ...}) = 0
read(12, "\1\0\0\0\377\1\0\0\0\0\0\0\0\0", 14) = 14
read(12, "", 32)                        = 0
close(12)                               = 0
statx(AT_FDCWD, "/home/xolra0d/dev/databases/touchhouse/target/debug/.fingerprint/recursive-4aee691ee13520ec/dep-lib-recursive", AT_STATX_SYNC_AS_STAT, STATX_ALL, {stx_mask=STATX_ALL|STATX_MNT_ID|STATX_SUBVOL, stx_attributes=0, stx_mode=S_IFREG|0644, stx_size=14, ...}) = 0
getcwd("/home/xolra0d/dev/databases/touchhouse", 512) = 39
statx(AT_FDCWD, "/home/xolra0d/dev/databases/touchhouse/target/debug/deps/libsqlparser-e29e2d04ead0b934.rlib", AT_STATX_SYNC_AS_STAT, STATX_ALL, {stx_mask=STATX_ALL|STATX_MNT_ID|STATX_SUBVOL, stx_attributes=0, stx_mode=S_IFREG|0644, stx_size=62605892, ...}) = 0
statx(AT_FDCWD, "/home/xolra0d/dev/databases/touchhouse/target/debug/deps/libsqlparser-e29e2d04ead0b934.rmeta", AT_STATX_SYNC_AS_STAT, STATX_ALL, {stx_mask=STATX_ALL|STATX_MNT_ID|STATX_SUBVOL, stx_attributes=0, stx_mode=S_IFREG|0644, stx_size=9132991, ...}) = 0
openat(AT_FDCWD, "/home/xolra0d/dev/databases/touchhouse/target/debug/.fingerprint/sqlparser-e29e2d04ead0b934/dep-lib-sqlparser", O_RDONLY|O_CLOEXEC) = 12
statx(12, "", AT_STATX_SYNC_AS_STAT|AT_EMPTY_PATH, STATX_ALL, {stx_mask=STATX_ALL|STATX_MNT_ID|STATX_SUBVOL, stx_attributes=0, stx_mode=S_IFREG|0644, stx_size=14, ...}) = 0
read(12, "\1\0\0\0\377\1\0\0\0\0\0\0\0\0", 14) = 14
read(12, "", 32)                        = 0
close(12)                               = 0
statx(AT_FDCWD, "/home/xolra0d/dev/databases/touchhouse/target/debug/.fingerprint/sqlparser-e29e2d04ead0b934/dep-lib-sqlparser", AT_STATX_SYNC_AS_STAT, STATX_ALL, {stx_mask=STATX_ALL|STATX_MNT_ID|STATX_SUBVOL, stx_attributes=0, stx_mode=S_IFREG|0644, stx_size=14, ...}) = 0
getcwd("/home/xolra0d/dev/databases/touchhouse", 512) = 39
statx(AT_FDCWD, "/home/xolra0d/dev/databases/touchhouse/target/debug/deps/libmio-5c6e0a9d607858d9.rlib", AT_STATX_SYNC_AS_STAT, STATX_ALL, {stx_mask=STATX_ALL|STATX_MNT_ID|STATX_SUBVOL, stx_attributes=0, stx_mode=S_IFREG|0644, stx_size=1803620, ...}) = 0
statx(AT_FDCWD, "/home/xolra0d/dev/databases/touchhouse/target/debug/deps/libmio-5c6e0a9d607858d9.rmeta", AT_STATX_SYNC_AS_STAT, STATX_ALL, {stx_mask=STATX_ALL|STATX_MNT_ID|STATX_SUBVOL, stx_attributes=0, stx_mode=S_IFREG|0644, stx_size=420973, ...}) = 0
openat(AT_FDCWD, "/home/xolra0d/dev/databases/touchhouse/target/debug/.fingerprint/mio-5c6e0a9d607858d9/dep-lib-mio", O_RDONLY|O_CLOEXEC) = 12
statx(12, "", AT_STATX_SYNC_AS_STAT|AT_EMPTY_PATH, STATX_ALL, {stx_mask=STATX_ALL|STATX_MNT_ID|STATX_SUBVOL, stx_attributes=0, stx_mode=S_IFREG|0644, stx_size=14, ...}) = 0
read(12, "\1\0\0\0\377\1\0\0\0\0\0\0\0\0", 14) = 14
read(12, "", 32)                        = 0
close(12)                               = 0
statx(AT_FDCWD, "/home/xolra0d/dev/databases/touchhouse/target/debug/.fingerprint/mio-5c6e0a9d607858d9/dep-lib-mio", AT_STATX_SYNC_AS_STAT, STATX_ALL, {stx_mask=STATX_ALL|STATX_MNT_ID|STATX_SUBVOL, stx_attributes=0, stx_mode=S_IFREG|0644, stx_size=14, ...}) = 0
getcwd("/home/xolra0d/dev/databases/touchhouse", 512) = 39
statx(AT_FDCWD, "/home/xolra0d/dev/databases/touchhouse/target/debug/deps/libsocket2-a2aea621fc0c1d8c.rlib", AT_STATX_SYNC_AS_STAT, STATX_ALL, {stx_mask=STATX_ALL|STATX_MNT_ID|STATX_SUBVOL, stx_attributes=0, stx_mode=S_IFREG|0644, stx_size=1826956, ...}) = 0
statx(AT_FDCWD, "/home/xolra0d/dev/databases/touchhouse/target/debug/deps/libsocket2-a2aea621fc0c1d8c.rmeta", AT_STATX_SYNC_AS_STAT, STATX_ALL, {stx_mask=STATX_ALL|STATX_MNT_ID|STATX_SUBVOL, stx_attributes=0, stx_mode=S_IFREG|0644, stx_size=393126, ...}) = 0
openat(AT_FDCWD, "/home/xolra0d/dev/databases/touchhouse/target/debug/.fingerprint/socket2-a2aea621fc0c1d8c/dep-lib-socket2", O_RDONLY|O_CLOEXEC) = 12
statx(12, "", AT_STATX_SYNC_AS_STAT|AT_EMPTY_PATH, STATX_ALL, {stx_mask=STATX_ALL|STATX_MNT_ID|STATX_SUBVOL, stx_attributes=0, stx_mode=S_IFREG|0644, stx_size=14, ...}) = 0
read(12, "\1\0\0\0\377\1\0\0\0\0\0\0\0\0", 14) = 14
read(12, "", 32)                        = 0
close(12)                               = 0
statx(AT_FDCWD, "/home/xolra0d/dev/databases/touchhouse/target/debug/.fingerprint/socket2-a2aea621fc0c1d8c/dep-lib-socket2", AT_STATX_SYNC_AS_STAT, STATX_ALL, {stx_mask=STATX_ALL|STATX_MNT_ID|STATX_SUBVOL, stx_attributes=0, stx_mode=S_IFREG|0644, stx_size=14, ...}) = 0
getcwd("/home/xolra0d/dev/databases/touchhouse", 512) = 39
statx(AT_FDCWD, "/home/xolra0d/dev/databases/touchhouse/target/debug/deps/libtokio_macros-d556858d2d06dea4.so", AT_STATX_SYNC_AS_STAT, STATX_ALL, {stx_mask=STATX_ALL|STATX_MNT_ID|STATX_SUBVOL, stx_attributes=0, stx_mode=S_IFREG|0755, stx_size=7614864, ...}) = 0
openat(AT_FDCWD, "/home/xolra0d/dev/databases/touchhouse/target/debug/.fingerprint/tokio-macros-d556858d2d06dea4/dep-lib-tokio_macros", O_RDONLY|O_CLOEXEC) = 12
statx(12, "", AT_STATX_SYNC_AS_STAT|AT_EMPTY_PATH, STATX_ALL, {stx_mask=STATX_ALL|STATX_MNT_ID|STATX_SUBVOL, stx_attributes=0, stx_mode=S_IFREG|0644, stx_size=14, ...}) = 0
read(12, "\1\0\0\0\377\1\0\0\0\0\0\0\0\0", 14) = 14
read(12, "", 32)                        = 0
close(12)                               = 0
statx(AT_FDCWD, "/home/xolra0d/dev/databases/touchhouse/target/debug/.fingerprint/tokio-macros-d556858d2d06dea4/dep-lib-tokio_macros", AT_STATX_SYNC_AS_STAT, STATX_ALL, {stx_mask=STATX_ALL|STATX_MNT_ID|STATX_SUBVOL, stx_attributes=0, stx_mode=S_IFREG|0644, stx_size=14, ...}) = 0
getcwd("/home/xolra0d/dev/databases/touchhouse", 512) = 39
statx(AT_FDCWD, "/home/xolra0d/dev/databases/touchhouse/target/debug/deps/libtokio-2a7bbe414e908c92.rlib", AT_STATX_SYNC_AS_STAT, STATX_ALL, {stx_mask=STATX_ALL|STATX_MNT_ID|STATX_SUBVOL, stx_attributes=0, stx_mode=S_IFREG|0644, stx_size=17455046, ...}) = 0
statx(AT_FDCWD, "/home/xolra0d/dev/databases/touchhouse/target/debug/deps/libtokio-2a7bbe414e908c92.rmeta", AT_STATX_SYNC_AS_STAT, STATX_ALL, {stx_mask=STATX_ALL|STATX_MNT_ID|STATX_SUBVOL, stx_attributes=0, stx_mode=S_IFREG|0644, stx_size=5066232, ...}) = 0
openat(AT_FDCWD, "/home/xolra0d/dev/databases/touchhouse/target/debug/.fingerprint/tokio-2a7bbe414e908c92/dep-lib-tokio", O_RDONLY|O_CLOEXEC) = 12
statx(12, "", AT_STATX_SYNC_AS_STAT|AT_EMPTY_PATH, STATX_ALL, {stx_mask=STATX_ALL|STATX_MNT_ID|STATX_SUBVOL, stx_attributes=0, stx_mode=S_IFREG|0644, stx_size=14, ...}) = 0
read(12, "\1\0\0\0\377\1\0\0\0\0\0\0\0\0", 14) = 14
read(12, "", 32)                        = 0
close(12)                               = 0
statx(AT_FDCWD, "/home/xolra0d/dev/databases/touchhouse/target/debug/.fingerprint/tokio-2a7bbe414e908c92/dep-lib-tokio", AT_STATX_SYNC_AS_STAT, STATX_ALL, {stx_mask=STATX_ALL|STATX_MNT_ID|STATX_SUBVOL, stx_attributes=0, stx_mode=S_IFREG|0644, stx_size=14, ...}) = 0
getcwd("/home/xolra0d/dev/databases/touchhouse", 512) = 39
statx(AT_FDCWD, "/home/xolra0d/dev/databases/touchhouse/target/debug/deps/libbytes-3f778336d0e26e33.rlib", AT_STATX_SYNC_AS_STAT, STATX_ALL, {stx_mask=STATX_ALL|STATX_MNT_ID|STATX_SUBVOL, stx_attributes=0, stx_mode=S_IFREG|0644, stx_size=1789734, ...}) = 0
statx(AT_FDCWD, "/home/xolra0d/dev/databases/touchhouse/target/debug/deps/libbytes-3f778336d0e26e33.rmeta", AT_STATX_SYNC_AS_STAT, STATX_ALL, {stx_mask=STATX_ALL|STATX_MNT_ID|STATX_SUBVOL, stx_attributes=0, stx_mode=S_IFREG|0644, stx_size=850904, ...}) = 0
openat(AT_FDCWD, "/home/xolra0d/dev/databases/touchhouse/target/debug/.fingerprint/bytes-3f778336d0e26e33/dep-lib-bytes", O_RDONLY|O_CLOEXEC) = 12
statx(12, "", AT_STATX_SYNC_AS_STAT|AT_EMPTY_PATH, STATX_ALL, {stx_mask=STATX_ALL|STATX_MNT_ID|STATX_SUBVOL, stx_attributes=0, stx_mode=S_IFREG|0644, stx_size=14, ...}) = 0
read(12, "\1\0\0\0\377\1\0\0\0\0\0\0\0\0", 14) = 14
read(12, "", 32)                        = 0
close(12)                               = 0
statx(AT_FDCWD, "/home/xolra0d/dev/databases/touchhouse/target/debug/.fingerprint/bytes-3f778336d0e26e33/dep-lib-bytes", AT_STATX_SYNC_AS_STAT, STATX_ALL, {stx_mask=STATX_ALL|STATX_MNT_ID|STATX_SUBVOL, stx_attributes=0, stx_mode=S_IFREG|0644, stx_size=14, ...}) = 0
getcwd("/home/xolra0d/dev/databases/touchhouse", 512) = 39
statx(AT_FDCWD, "/home/xolra0d/dev/databases/touchhouse/target/debug/deps/libtokio_util-ba0182ae1afa6850.rlib", AT_STATX_SYNC_AS_STAT, STATX_ALL, {stx_mask=STATX_ALL|STATX_MNT_ID|STATX_SUBVOL, stx_attributes=0, stx_mode=S_IFREG|0644, stx_size=1528170, ...}) = 0
statx(AT_FDCWD, "/home/xolra0d/dev/databases/touchhouse/target/debug/deps/libtokio_util-ba0182ae1afa6850.rmeta", AT_STATX_SYNC_AS_STAT, STATX_ALL, {stx_mask=STATX_ALL|STATX_MNT_ID|STATX_SUBVOL, stx_attributes=0, stx_mode=S_IFREG|0644, stx_size=656224, ...}) = 0
openat(AT_FDCWD, "/home/xolra0d/dev/databases/touchhouse/target/debug/.fingerprint/tokio-util-ba0182ae1afa6850/dep-lib-tokio_util", O_RDONLY|O_CLOEXEC) = 12
statx(12, "", AT_STATX_SYNC_AS_STAT|AT_EMPTY_PATH, STATX_ALL, {stx_mask=STATX_ALL|STATX_MNT_ID|STATX_SUBVOL, stx_attributes=0, stx_mode=S_IFREG|0644, stx_size=14, ...}) = 0
read(12, "\1\0\0\0\377\1\0\0\0\0\0\0\0\0", 14) = 14
read(12, "", 32)                        = 0
close(12)                               = 0
statx(AT_FDCWD, "/home/xolra0d/dev/databases/touchhouse/target/debug/.fingerprint/tokio-util-ba0182ae1afa6850/dep-lib-tokio_util", AT_STATX_SYNC_AS_STAT, STATX_ALL, {stx_mask=STATX_ALL|STATX_MNT_ID|STATX_SUBVOL, stx_attributes=0, stx_mode=S_IFREG|0644, stx_size=14, ...}) = 0
getcwd("/home/xolra0d/dev/databases/touchhouse", 512) = 39
statx(AT_FDCWD, "/home/xolra0d/dev/databases/touchhouse/target/debug/deps/libserde_spanned-2841245405b95ba7.rlib", AT_STATX_SYNC_AS_STAT, STATX_ALL, {stx_mask=STATX_ALL|STATX_MNT_ID|STATX_SUBVOL, stx_attributes=0, stx_mode=S_IFREG|0644, stx_size=88704, ...}) = 0
statx(AT_FDCWD, "/home/xolra0d/dev/databases/touchhouse/target/debug/deps/libserde_spanned-2841245405b95ba7.rmeta", AT_STATX_SYNC_AS_STAT, STATX_ALL, {stx_mask=STATX_ALL|STATX_MNT_ID|STATX_SUBVOL, stx_attributes=0, stx_mode=S_IFREG|0644, stx_size=43778, ...}) = 0
openat(AT_FDCWD, "/home/xolra0d/dev/databases/touchhouse/target/debug/.fingerprint/serde_spanned-2841245405b95ba7/dep-lib-serde_spanned", O_RDONLY|O_CLOEXEC) = 12
statx(12, "", AT_STATX_SYNC_AS_STAT|AT_EMPTY_PATH, STATX_ALL, {stx_mask=STATX_ALL|STATX_MNT_ID|STATX_SUBVOL, stx_attributes=0, stx_mode=S_IFREG|0644, stx_size=14, ...}) = 0
read(12, "\1\0\0\0\377\1\0\0\0\0\0\0\0\0", 14) = 14
read(12, "", 32)                        = 0
close(12)                               = 0
statx(AT_FDCWD, "/home/xolra0d/dev/databases/touchhouse/target/debug/.fingerprint/serde_spanned-2841245405b95ba7/dep-lib-serde_spanned", AT_STATX_SYNC_AS_STAT, STATX_ALL, {stx_mask=STATX_ALL|STATX_MNT_ID|STATX_SUBVOL, stx_attributes=0, stx_mode=S_IFREG|0644, stx_size=14, ...}) = 0
getcwd("/home/xolra0d/dev/databases/touchhouse", 512) = 39
statx(AT_FDCWD, "/home/xolra0d/dev/databases/touchhouse/target/debug/deps/libtoml_datetime-aad8a6e1224c1cd2.rlib", AT_STATX_SYNC_AS_STAT, STATX_ALL, {stx_mask=STATX_ALL|STATX_MNT_ID|STATX_SUBVOL, stx_attributes=0, stx_mode=S_IFREG|0644, stx_size=675390, ...}) = 0
statx(AT_FDCWD, "/home/xolra0d/dev/databases/touchhouse/target/debug/deps/libtoml_datetime-aad8a6e1224c1cd2.rmeta", AT_STATX_SYNC_AS_STAT, STATX_ALL, {stx_mask=STATX_ALL|STATX_MNT_ID|STATX_SUBVOL, stx_attributes=0, stx_mode=S_IFREG|0644, stx_size=145444, ...}) = 0
openat(AT_FDCWD, "/home/xolra0d/dev/databases/touchhouse/target/debug/.fingerprint/toml_datetime-aad8a6e1224c1cd2/dep-lib-toml_datetime", O_RDONLY|O_CLOEXEC) = 12
statx(12, "", AT_STATX_SYNC_AS_STAT|AT_EMPTY_PATH, STATX_ALL, {stx_mask=STATX_ALL|STATX_MNT_ID|STATX_SUBVOL, stx_attributes=0, stx_mode=S_IFREG|0644, stx_size=14, ...}) = 0
read(12, "\1\0\0\0\377\1\0\0\0\0\0\0\0\0", 14) = 14
read(12, "", 32)                        = 0
close(12)                               = 0
statx(AT_FDCWD, "/home/xolra0d/dev/databases/touchhouse/target/debug/.fingerprint/toml_datetime-aad8a6e1224c1cd2/dep-lib-toml_datetime", AT_STATX_SYNC_AS_STAT, STATX_ALL, {stx_mask=STATX_ALL|STATX_MNT_ID|STATX_SUBVOL, stx_attributes=0, stx_mode=S_IFREG|0644, stx_size=14, ...}) = 0
getcwd("/home/xolra0d/dev/databases/touchhouse", 512) = 39
statx(AT_FDCWD, "/home/xolra0d/dev/databases/touchhouse/target/debug/deps/libwinnow-23e4d8354977cf54.rlib", AT_STATX_SYNC_AS_STAT, STATX_ALL, {stx_mask=STATX_ALL|STATX_MNT_ID|STATX_SUBVOL, stx_attributes=0, stx_mode=S_IFREG|0644, stx_size=3533032, ...}) = 0
statx(AT_FDCWD, "/home/xolra0d/dev/databases/touchhouse/target/debug/deps/libwinnow-23e4d8354977cf54.rmeta", AT_STATX_SYNC_AS_STAT, STATX_ALL, {stx_mask=STATX_ALL|STATX_MNT_ID|STATX_SUBVOL, stx_attributes=0, stx_mode=S_IFREG|0644, stx_size=3176723, ...}) = 0
openat(AT_FDCWD, "/home/xolra0d/dev/databases/touchhouse/target/debug/.fingerprint/winnow-23e4d8354977cf54/dep-lib-winnow", O_RDONLY|O_CLOEXEC) = 12
statx(12, "", AT_STATX_SYNC_AS_STAT|AT_EMPTY_PATH, STATX_ALL, {stx_mask=STATX_ALL|STATX_MNT_ID|STATX_SUBVOL, stx_attributes=0, stx_mode=S_IFREG|0644, stx_size=14, ...}) = 0
read(12, "\1\0\0\0\377\1\0\0\0\0\0\0\0\0", 14) = 14
read(12, "", 32)                        = 0
close(12)                               = 0
statx(AT_FDCWD, "/home/xolra0d/dev/databases/touchhouse/target/debug/.fingerprint/winnow-23e4d8354977cf54/dep-lib-winnow", AT_STATX_SYNC_AS_STAT, STATX_ALL, {stx_mask=STATX_ALL|STATX_MNT_ID|STATX_SUBVOL, stx_attributes=0, stx_mode=S_IFREG|0644, stx_size=14, ...}) = 0
getcwd("/home/xolra0d/dev/databases/touchhouse", 512) = 39
statx(AT_FDCWD, "/home/xolra0d/dev/databases/touchhouse/target/debug/deps/libtoml_parser-ec3a7bdf1b5506bc.rlib", AT_STATX_SYNC_AS_STAT, STATX_ALL, {stx_mask=STATX_ALL|STATX_MNT_ID|STATX_SUBVOL, stx_attributes=0, stx_mode=S_IFREG|0644, stx_size=2230050, ...}) = 0
statx(AT_FDCWD, "/home/xolra0d/dev/databases/touchhouse/target/debug/deps/libtoml_parser-ec3a7bdf1b5506bc.rmeta", AT_STATX_SYNC_AS_STAT, STATX_ALL, {stx_mask=STATX_ALL|STATX_MNT_ID|STATX_SUBVOL, stx_attributes=0, stx_mode=S_IFREG|0644, stx_size=303980, ...}) = 0
openat(AT_FDCWD, "/home/xolra0d/dev/databases/touchhouse/target/debug/.fingerprint/toml_parser-ec3a7bdf1b5506bc/dep-lib-toml_parser", O_RDONLY|O_CLOEXEC) = 12
statx(12, "", AT_STATX_SYNC_AS_STAT|AT_EMPTY_PATH, STATX_ALL, {stx_mask=STATX_ALL|STATX_MNT_ID|STATX_SUBVOL, stx_attributes=0, stx_mode=S_IFREG|0644, stx_size=14, ...}) = 0
read(12, "\1\0\0\0\377\1\0\0\0\0\0\0\0\0", 14) = 14
read(12, "", 32)                        = 0
close(12)                               = 0
statx(AT_FDCWD, "/home/xolra0d/dev/databases/touchhouse/target/debug/.fingerprint/toml_parser-ec3a7bdf1b5506bc/dep-lib-toml_parser", AT_STATX_SYNC_AS_STAT, STATX_ALL, {stx_mask=STATX_ALL|STATX_MNT_ID|STATX_SUBVOL, stx_attributes=0, stx_mode=S_IFREG|0644, stx_size=14, ...}) = 0
getcwd("/home/xolra0d/dev/databases/touchhouse", 512) = 39
statx(AT_FDCWD, "/home/xolra0d/dev/databases/touchhouse/target/debug/deps/libtoml_writer-d580fba5eae89f14.rlib", AT_STATX_SYNC_AS_STAT, STATX_ALL, {stx_mask=STATX_ALL|STATX_MNT_ID|STATX_SUBVOL, stx_attributes=0, stx_mode=S_IFREG|0644, stx_size=250132, ...}) = 0
statx(AT_FDCWD, "/home/xolra0d/dev/databases/touchhouse/target/debug/deps/libtoml_writer-d580fba5eae89f14.rmeta", AT_STATX_SYNC_AS_STAT, STATX_ALL, {stx_mask=STATX_ALL|STATX_MNT_ID|STATX_SUBVOL, stx_attributes=0, stx_mode=S_IFREG|0644, stx_size=187650, ...}) = 0
openat(AT_FDCWD, "/home/xolra0d/dev/databases/touchhouse/target/debug/.fingerprint/toml_writer-d580fba5eae89f14/dep-lib-toml_writer", O_RDONLY|O_CLOEXEC) = 12
statx(12, "", AT_STATX_SYNC_AS_STAT|AT_EMPTY_PATH, STATX_ALL, {stx_mask=STATX_ALL|STATX_MNT_ID|STATX_SUBVOL, stx_attributes=0, stx_mode=S_IFREG|0644, stx_size=14, ...}) = 0
read(12, "\1\0\0\0\377\1\0\0\0\0\0\0\0\0", 14) = 14
read(12, "", 32)                        = 0
close(12)                               = 0
statx(AT_FDCWD, "/home/xolra0d/dev/databases/touchhouse/target/debug/.fingerprint/toml_writer-d580fba5eae89f14/dep-lib-toml_writer", AT_STATX_SYNC_AS_STAT, STATX_ALL, {stx_mask=STATX_ALL|STATX_MNT_ID|STATX_SUBVOL, stx_attributes=0, stx_mode=S_IFREG|0644, stx_size=14, ...}) = 0
getcwd("/home/xolra0d/dev/databases/touchhouse", 512) = 39
statx(AT_FDCWD, "/home/xolra0d/dev/databases/touchhouse/target/debug/deps/libtoml-4b1a9a7e1e4e8a1b.rlib", AT_STATX_SYNC_AS_STAT, STATX_ALL, {stx_mask=STATX_ALL|STATX_MNT_ID|STATX_SUBVOL, stx_attributes=0, stx_mode=S_IFREG|0644, stx_size=7601860, ...}) = 0
statx(AT_FDCWD, "/home/xolra0d/dev/databases/touchhouse/target/debug/deps/libtoml-4b1a9a7e1e4e8a1b.rmeta", AT_STATX_SYNC_AS_STAT, STATX_ALL, {stx_mask=STATX_ALL|STATX_MNT_ID|STATX_SUBVOL, stx_attributes=0, stx_mode=S_IFREG|0644, stx_size=1046363, ...}) = 0
openat(AT_FDCWD, "/home/xolra0d/dev/databases/touchhouse/target/debug/.fingerprint/toml-4b1a9a7e1e4e8a1b/dep-lib-toml", O_RDONLY|O_CLOEXEC) = 12
statx(12, "", AT_STATX_SYNC_AS_STAT|AT_EMPTY_PATH, STATX_ALL, {stx_mask=STATX_ALL|STATX_MNT_ID|STATX_SUBVOL, stx_attributes=0, stx_mode=S_IFREG|0644, stx_size=14, ...}) = 0
read(12, "\1\0\0\0\377\1\0\0\0\0\0\0\0\0", 14) = 14
read(12, "", 32)                        = 0
close(12)                               = 0
statx(AT_FDCWD, "/home/xolra0d/dev/databases/touchhouse/target/debug/.fingerprint/toml-4b1a9a7e1e4e8a1b/dep-lib-toml", AT_STATX_SYNC_AS_STAT, STATX_ALL, {stx_mask=STATX_ALL|STATX_MNT_ID|STATX_SUBVOL, stx_attributes=0, stx_mode=S_IFREG|0644, stx_size=14, ...}) = 0
getcwd("/home/xolra0d/dev/databases/touchhouse", 512) = 39
statx(AT_FDCWD, "/home/xolra0d/dev/databases/touchhouse/target/debug/deps/libtouchhouse-78cc293b3d453b09.rlib", AT_STATX_SYNC_AS_STAT, STATX_ALL, {stx_mask=STATX_ALL|STATX_MNT_ID|STATX_SUBVOL, stx_attributes=0, stx_mode=S_IFREG|0644, stx_size=32732194, ...}) = 0
statx(AT_FDCWD, "/home/xolra0d/dev/databases/touchhouse/target/debug/deps/libtouchhouse-78cc293b3d453b09.rmeta", AT_STATX_SYNC_AS_STAT, STATX_ALL, {stx_mask=STATX_ALL|STATX_MNT_ID|STATX_SUBVOL, stx_attributes=0, stx_mode=S_IFREG|0644, stx_size=1169972, ...}) = 0
openat(AT_FDCWD, "/home/xolra0d/dev/databases/touchhouse/target/debug/.fingerprint/touchhouse-78cc293b3d453b09/dep-lib-touchhouse", O_RDONLY|O_CLOEXEC) = 12
statx(12, "", AT_STATX_SYNC_AS_STAT|AT_EMPTY_PATH, STATX_ALL, {stx_mask=STATX_ALL|STATX_MNT_ID|STATX_SUBVOL, stx_attributes=0, stx_mode=S_IFREG|0644, stx_size=1187, ...}) = 0
read(12, "\1\0\0\0\377\1%\0\0\0\0\24\0\0\0src/tcp_io_parser"..., 1187) = 1187
read(12, "", 32)                        = 0
close(12)                               = 0
statx(AT_FDCWD, "/home/xolra0d/dev/databases/touchhouse/target/debug/.fingerprint/touchhouse-78cc293b3d453b09/dep-lib-touchhouse", AT_STATX_SYNC_AS_STAT, STATX_ALL, {stx_mask=STATX_ALL|STATX_MNT_ID|STATX_SUBVOL, stx_attributes=0, stx_mode=S_IFREG|0644, stx_size=1187, ...}) = 0
getcwd("/home/xolra0d/dev/databases/touchhouse", 512) = 39
statx(AT_FDCWD, "/home/xolra0d/dev/databases/touchhouse/src/storage/tables/mod.rs", AT_STATX_SYNC_AS_STAT, STATX_ALL, {stx_mask=STATX_ALL|STATX_MNT_ID|STATX_SUBVOL, stx_attributes=0, stx_mode=S_IFREG|0644, stx_size=782, ...}) = 0
statx(AT_FDCWD, "/home/xolra0d/dev/databases/touchhouse/src/storage/table_metadata.rs", AT_STATX_SYNC_AS_STAT, STATX_ALL, {stx_mask=STATX_ALL|STATX_MNT_ID|STATX_SUBVOL, stx_attributes=0, stx_mode=S_IFREG|0644, stx_size=5548, ...}) = 0
statx(AT_FDCWD, "/home/xolra0d/dev/databases/touchhouse/src/sql/logical_plan/drop.rs", AT_STATX_SYNC_AS_STAT, STATX_ALL, {stx_mask=STATX_ALL|STATX_MNT_ID|STATX_SUBVOL, stx_attributes=0, stx_mode=S_IFREG|0644, stx_size=2530, ...}) = 0
statx(AT_FDCWD, "/home/xolra0d/dev/databases/touchhouse/src/sql/execution/select/mod.rs", AT_STATX_SYNC_AS_STAT, STATX_ALL, {stx_mask=STATX_ALL|STATX_MNT_ID|STATX_SUBVOL, stx_attributes=0, stx_mode=S_IFREG|0644, stx_size=9080, ...}) = 0
statx(AT_FDCWD, "/home/xolra0d/dev/databases/touchhouse/src/sql/logical_plan/insert.rs", AT_STATX_SYNC_AS_STAT, STATX_ALL, {stx_mask=STATX_ALL|STATX_MNT_ID|STATX_SUBVOL, stx_attributes=0, stx_mode=S_IFREG|0644, stx_size=7301, ...}) = 0
statx(AT_FDCWD, "/home/xolra0d/dev/databases/touchhouse/src/sql/execution/select/strategy.rs", AT_STATX_SYNC_AS_STAT, STATX_ALL, {stx_mask=STATX_ALL|STATX_MNT_ID|STATX_SUBVOL, stx_attributes=0, stx_mode=S_IFREG|0644, stx_size=919, ...}) = 0
statx(AT_FDCWD, "/home/xolra0d/dev/databases/touchhouse/src/storage/table_def.rs", AT_STATX_SYNC_AS_STAT, STATX_ALL, {stx_mask=STATX_ALL|STATX_MNT_ID|STATX_SUBVOL, stx_attributes=0, stx_mode=S_IFREG|0644, stx_size=2184, ...}) = 0
statx(AT_FDCWD, "/home/xolra0d/dev/databases/touchhouse/src/storage/tables/virtual.rs", AT_STATX_SYNC_AS_STAT, STATX_ALL, {stx_mask=STATX_ALL|STATX_MNT_ID|STATX_SUBVOL, stx_attributes=0, stx_mode=S_IFREG|0644, stx_size=3299, ...}) = 0
statx(AT_FDCWD, "/home/xolra0d/dev/databases/touchhouse/src/sql/logical_plan/create_table.rs", AT_STATX_SYNC_AS_STAT, STATX_ALL, {stx_mask=STATX_ALL|STATX_MNT_ID|STATX_SUBVOL, stx_attributes=0, stx_mode=S_IFREG|0644, stx_size=16829, ...}) = 0
statx(AT_FDCWD, "/home/xolra0d/dev/databases/touchhouse/src/sql/execution/insert.rs", AT_STATX_SYNC_AS_STAT, STATX_ALL, {stx_mask=STATX_ALL|STATX_MNT_ID|STATX_SUBVOL, stx_attributes=0, stx_mode=S_IFREG|0644, stx_size=781, ...}) = 0
statx(AT_FDCWD, "/home/xolra0d/dev/databases/touchhouse/src/storage/output_table.rs", AT_STATX_SYNC_AS_STAT, STATX_ALL, {stx_mask=STATX_ALL|STATX_MNT_ID|STATX_SUBVOL, stx_attributes=0, stx_mode=S_IFREG|0644, stx_size=438, ...}) = 0
statx(AT_FDCWD, "/home/xolra0d/dev/databases/touchhouse/src/sql/logical_plan/select.rs", AT_STATX_SYNC_AS_STAT, STATX_ALL, {stx_mask=STATX_ALL|STATX_MNT_ID|STATX_SUBVOL, stx_attributes=0, stx_mode=S_IFREG|0644, stx_size=15666, ...}) = 0
statx(AT_FDCWD, "/home/xolra0d/dev/databases/touchhouse/src/sql/execution/create.rs", AT_STATX_SYNC_AS_STAT, STATX_ALL, {stx_mask=STATX_ALL|STATX_MNT_ID|STATX_SUBVOL, stx_attributes=0, stx_mode=S_IFREG|0644, stx_size=2768, ...}) = 0
statx(AT_FDCWD, "/home/xolra0d/dev/databases/touchhouse/src/config.rs", AT_STATX_SYNC_AS_STAT, STATX_ALL, {stx_mask=STATX_ALL|STATX_MNT_ID|STATX_SUBVOL, stx_attributes=0, stx_mode=S_IFREG|0644, stx_size=4695, ...}) = 0
statx(AT_FDCWD, "/home/xolra0d/dev/databases/touchhouse/src/engines/merge_tree.rs", AT_STATX_SYNC_AS_STAT, STATX_ALL, {stx_mask=STATX_ALL|STATX_MNT_ID|STATX_SUBVOL, stx_attributes=0, stx_mode=S_IFREG|0644, stx_size=10722, ...}) = 0
statx(AT_FDCWD, "/home/xolra0d/dev/databases/touchhouse/src/sql/command_runner.rs", AT_STATX_SYNC_AS_STAT, STATX_ALL, {stx_mask=STATX_ALL|STATX_MNT_ID|STATX_SUBVOL, stx_attributes=0, stx_mode=S_IFREG|0644, stx_size=2581, ...}) = 0
statx(AT_FDCWD, "/home/xolra0d/dev/databases/touchhouse/src/sql/sql_parser.rs", AT_STATX_SYNC_AS_STAT, STATX_ALL, {stx_mask=STATX_ALL|STATX_MNT_ID|STATX_SUBVOL, stx_attributes=0, stx_mode=S_IFREG|0644, stx_size=18876, ...}) = 0
statx(AT_FDCWD, "/home/xolra0d/dev/databases/touchhouse/src/tcp_io_parser.rs", AT_STATX_SYNC_AS_STAT, STATX_ALL, {stx_mask=STATX_ALL|STATX_MNT_ID|STATX_SUBVOL, stx_attributes=0, stx_mode=S_IFREG|0644, stx_size=3912, ...}) = 0
statx(AT_FDCWD, "/home/xolra0d/dev/databases/touchhouse/src/storage/column.rs", AT_STATX_SYNC_AS_STAT, STATX_ALL, {stx_mask=STATX_ALL|STATX_MNT_ID|STATX_SUBVOL, stx_attributes=0, stx_mode=S_IFREG|0644, stx_size=5797, ...}) = 0
statx(AT_FDCWD, "/home/xolra0d/dev/databases/touchhouse/src/storage/table_part.rs", AT_STATX_SYNC_AS_STAT, STATX_ALL, {stx_mask=STATX_ALL|STATX_MNT_ID|STATX_SUBVOL, stx_attributes=0, stx_mode=S_IFREG|0644, stx_size=13202, ...}) = 0
statx(AT_FDCWD, "/home/xolra0d/dev/databases/touchhouse/src/sql/execution/drop.rs", AT_STATX_SYNC_AS_STAT, STATX_ALL, {stx_mask=STATX_ALL|STATX_MNT_ID|STATX_SUBVOL, stx_attributes=0, stx_mode=S_IFREG|0644, stx_size=2086, ...}) = 0
statx(AT_FDCWD, "/home/xolra0d/dev/databases/touchhouse/src/storage/compression.rs", AT_STATX_SYNC_AS_STAT, STATX_ALL, {stx_mask=STATX_ALL|STATX_MNT_ID|STATX_SUBVOL, stx_attributes=0, stx_mode=S_IFREG|0644, stx_size=2539, ...}) = 0
statx(AT_FDCWD, "/home/xolra0d/dev/databases/touchhouse/src/lib.rs", AT_STATX_SYNC_AS_STAT, STATX_ALL, {stx_mask=STATX_ALL|STATX_MNT_ID|STATX_SUBVOL, stx_attributes=0, stx_mode=S_IFREG|0644, stx_size=8258, ...}) = 0
statx(AT_FDCWD, "/home/xolra0d/dev/databases/touchhouse/src/storage/value.rs", AT_STATX_SYNC_AS_STAT, STATX_ALL, {stx_mask=STATX_ALL|STATX_MNT_ID|STATX_SUBVOL, stx_attributes=0, stx_mode=S_IFREG|0644, stx_size=13877, ...}) = 0
statx(AT_FDCWD, "/home/xolra0d/dev/databases/touchhouse/src/sql/logical_plan/mod.rs", AT_STATX_SYNC_AS_STAT, STATX_ALL, {stx_mask=STATX_ALL|STATX_MNT_ID|STATX_SUBVOL, stx_attributes=0, stx_mode=S_IFREG|0644, stx_size=73, ...}) = 0
statx(AT_FDCWD, "/home/xolra0d/dev/databases/touchhouse/src/engines/replacing_merge_tree.rs", AT_STATX_SYNC_AS_STAT, STATX_ALL, {stx_mask=STATX_ALL|STATX_MNT_ID|STATX_SUBVOL, stx_attributes=0, stx_mode=S_IFREG|0644, stx_size=7428, ...}) = 0
statx(AT_FDCWD, "/home/xolra0d/dev/databases/touchhouse/src/sql/compiled_filter.rs", AT_STATX_SYNC_AS_STAT, STATX_ALL, {stx_mask=STATX_ALL|STATX_MNT_ID|STATX_SUBVOL, stx_attributes=0, stx_mode=S_IFREG|0644, stx_size=23296, ...}) = 0
statx(AT_FDCWD, "/home/xolra0d/dev/databases/touchhouse/src/engines/mod.rs", AT_STATX_SYNC_AS_STAT, STATX_ALL, {stx_mask=STATX_ALL|STATX_MNT_ID|STATX_SUBVOL, stx_attributes=0, stx_mode=S_IFREG|0644, stx_size=1679, ...}) = 0
statx(AT_FDCWD, "/home/xolra0d/dev/databases/touchhouse/src/runtime_config.rs", AT_STATX_SYNC_AS_STAT, STATX_ALL, {stx_mask=STATX_ALL|STATX_MNT_ID|STATX_SUBVOL, stx_attributes=0, stx_mode=S_IFREG|0644, stx_size=1205, ...}) = 0
statx(AT_FDCWD, "/home/xolra0d/dev/databases/touchhouse/src/sql/mod.rs", AT_STATX_SYNC_AS_STAT, STATX_ALL, {stx_mask=STATX_ALL|STATX_MNT_ID|STATX_SUBVOL, stx_attributes=0, stx_mode=S_IFREG|0644, stx_size=1221, ...}) = 0
statx(AT_FDCWD, "/home/xolra0d/dev/databases/touchhouse/src/error.rs", AT_STATX_SYNC_AS_STAT, STATX_ALL, {stx_mask=STATX_ALL|STATX_MNT_ID|STATX_SUBVOL, stx_attributes=0, stx_mode=S_IFREG|0644, stx_size=3184, ...}) = 0
statx(AT_FDCWD, "/home/xolra0d/dev/databases/touchhouse/src/sql/plan_optimization/mod.rs", AT_STATX_SYNC_AS_STAT, STATX_ALL, {stx_mask=STATX_ALL|STATX_MNT_ID|STATX_SUBVOL, stx_attributes=0, stx_mode=S_IFREG|0644, stx_size=379, ...}) = 0
statx(AT_FDCWD, "/home/xolra0d/dev/databases/touchhouse/src/sql/execution/select/accumulate_function.rs", AT_STATX_SYNC_AS_STAT, STATX_ALL, {stx_mask=STATX_ALL|STATX_MNT_ID|STATX_SUBVOL, stx_attributes=0, stx_mode=S_IFREG|0644, stx_size=708, ...}) = 0
statx(AT_FDCWD, "/home/xolra0d/dev/databases/touchhouse/src/sql/logical_plan/create_database.rs", AT_STATX_SYNC_AS_STAT, STATX_ALL, {stx_mask=STATX_ALL|STATX_MNT_ID|STATX_SUBVOL, stx_attributes=0, stx_mode=S_IFREG|0644, stx_size=2953, ...}) = 0
statx(AT_FDCWD, "/home/xolra0d/dev/databases/touchhouse/src/storage/mod.rs", AT_STATX_SYNC_AS_STAT, STATX_ALL, {stx_mask=STATX_ALL|STATX_MNT_ID|STATX_SUBVOL, stx_attributes=0, stx_mode=S_IFREG|0644, stx_size=555, ...}) = 0
statx(AT_FDCWD, "/home/xolra0d/dev/databases/touchhouse/src/sql/execution/mod.rs", AT_STATX_SYNC_AS_STAT, STATX_ALL, {stx_mask=STATX_ALL|STATX_MNT_ID|STATX_SUBVOL, stx_attributes=0, stx_mode=S_IFREG|0644, stx_size=235, ...}) = 0
statx(AT_FDCWD, "/home/xolra0d/dev/databases/touchhouse/src/storage/tables/native.rs", AT_STATX_SYNC_AS_STAT, STATX_ALL, {stx_mask=STATX_ALL|STATX_MNT_ID|STATX_SUBVOL, stx_attributes=0, stx_mode=S_IFREG|0644, stx_size=8835, ...}) = 0
openat(AT_FDCWD, "/home/xolra0d/dev/databases/touchhouse/target/debug/.fingerprint/touchhouse-78cc293b3d453b09/lib-touchhouse", O_RDONLY|O_CLOEXEC) = 12
statx(12, "", AT_STATX_SYNC_AS_STAT|AT_EMPTY_PATH, STATX_ALL, {stx_mask=STATX_ALL|STATX_MNT_ID|STATX_SUBVOL, stx_attributes=0, stx_mode=S_IFREG|0644, stx_size=16, ...}) = 0
read(12, "6c3c2d8591024498", 16)        = 16
read(12, "", 32)                        = 0
close(12)                               = 0
ioctl(2, TIOCGWINSZ, {ws_row=33, ws_col=60, ws_xpixel=600, ws_ypixel=726}) = 0
statx(AT_FDCWD, "/home/xolra0d/dev/databases/touchhouse/target/debug/.fingerprint/crc32fast-d17678f8d9b25d49", AT_STATX_SYNC_AS_STAT, STATX_ALL, {stx_mask=STATX_ALL|STATX_MNT_ID|STATX_SUBVOL, stx_attributes=0, stx_mode=S_IFDIR|0755, stx_size=130, ...}) = 0
openat(AT_FDCWD, "/home/xolra0d/dev/databases/touchhouse/target/debug/.fingerprint/crc32fast-d17678f8d9b25d49/lib-crc32fast", O_RDONLY|O_CLOEXEC) = 12
statx(12, "", AT_STATX_SYNC_AS_STAT|AT_EMPTY_PATH, STATX_ALL, {stx_mask=STATX_ALL|STATX_MNT_ID|STATX_SUBVOL, stx_attributes=0, stx_mode=S_IFREG|0644, stx_size=16, ...}) = 0
read(12, "cc08ee503263d7f6", 16)        = 16
read(12, "", 32)                        = 0
close(12)                               = 0
ioctl(2, TIOCGWINSZ, {ws_row=33, ws_col=60, ws_xpixel=600, ws_ypixel=726}) = 0
statx(AT_FDCWD, "/home/xolra0d/dev/databases/touchhouse/target/debug/.fingerprint/cfg-if-5d5b6fb23568366e", AT_STATX_SYNC_AS_STAT, STATX_ALL, {stx_mask=STATX_ALL|STATX_MNT_ID|STATX_SUBVOL, stx_attributes=0, stx_mode=S_IFDIR|0755, stx_size=112, ...}) = 0
openat(AT_FDCWD, "/home/xolra0d/dev/databases/touchhouse/target/debug/.fingerprint/cfg-if-5d5b6fb23568366e/lib-cfg_if", O_RDONLY|O_CLOEXEC) = 12
statx(12, "", AT_STATX_SYNC_AS_STAT|AT_EMPTY_PATH, STATX_ALL, {stx_mask=STATX_ALL|STATX_MNT_ID|STATX_SUBVOL, stx_attributes=0, stx_mode=S_IFREG|0644, stx_size=16, ...}) = 0
read(12, "aa0a1b8659b524e9", 16)        = 16
read(12, "", 32)                        = 0
close(12)                               = 0
ioctl(2, TIOCGWINSZ, {ws_row=33, ws_col=60, ws_xpixel=600, ws_ypixel=726}) = 0
statx(AT_FDCWD, "/home/xolra0d/dev/databases/touchhouse/target/debug/.fingerprint/crc32fast-b09c59eae4a5ad74", AT_STATX_SYNC_AS_STAT, STATX_ALL, {stx_mask=STATX_ALL|STATX_MNT_ID|STATX_SUBVOL, stx_attributes=0, stx_mode=S_IFDIR|0755, stx_size=150, ...}) = 0
statx(AT_FDCWD, "/home/xolra0d/.nvm/versions/node/v24.12.0/bin/rustdoc", AT_STATX_SYNC_AS_STAT, STATX_ALL, 0x7ffda6d4c5d0) = -1 ENOENT (No such file or directory)
statx(AT_FDCWD, "/home/xolra0d/.duckdb/cli/latest/rustdoc", AT_STATX_SYNC_AS_STAT, STATX_ALL, 0x7ffda6d4c5d0) = -1 ENOENT (No such file or directory)
statx(AT_FDCWD, "/home/xolra0d/.local/share/solana/install/active_release/bin/rustdoc", AT_STATX_SYNC_AS_STAT, STATX_ALL, 0x7ffda6d4c5d0) = -1 ENOENT (No such file or directory)
statx(AT_FDCWD, "/home/xolra0d/.local/bin/rustdoc", AT_STATX_SYNC_AS_STAT, STATX_ALL, 0x7ffda6d4c5d0) = -1 ENOENT (No such file or directory)
statx(AT_FDCWD, "/usr/bin/rustdoc", AT_STATX_SYNC_AS_STAT, STATX_ALL, {stx_mask=STATX_ALL|STATX_MNT_ID|STATX_SUBVOL, stx_attributes=0, stx_mode=S_IFREG|0755, stx_size=12086344, ...}) = 0
statx(AT_FDCWD, "/home/xolra0d/.nvm/versions/node/v24.12.0/bin/rustup", AT_STATX_SYNC_AS_STAT, STATX_ALL, 0x7ffda6d4c5d0) = -1 ENOENT (No such file or directory)
statx(AT_FDCWD, "/home/xolra0d/.duckdb/cli/latest/rustup", AT_STATX_SYNC_AS_STAT, STATX_ALL, 0x7ffda6d4c5d0) = -1 ENOENT (No such file or directory)
statx(AT_FDCWD, "/home/xolra0d/.local/share/solana/install/active_release/bin/rustup", AT_STATX_SYNC_AS_STAT, STATX_ALL, 0x7ffda6d4c5d0) = -1 ENOENT (No such file or directory)
statx(AT_FDCWD, "/home/xolra0d/.local/bin/rustup", AT_STATX_SYNC_AS_STAT, STATX_ALL, 0x7ffda6d4c5d0) = -1 ENOENT (No such file or directory)
statx(AT_FDCWD, "/usr/bin/rustup", AT_STATX_SYNC_AS_STAT, STATX_ALL, {stx_mask=STATX_ALL|STATX_MNT_ID|STATX_SUBVOL, stx_attributes=0, stx_mode=S_IFREG|0755, stx_size=12086344, ...}) = 0
statx(AT_FDCWD, "/usr/bin/rustdoc", AT_STATX_SYNC_AS_STAT, STATX_ALL, {stx_mask=STATX_ALL|STATX_MNT_ID|STATX_SUBVOL, stx_attributes=0, stx_mode=S_IFREG|0755, stx_size=12086344, ...}) = 0
statx(AT_FDCWD, "/usr/bin/rustup", AT_STATX_SYNC_AS_STAT, STATX_ALL, {stx_mask=STATX_ALL|STATX_MNT_ID|STATX_SUBVOL, stx_attributes=0, stx_mode=S_IFREG|0755, stx_size=12086344, ...}) = 0
getcwd("/home/xolra0d/dev/databases/touchhouse", 512) = 39
statx(AT_FDCWD, "/home/xolra0d/.rustup/toolchains/stable-x86_64-unknown-linux-gnu/bin/rustdoc", AT_STATX_SYNC_AS_STAT, STATX_ALL, {stx_mask=STATX_ALL|STATX_MNT_ID|STATX_SUBVOL, stx_attributes=0, stx_mode=S_IFREG|0755, stx_size=13975448, ...}) = 0
openat(AT_FDCWD, "/home/xolra0d/dev/databases/touchhouse/target/debug/build/crc32fast-b09c59eae4a5ad74/root-output", O_RDONLY|O_CLOEXEC) = 12
statx(12, "", AT_STATX_SYNC_AS_STAT|AT_EMPTY_PATH, STATX_ALL, {stx_mask=STATX_ALL|STATX_MNT_ID|STATX_SUBVOL, stx_attributes=0, stx_mode=S_IFREG|0644, stx_size=88, ...}) = 0
read(12, "/home/xolra0d/dev/databases/touc"..., 88) = 88
read(12, "", 32)                        = 0
close(12)                               = 0
openat(AT_FDCWD, "/home/xolra0d/dev/databases/touchhouse/target/debug/build/crc32fast-b09c59eae4a5ad74/output", O_RDONLY|O_CLOEXEC) = 12
statx(12, "", AT_STATX_SYNC_AS_STAT|AT_EMPTY_PATH, STATX_ALL, {stx_mask=STATX_ALL|STATX_MNT_ID|STATX_SUBVOL, stx_attributes=0, stx_mode=S_IFREG|0644, stx_size=99, ...}) = 0
read(12, "cargo:rustc-cfg=stable_arm_crc32"..., 99) = 99
read(12, "", 32)                        = 0
close(12)                               = 0
mkdir("/home/xolra0d/dev/databases/touchhouse/target/debug/build/crc32fast-a1aeaaf666d10f76", 0777) = -1 EEXIST (File exists)
statx(AT_FDCWD, "/home/xolra0d/dev/databases/touchhouse/target/debug/build/crc32fast-a1aeaaf666d10f76", AT_STATX_SYNC_AS_STAT, STATX_ALL, {stx_mask=STATX_ALL|STATX_MNT_ID|STATX_SUBVOL, stx_attributes=0, stx_mode=S_IFDIR|0755, stx_size=180, ...}) = 0
mkdir("/home/xolra0d/dev/databases/touchhouse/target/debug/build/crc32fast-b09c59eae4a5ad74/out", 0777) = -1 EEXIST (File exists)
statx(AT_FDCWD, "/home/xolra0d/dev/databases/touchhouse/target/debug/build/crc32fast-b09c59eae4a5ad74/out", AT_STATX_SYNC_AS_STAT, STATX_ALL, {stx_mask=STATX_ALL|STATX_MNT_ID|STATX_SUBVOL, stx_attributes=0, stx_mode=S_IFDIR|0755, stx_size=0, ...}) = 0
openat(AT_FDCWD, "/home/xolra0d/dev/databases/touchhouse/target/debug/.fingerprint/crc32fast-b09c59eae4a5ad74/run-build-script-build-script-build", O_RDONLY|O_CLOEXEC) = 12
statx(12, "", AT_STATX_SYNC_AS_STAT|AT_EMPTY_PATH, STATX_ALL, {stx_mask=STATX_ALL|STATX_MNT_ID|STATX_SUBVOL, stx_attributes=0, stx_mode=S_IFREG|0644, stx_size=16, ...}) = 0
read(12, "ac817eeb35f4e8be", 16)        = 16
read(12, "", 32)                        = 0
close(12)                               = 0
statx(AT_FDCWD, "/home/xolra0d/dev/databases/touchhouse/target/debug/.fingerprint/crc32fast-a1aeaaf666d10f76", AT_STATX_SYNC_AS_STAT, STATX_ALL, {stx_mask=STATX_ALL|STATX_MNT_ID|STATX_SUBVOL, stx_attributes=0, stx_mode=S_IFDIR|0755, stx_size=238, ...}) = 0
openat(AT_FDCWD, "/home/xolra0d/dev/databases/touchhouse/target/debug/.fingerprint/crc32fast-a1aeaaf666d10f76/build-script-build-script-build", O_RDONLY|O_CLOEXEC) = 12
statx(12, "", AT_STATX_SYNC_AS_STAT|AT_EMPTY_PATH, STATX_ALL, {stx_mask=STATX_ALL|STATX_MNT_ID|STATX_SUBVOL, stx_attributes=0, stx_mode=S_IFREG|0644, stx_size=16, ...}) = 0
read(12, "2863ebfe7d04c213", 16)        = 16
read(12, "", 32)                        = 0
close(12)                               = 0
ioctl(2, TIOCGWINSZ, {ws_row=33, ws_col=60, ws_xpixel=600, ws_ypixel=726}) = 0
statx(AT_FDCWD, "/home/xolra0d/dev/databases/touchhouse/target/debug/.fingerprint/dashmap-7cef67cfb66c0894", AT_STATX_SYNC_AS_STAT, STATX_ALL, {stx_mask=STATX_ALL|STATX_MNT_ID|STATX_SUBVOL, stx_attributes=0, stx_mode=S_IFDIR|0755, stx_size=118, ...}) = 0
openat(AT_FDCWD, "/home/xolra0d/dev/databases/touchhouse/target/debug/.fingerprint/dashmap-7cef67cfb66c0894/lib-dashmap", O_RDONLY|O_CLOEXEC) = 12
statx(12, "", AT_STATX_SYNC_AS_STAT|AT_EMPTY_PATH, STATX_ALL, {stx_mask=STATX_ALL|STATX_MNT_ID|STATX_SUBVOL, stx_attributes=0, stx_mode=S_IFREG|0644, stx_size=16, ...}) = 0
read(12, "bf97e4c6ae79a6c6", 16)        = 16
read(12, "", 32)                        = 0
close(12)                               = 0
ioctl(2, TIOCGWINSZ, {ws_row=33, ws_col=60, ws_xpixel=600, ws_ypixel=726}) = 0
statx(AT_FDCWD, "/home/xolra0d/dev/databases/touchhouse/target/debug/.fingerprint/crossbeam-utils-8775055eb4b1a9f1", AT_STATX_SYNC_AS_STAT, STATX_ALL, {stx_mask=STATX_ALL|STATX_MNT_ID|STATX_SUBVOL, stx_attributes=0, stx_mode=S_IFDIR|0755, stx_size=166, ...}) = 0
openat(AT_FDCWD, "/home/xolra0d/dev/databases/touchhouse/target/debug/.fingerprint/crossbeam-utils-8775055eb4b1a9f1/lib-crossbeam_utils", O_RDONLY|O_CLOEXEC) = 12
statx(12, "", AT_STATX_SYNC_AS_STAT|AT_EMPTY_PATH, STATX_ALL, {stx_mask=STATX_ALL|STATX_MNT_ID|STATX_SUBVOL, stx_attributes=0, stx_mode=S_IFREG|0644, stx_size=16, ...}) = 0
read(12, "f23dca4ec190e4c3", 16)        = 16
read(12, "", 32)                        = 0
close(12)                               = 0
ioctl(2, TIOCGWINSZ, {ws_row=33, ws_col=60, ws_xpixel=600, ws_ypixel=726}) = 0
statx(AT_FDCWD, "/home/xolra0d/dev/databases/touchhouse/target/debug/.fingerprint/crossbeam-utils-5593ca2e94a79bb0", AT_STATX_SYNC_AS_STAT, STATX_ALL, {stx_mask=STATX_ALL|STATX_MNT_ID|STATX_SUBVOL, stx_attributes=0, stx_mode=S_IFDIR|0755, stx_size=150, ...}) = 0
openat(AT_FDCWD, "/home/xolra0d/dev/databases/touchhouse/target/debug/build/crossbeam-utils-5593ca2e94a79bb0/root-output", O_RDONLY|O_CLOEXEC) = 12
statx(12, "", AT_STATX_SYNC_AS_STAT|AT_EMPTY_PATH, STATX_ALL, {stx_mask=STATX_ALL|STATX_MNT_ID|STATX_SUBVOL, stx_attributes=0, stx_mode=S_IFREG|0644, stx_size=94, ...}) = 0
read(12, "/home/xolra0d/dev/databases/touc"..., 94) = 94
read(12, "", 32)                        = 0
close(12)                               = 0
openat(AT_FDCWD, "/home/xolra0d/dev/databases/touchhouse/target/debug/build/crossbeam-utils-5593ca2e94a79bb0/output", O_RDONLY|O_CLOEXEC) = 12
statx(12, "", AT_STATX_SYNC_AS_STAT|AT_EMPTY_PATH, STATX_ALL, {stx_mask=STATX_ALL|STATX_MNT_ID|STATX_SUBVOL, stx_attributes=0, stx_mode=S_IFREG|0644, stx_size=109, ...}) = 0
read(12, "cargo:rerun-if-changed=no_atomic"..., 109) = 109
read(12, "", 32)                        = 0
close(12)                               = 0
mkdir("/home/xolra0d/dev/databases/touchhouse/target/debug/build/crossbeam-utils-3facd263110404aa", 0777) = -1 EEXIST (File exists)
statx(AT_FDCWD, "/home/xolra0d/dev/databases/touchhouse/target/debug/build/crossbeam-utils-3facd263110404aa", AT_STATX_SYNC_AS_STAT, STATX_ALL, {stx_mask=STATX_ALL|STATX_MNT_ID|STATX_SUBVOL, stx_attributes=0, stx_mode=S_IFDIR|0755, stx_size=180, ...}) = 0
mkdir("/home/xolra0d/dev/databases/touchhouse/target/debug/build/crossbeam-utils-5593ca2e94a79bb0/out", 0777) = -1 EEXIST (File exists)
statx(AT_FDCWD, "/home/xolra0d/dev/databases/touchhouse/target/debug/build/crossbeam-utils-5593ca2e94a79bb0/out", AT_STATX_SYNC_AS_STAT, STATX_ALL, {stx_mask=STATX_ALL|STATX_MNT_ID|STATX_SUBVOL, stx_attributes=0, stx_mode=S_IFDIR|0755, stx_size=0, ...}) = 0
openat(AT_FDCWD, "/home/xolra0d/dev/databases/touchhouse/target/debug/.fingerprint/crossbeam-utils-5593ca2e94a79bb0/run-build-script-build-script-build", O_RDONLY|O_CLOEXEC) = 12
statx(12, "", AT_STATX_SYNC_AS_STAT|AT_EMPTY_PATH, STATX_ALL, {stx_mask=STATX_ALL|STATX_MNT_ID|STATX_SUBVOL, stx_attributes=0, stx_mode=S_IFREG|0644, stx_size=16, ...}) = 0
read(12, "27a5ef3d3dd20e45", 16)        = 16
read(12, "", 32)                        = 0
close(12)                               = 0
statx(AT_FDCWD, "/home/xolra0d/dev/databases/touchhouse/target/debug/.fingerprint/crossbeam-utils-3facd263110404aa", AT_STATX_SYNC_AS_STAT, STATX_ALL, {stx_mask=STATX_ALL|STATX_MNT_ID|STATX_SUBVOL, stx_attributes=0, stx_mode=S_IFDIR|0755, stx_size=238, ...}) = 0
openat(AT_FDCWD, "/home/xolra0d/dev/databases/touchhouse/target/debug/.fingerprint/crossbeam-utils-3facd263110404aa/build-script-build-script-build", O_RDONLY|O_CLOEXEC) = 12
statx(12, "", AT_STATX_SYNC_AS_STAT|AT_EMPTY_PATH, STATX_ALL, {stx_mask=STATX_ALL|STATX_MNT_ID|STATX_SUBVOL, stx_attributes=0, stx_mode=S_IFREG|0644, stx_size=16, ...}) = 0
read(12, "7743af9155393ebd", 16)        = 16
read(12, "", 32)                        = 0
close(12)                               = 0
ioctl(2, TIOCGWINSZ, {ws_row=33, ws_col=60, ws_xpixel=600, ws_ypixel=726}) = 0
statx(AT_FDCWD, "/home/xolra0d/dev/databases/touchhouse/target/debug/.fingerprint/hashbrown-cbbd24a2ce592317", AT_STATX_SYNC_AS_STAT, STATX_ALL, {stx_mask=STATX_ALL|STATX_MNT_ID|STATX_SUBVOL, stx_attributes=0, stx_mode=S_IFDIR|0755, stx_size=130, ...}) = 0
openat(AT_FDCWD, "/home/xolra0d/dev/databases/touchhouse/target/debug/.fingerprint/hashbrown-cbbd24a2ce592317/lib-hashbrown", O_RDONLY|O_CLOEXEC) = 12
statx(12, "", AT_STATX_SYNC_AS_STAT|AT_EMPTY_PATH, STATX_ALL, {stx_mask=STATX_ALL|STATX_MNT_ID|STATX_SUBVOL, stx_attributes=0, stx_mode=S_IFREG|0644, stx_size=16, ...}) = 0
read(12, "389e4e5b5adf2652", 16)        = 16
read(12, "", 32)                        = 0
close(12)                               = 0
ioctl(2, TIOCGWINSZ, {ws_row=33, ws_col=60, ws_xpixel=600, ws_ypixel=726}) = 0
statx(AT_FDCWD, "/home/xolra0d/dev/databases/touchhouse/target/debug/.fingerprint/lock_api-010fe42e762642f2", AT_STATX_SYNC_AS_STAT, STATX_ALL, {stx_mask=STATX_ALL|STATX_MNT_ID|STATX_SUBVOL, stx_attributes=0, stx_mode=S_IFDIR|0755, stx_size=124, ...}) = 0
openat(AT_FDCWD, "/home/xolra0d/dev/databases/touchhouse/target/debug/.fingerprint/lock_api-010fe42e762642f2/lib-lock_api", O_RDONLY|O_CLOEXEC) = 12
statx(12, "", AT_STATX_SYNC_AS_STAT|AT_EMPTY_PATH, STATX_ALL, {stx_mask=STATX_ALL|STATX_MNT_ID|STATX_SUBVOL, stx_attributes=0, stx_mode=S_IFREG|0644, stx_size=16, ...}) = 0
read(12, "1f92fcc416757f7e", 16)        = 16
read(12, "", 32)                        = 0
close(12)                               = 0
ioctl(2, TIOCGWINSZ, {ws_row=33, ws_col=60, ws_xpixel=600, ws_ypixel=726}) = 0
statx(AT_FDCWD, "/home/xolra0d/dev/databases/touchhouse/target/debug/.fingerprint/scopeguard-84f01c100fc6352c", AT_STATX_SYNC_AS_STAT, STATX_ALL, {stx_mask=STATX_ALL|STATX_MNT_ID|STATX_SUBVOL, stx_attributes=0, stx_mode=S_IFDIR|0755, stx_size=136, ...}) = 0
openat(AT_FDCWD, "/home/xolra0d/dev/databases/touchhouse/target/debug/.fingerprint/scopeguard-84f01c100fc6352c/lib-scopeguard", O_RDONLY|O_CLOEXEC) = 12
statx(12, "", AT_STATX_SYNC_AS_STAT|AT_EMPTY_PATH, STATX_ALL, {stx_mask=STATX_ALL|STATX_MNT_ID|STATX_SUBVOL, stx_attributes=0, stx_mode=S_IFREG|0644, stx_size=16, ...}) = 0
read(12, "e87e86e167e313a3", 16)        = 16
read(12, "", 32)                        = 0
close(12)                               = 0
ioctl(2, TIOCGWINSZ, {ws_row=33, ws_col=60, ws_xpixel=600, ws_ypixel=726}) = 0
statx(AT_FDCWD, "/home/xolra0d/dev/databases/touchhouse/target/debug/.fingerprint/once_cell-b5726b916b3362ce", AT_STATX_SYNC_AS_STAT, STATX_ALL, {stx_mask=STATX_ALL|STATX_MNT_ID|STATX_SUBVOL, stx_attributes=0, stx_mode=S_IFDIR|0755, stx_size=130, ...}) = 0
openat(AT_FDCWD, "/home/xolra0d/dev/databases/touchhouse/target/debug/.fingerprint/once_cell-b5726b916b3362ce/lib-once_cell", O_RDONLY|O_CLOEXEC) = 12
statx(12, "", AT_STATX_SYNC_AS_STAT|AT_EMPTY_PATH, STATX_ALL, {stx_mask=STATX_ALL|STATX_MNT_ID|STATX_SUBVOL, stx_attributes=0, stx_mode=S_IFREG|0644, stx_size=16, ...}) = 0
read(12, "61578b216f9ef501", 16)        = 16
read(12, "", 32)                        = 0
close(12)                               = 0
ioctl(2, TIOCGWINSZ, {ws_row=33, ws_col=60, ws_xpixel=600, ws_ypixel=726}) = 0
statx(AT_FDCWD, "/home/xolra0d/dev/databases/touchhouse/target/debug/.fingerprint/parking_lot_core-f7828bb05a5f82bb", AT_STATX_SYNC_AS_STAT, STATX_ALL, {stx_mask=STATX_ALL|STATX_MNT_ID|STATX_SUBVOL, stx_attributes=0, stx_mode=S_IFDIR|0755, stx_size=172, ...}) = 0
openat(AT_FDCWD, "/home/xolra0d/dev/databases/touchhouse/target/debug/.fingerprint/parking_lot_core-f7828bb05a5f82bb/lib-parking_lot_core", O_RDONLY|O_CLOEXEC) = 12
statx(12, "", AT_STATX_SYNC_AS_STAT|AT_EMPTY_PATH, STATX_ALL, {stx_mask=STATX_ALL|STATX_MNT_ID|STATX_SUBVOL, stx_attributes=0, stx_mode=S_IFREG|0644, stx_size=16, ...}) = 0
read(12, "951f9f328b446550", 16)        = 16
read(12, "", 32)                        = 0
close(12)                               = 0
ioctl(2, TIOCGWINSZ, {ws_row=33, ws_col=60, ws_xpixel=600, ws_ypixel=726}) = 0
statx(AT_FDCWD, "/home/xolra0d/dev/databases/touchhouse/target/debug/.fingerprint/libc-3fe167bac929cc8a", AT_STATX_SYNC_AS_STAT, STATX_ALL, {stx_mask=STATX_ALL|STATX_MNT_ID|STATX_SUBVOL, stx_attributes=0, stx_mode=S_IFDIR|0755, stx_size=100, ...}) = 0
openat(AT_FDCWD, "/home/xolra0d/dev/databases/touchhouse/target/debug/.fingerprint/libc-3fe167bac929cc8a/lib-libc", O_RDONLY|O_CLOEXEC) = 12
statx(12, "", AT_STATX_SYNC_AS_STAT|AT_EMPTY_PATH, STATX_ALL, {stx_mask=STATX_ALL|STATX_MNT_ID|STATX_SUBVOL, stx_attributes=0, stx_mode=S_IFREG|0644, stx_size=16, ...}) = 0
read(12, "16000b734821d415", 16)        = 16
read(12, "", 32)                        = 0
close(12)                               = 0
ioctl(2, TIOCGWINSZ, {ws_row=33, ws_col=60, ws_xpixel=600, ws_ypixel=726}) = 0
statx(AT_FDCWD, "/home/xolra0d/dev/databases/touchhouse/target/debug/.fingerprint/libc-7277e7d305b53ad7", AT_STATX_SYNC_AS_STAT, STATX_ALL, {stx_mask=STATX_ALL|STATX_MNT_ID|STATX_SUBVOL, stx_attributes=0, stx_mode=S_IFDIR|0755, stx_size=150, ...}) = 0
openat(AT_FDCWD, "/home/xolra0d/dev/databases/touchhouse/target/debug/build/libc-7277e7d305b53ad7/root-output", O_RDONLY|O_CLOEXEC) = 12
statx(12, "", AT_STATX_SYNC_AS_STAT|AT_EMPTY_PATH, STATX_ALL, {stx_mask=STATX_ALL|STATX_MNT_ID|STATX_SUBVOL, stx_attributes=0, stx_mode=S_IFREG|0644, stx_size=83, ...}) = 0
read(12, "/home/xolra0d/dev/databases/touc"..., 83) = 83
read(12, "", 32)                        = 0
close(12)                               = 0
openat(AT_FDCWD, "/home/xolra0d/dev/databases/touchhouse/target/debug/build/libc-7277e7d305b53ad7/output", O_RDONLY|O_CLOEXEC) = 12
statx(12, "", AT_STATX_SYNC_AS_STAT|AT_EMPTY_PATH, STATX_ALL, {stx_mask=STATX_ALL|STATX_MNT_ID|STATX_SUBVOL, stx_attributes=0, stx_mode=S_IFREG|0644, stx_size=1250, ...}) = 0
read(12, "cargo:rerun-if-changed=build.rs\n"..., 1250) = 1250
read(12, "", 32)                        = 0
close(12)                               = 0
mkdir("/home/xolra0d/dev/databases/touchhouse/target/debug/build/libc-a2ae8c0c50a1f23c", 0777) = -1 EEXIST (File exists)
statx(AT_FDCWD, "/home/xolra0d/dev/databases/touchhouse/target/debug/build/libc-a2ae8c0c50a1f23c", AT_STATX_SYNC_AS_STAT, STATX_ALL, {stx_mask=STATX_ALL|STATX_MNT_ID|STATX_SUBVOL, stx_attributes=0, stx_mode=S_IFDIR|0755, stx_size=180, ...}) = 0
mkdir("/home/xolra0d/dev/databases/touchhouse/target/debug/build/libc-7277e7d305b53ad7/out", 0777) = -1 EEXIST (File exists)
statx(AT_FDCWD, "/home/xolra0d/dev/databases/touchhouse/target/debug/build/libc-7277e7d305b53ad7/out", AT_STATX_SYNC_AS_STAT, STATX_ALL, {stx_mask=STATX_ALL|STATX_MNT_ID|STATX_SUBVOL, stx_attributes=0, stx_mode=S_IFDIR|0755, stx_size=0, ...}) = 0
openat(AT_FDCWD, "/home/xolra0d/dev/databases/touchhouse/target/debug/.fingerprint/libc-7277e7d305b53ad7/run-build-script-build-script-build", O_RDONLY|O_CLOEXEC) = 12
statx(12, "", AT_STATX_SYNC_AS_STAT|AT_EMPTY_PATH, STATX_ALL, {stx_mask=STATX_ALL|STATX_MNT_ID|STATX_SUBVOL, stx_attributes=0, stx_mode=S_IFREG|0644, stx_size=16, ...}) = 0
read(12, "df0855c6c1833cf0", 16)        = 16
read(12, "", 32)                        = 0
close(12)                               = 0
statx(AT_FDCWD, "/home/xolra0d/dev/databases/touchhouse/target/debug/.fingerprint/libc-a2ae8c0c50a1f23c", AT_STATX_SYNC_AS_STAT, STATX_ALL, {stx_mask=STATX_ALL|STATX_MNT_ID|STATX_SUBVOL, stx_attributes=0, stx_mode=S_IFDIR|0755, stx_size=238, ...}) = 0
openat(AT_FDCWD, "/home/xolra0d/dev/databases/touchhouse/target/debug/.fingerprint/libc-a2ae8c0c50a1f23c/build-script-build-script-build", O_RDONLY|O_CLOEXEC) = 12
statx(12, "", AT_STATX_SYNC_AS_STAT|AT_EMPTY_PATH, STATX_ALL, {stx_mask=STATX_ALL|STATX_MNT_ID|STATX_SUBVOL, stx_attributes=0, stx_mode=S_IFREG|0644, stx_size=16, ...}) = 0
read(12, "f13cef72c80cecdc", 16)        = 16
read(12, "", 32)                        = 0
close(12)                               = 0
ioctl(2, TIOCGWINSZ, {ws_row=33, ws_col=60, ws_xpixel=600, ws_ypixel=726}) = 0
statx(AT_FDCWD, "/home/xolra0d/dev/databases/touchhouse/target/debug/.fingerprint/parking_lot_core-ffcaa5490a92af7a", AT_STATX_SYNC_AS_STAT, STATX_ALL, {stx_mask=STATX_ALL|STATX_MNT_ID|STATX_SUBVOL, stx_attributes=0, stx_mode=S_IFDIR|0755, stx_size=150, ...}) = 0
openat(AT_FDCWD, "/home/xolra0d/dev/databases/touchhouse/target/debug/build/parking_lot_core-ffcaa5490a92af7a/root-output", O_RDONLY|O_CLOEXEC) = 12
statx(12, "", AT_STATX_SYNC_AS_STAT|AT_EMPTY_PATH, STATX_ALL, {stx_mask=STATX_ALL|STATX_MNT_ID|STATX_SUBVOL, stx_attributes=0, stx_mode=S_IFREG|0644, stx_size=95, ...}) = 0
read(12, "/home/xolra0d/dev/databases/touc"..., 95) = 95
read(12, "", 32)                        = 0
close(12)                               = 0
openat(AT_FDCWD, "/home/xolra0d/dev/databases/touchhouse/target/debug/build/parking_lot_core-ffcaa5490a92af7a/output", O_RDONLY|O_CLOEXEC) = 12
statx(12, "", AT_STATX_SYNC_AS_STAT|AT_EMPTY_PATH, STATX_ALL, {stx_mask=STATX_ALL|STATX_MNT_ID|STATX_SUBVOL, stx_attributes=0, stx_mode=S_IFREG|0644, stx_size=72, ...}) = 0
read(12, "cargo:rerun-if-changed=build.rs\n"..., 72) = 72
read(12, "", 32)                        = 0
close(12)                               = 0
mkdir("/home/xolra0d/dev/databases/touchhouse/target/debug/build/parking_lot_core-a1f54925c42d264a", 0777) = -1 EEXIST (File exists)
statx(AT_FDCWD, "/home/xolra0d/dev/databases/touchhouse/target/debug/build/parking_lot_core-a1f54925c42d264a", AT_STATX_SYNC_AS_STAT, STATX_ALL, {stx_mask=STATX_ALL|STATX_MNT_ID|STATX_SUBVOL, stx_attributes=0, stx_mode=S_IFDIR|0755, stx_size=180, ...}) = 0
mkdir("/home/xolra0d/dev/databases/touchhouse/target/debug/build/parking_lot_core-ffcaa5490a92af7a/out", 0777) = -1 EEXIST (File exists)
statx(AT_FDCWD, "/home/xolra0d/dev/databases/touchhouse/target/debug/build/parking_lot_core-ffcaa5490a92af7a/out", AT_STATX_SYNC_AS_STAT, STATX_ALL, {stx_mask=STATX_ALL|STATX_MNT_ID|STATX_SUBVOL, stx_attributes=0, stx_mode=S_IFDIR|0755, stx_size=0, ...}) = 0
openat(AT_FDCWD, "/home/xolra0d/dev/databases/touchhouse/target/debug/.fingerprint/parking_lot_core-ffcaa5490a92af7a/run-build-script-build-script-build", O_RDONLY|O_CLOEXEC) = 12
statx(12, "", AT_STATX_SYNC_AS_STAT|AT_EMPTY_PATH, STATX_ALL, {stx_mask=STATX_ALL|STATX_MNT_ID|STATX_SUBVOL, stx_attributes=0, stx_mode=S_IFREG|0644, stx_size=16, ...}) = 0
read(12, "f5e62117f0eae4f0", 16)        = 16
read(12, "", 32)                        = 0
close(12)                               = 0
statx(AT_FDCWD, "/home/xolra0d/dev/databases/touchhouse/target/debug/.fingerprint/parking_lot_core-a1f54925c42d264a", AT_STATX_SYNC_AS_STAT, STATX_ALL, {stx_mask=STATX_ALL|STATX_MNT_ID|STATX_SUBVOL, stx_attributes=0, stx_mode=S_IFDIR|0755, stx_size=238, ...}) = 0
openat(AT_FDCWD, "/home/xolra0d/dev/databases/touchhouse/target/debug/.fingerprint/parking_lot_core-a1f54925c42d264a/build-script-build-script-build", O_RDONLY|O_CLOEXEC) = 12
statx(12, "", AT_STATX_SYNC_AS_STAT|AT_EMPTY_PATH, STATX_ALL, {stx_mask=STATX_ALL|STATX_MNT_ID|STATX_SUBVOL, stx_attributes=0, stx_mode=S_IFREG|0644, stx_size=16, ...}) = 0
read(12, "49731368dd1f0799", 16)        = 16
read(12, "", 32)                        = 0
close(12)                               = 0
ioctl(2, TIOCGWINSZ, {ws_row=33, ws_col=60, ws_xpixel=600, ws_ypixel=726}) = 0
statx(AT_FDCWD, "/home/xolra0d/dev/databases/touchhouse/target/debug/.fingerprint/smallvec-4c1e029acc7d9e07", AT_STATX_SYNC_AS_STAT, STATX_ALL, {stx_mask=STATX_ALL|STATX_MNT_ID|STATX_SUBVOL, stx_attributes=0, stx_mode=S_IFDIR|0755, stx_size=124, ...}) = 0
openat(AT_FDCWD, "/home/xolra0d/dev/databases/touchhouse/target/debug/.fingerprint/smallvec-4c1e029acc7d9e07/lib-smallvec", O_RDONLY|O_CLOEXEC) = 12
statx(12, "", AT_STATX_SYNC_AS_STAT|AT_EMPTY_PATH, STATX_ALL, {stx_mask=STATX_ALL|STATX_MNT_ID|STATX_SUBVOL, stx_attributes=0, stx_mode=S_IFREG|0644, stx_size=16, ...}) = 0
read(12, "004b1e7fb28ef0ca", 16)        = 16
read(12, "", 32)                        = 0
close(12)                               = 0
ioctl(2, TIOCGWINSZ, {ws_row=33, ws_col=60, ws_xpixel=600, ws_ypixel=726}) = 0
statx(AT_FDCWD, "/home/xolra0d/dev/databases/touchhouse/target/debug/.fingerprint/derive_more-0aa5697b7252f5e7", AT_STATX_SYNC_AS_STAT, STATX_ALL, {stx_mask=STATX_ALL|STATX_MNT_ID|STATX_SUBVOL, stx_attributes=0, stx_mode=S_IFDIR|0755, stx_size=142, ...}) = 0
openat(AT_FDCWD, "/home/xolra0d/dev/databases/touchhouse/target/debug/.fingerprint/derive_more-0aa5697b7252f5e7/lib-derive_more", O_RDONLY|O_CLOEXEC) = 12
statx(12, "", AT_STATX_SYNC_AS_STAT|AT_EMPTY_PATH, STATX_ALL, {stx_mask=STATX_ALL|STATX_MNT_ID|STATX_SUBVOL, stx_attributes=0, stx_mode=S_IFREG|0644, stx_size=16, ...}) = 0
read(12, "1d78743d5ae4d488", 16)        = 16
read(12, "", 32)                        = 0
close(12)                               = 0
ioctl(2, TIOCGWINSZ, {ws_row=33, ws_col=60, ws_xpixel=600, ws_ypixel=726}) = 0
statx(AT_FDCWD, "/home/xolra0d/dev/databases/touchhouse/target/debug/.fingerprint/derive_more-impl-4db099c97dff6db6", AT_STATX_SYNC_AS_STAT, STATX_ALL, {stx_mask=STATX_ALL|STATX_MNT_ID|STATX_SUBVOL, stx_attributes=0, stx_mode=S_IFDIR|0755, stx_size=172, ...}) = 0
openat(AT_FDCWD, "/home/xolra0d/dev/databases/touchhouse/target/debug/.fingerprint/derive_more-impl-4db099c97dff6db6/lib-derive_more_impl", O_RDONLY|O_CLOEXEC) = 12
statx(12, "", AT_STATX_SYNC_AS_STAT|AT_EMPTY_PATH, STATX_ALL, {stx_mask=STATX_ALL|STATX_MNT_ID|STATX_SUBVOL, stx_attributes=0, stx_mode=S_IFREG|0644, stx_size=16, ...}) = 0
read(12, "d44dd2c4e9825484", 16)        = 16
read(12, "", 32)                        = 0
close(12)                               = 0
ioctl(2, TIOCGWINSZ, {ws_row=33, ws_col=60, ws_xpixel=600, ws_ypixel=726}) = 0
statx(AT_FDCWD, "/home/xolra0d/dev/databases/touchhouse/target/debug/.fingerprint/proc-macro2-af8d234f1477174d", AT_STATX_SYNC_AS_STAT, STATX_ALL, {stx_mask=STATX_ALL|STATX_MNT_ID|STATX_SUBVOL, stx_attributes=0, stx_mode=S_IFDIR|0755, stx_size=142, ...}) = 0
openat(AT_FDCWD, "/home/xolra0d/dev/databases/touchhouse/target/debug/.fingerprint/proc-macro2-af8d234f1477174d/lib-proc_macro2", O_RDONLY|O_CLOEXEC) = 12
statx(12, "", AT_STATX_SYNC_AS_STAT|AT_EMPTY_PATH, STATX_ALL, {stx_mask=STATX_ALL|STATX_MNT_ID|STATX_SUBVOL, stx_attributes=0, stx_mode=S_IFREG|0644, stx_size=16, ...}) = 0
read(12, "b746e0c1cb8617e2", 16)        = 16
read(12, "", 32)                        = 0
close(12)                               = 0
ioctl(2, TIOCGWINSZ, {ws_row=33, ws_col=60, ws_xpixel=600, ws_ypixel=726}) = 0
statx(AT_FDCWD, "/home/xolra0d/dev/databases/touchhouse/target/debug/.fingerprint/proc-macro2-1366fe10afec6484", AT_STATX_SYNC_AS_STAT, STATX_ALL, {stx_mask=STATX_ALL|STATX_MNT_ID|STATX_SUBVOL, stx_attributes=0, stx_mode=S_IFDIR|0755, stx_size=150, ...}) = 0
openat(AT_FDCWD, "/home/xolra0d/dev/databases/touchhouse/target/debug/build/proc-macro2-1366fe10afec6484/root-output", O_RDONLY|O_CLOEXEC) = 12
statx(12, "", AT_STATX_SYNC_AS_STAT|AT_EMPTY_PATH, STATX_ALL, {stx_mask=STATX_ALL|STATX_MNT_ID|STATX_SUBVOL, stx_attributes=0, stx_mode=S_IFREG|0644, stx_size=90, ...}) = 0
read(12, "/home/xolra0d/dev/databases/touc"..., 90) = 90
read(12, "", 32)                        = 0
close(12)                               = 0
openat(AT_FDCWD, "/home/xolra0d/dev/databases/touchhouse/target/debug/build/proc-macro2-1366fe10afec6484/output", O_RDONLY|O_CLOEXEC) = 12
statx(12, "", AT_STATX_SYNC_AS_STAT|AT_EMPTY_PATH, STATX_ALL, {stx_mask=STATX_ALL|STATX_MNT_ID|STATX_SUBVOL, stx_attributes=0, stx_mode=S_IFREG|0644, stx_size=1061, ...}) = 0
read(12, "cargo:rustc-check-cfg=cfg(fuzzin"..., 1061) = 1061
read(12, "", 32)                        = 0
close(12)                               = 0
mkdir("/home/xolra0d/dev/databases/touchhouse/target/debug/build/proc-macro2-14351e3615cfd962", 0777) = -1 EEXIST (File exists)
statx(AT_FDCWD, "/home/xolra0d/dev/databases/touchhouse/target/debug/build/proc-macro2-14351e3615cfd962", AT_STATX_SYNC_AS_STAT, STATX_ALL, {stx_mask=STATX_ALL|STATX_MNT_ID|STATX_SUBVOL, stx_attributes=0, stx_mode=S_IFDIR|0755, stx_size=180, ...}) = 0
mkdir("/home/xolra0d/dev/databases/touchhouse/target/debug/build/proc-macro2-1366fe10afec6484/out", 0777) = -1 EEXIST (File exists)
statx(AT_FDCWD, "/home/xolra0d/dev/databases/touchhouse/target/debug/build/proc-macro2-1366fe10afec6484/out", AT_STATX_SYNC_AS_STAT, STATX_ALL, {stx_mask=STATX_ALL|STATX_MNT_ID|STATX_SUBVOL, stx_attributes=0, stx_mode=S_IFDIR|0755, stx_size=0, ...}) = 0
openat(AT_FDCWD, "/home/xolra0d/dev/databases/touchhouse/target/debug/.fingerprint/proc-macro2-1366fe10afec6484/run-build-script-build-script-build", O_RDONLY|O_CLOEXEC) = 12
statx(12, "", AT_STATX_SYNC_AS_STAT|AT_EMPTY_PATH, STATX_ALL, {stx_mask=STATX_ALL|STATX_MNT_ID|STATX_SUBVOL, stx_attributes=0, stx_mode=S_IFREG|0644, stx_size=16, ...}) = 0
read(12, "1a0be45612df1b53", 16)        = 16
read(12, "", 32)                        = 0
close(12)                               = 0
statx(AT_FDCWD, "/home/xolra0d/dev/databases/touchhouse/target/debug/.fingerprint/proc-macro2-14351e3615cfd962", AT_STATX_SYNC_AS_STAT, STATX_ALL, {stx_mask=STATX_ALL|STATX_MNT_ID|STATX_SUBVOL, stx_attributes=0, stx_mode=S_IFDIR|0755, stx_size=238, ...}) = 0
openat(AT_FDCWD, "/home/xolra0d/dev/databases/touchhouse/target/debug/.fingerprint/proc-macro2-14351e3615cfd962/build-script-build-script-build", O_RDONLY|O_CLOEXEC) = 12
statx(12, "", AT_STATX_SYNC_AS_STAT|AT_EMPTY_PATH, STATX_ALL, {stx_mask=STATX_ALL|STATX_MNT_ID|STATX_SUBVOL, stx_attributes=0, stx_mode=S_IFREG|0644, stx_size=16, ...}) = 0
read(12, "281067e1c26d300c", 16)        = 16
read(12, "", 32)                        = 0
close(12)                               = 0
ioctl(2, TIOCGWINSZ, {ws_row=33, ws_col=60, ws_xpixel=600, ws_ypixel=726}) = 0
statx(AT_FDCWD, "/home/xolra0d/dev/databases/touchhouse/target/debug/.fingerprint/unicode-ident-d65fe7db1d8a401a", AT_STATX_SYNC_AS_STAT, STATX_ALL, {stx_mask=STATX_ALL|STATX_MNT_ID|STATX_SUBVOL, stx_attributes=0, stx_mode=S_IFDIR|0755, stx_size=154, ...}) = 0
openat(AT_FDCWD, "/home/xolra0d/dev/databases/touchhouse/target/debug/.fingerprint/unicode-ident-d65fe7db1d8a401a/lib-unicode_ident", O_RDONLY|O_CLOEXEC) = 12
statx(12, "", AT_STATX_SYNC_AS_STAT|AT_EMPTY_PATH, STATX_ALL, {stx_mask=STATX_ALL|STATX_MNT_ID|STATX_SUBVOL, stx_attributes=0, stx_mode=S_IFREG|0644, stx_size=16, ...}) = 0
read(12, "42ca47d81f72a8e4", 16)        = 16
read(12, "", 32)                        = 0
close(12)                               = 0
ioctl(2, TIOCGWINSZ, {ws_row=33, ws_col=60, ws_xpixel=600, ws_ypixel=726}) = 0
statx(AT_FDCWD, "/home/xolra0d/dev/databases/touchhouse/target/debug/.fingerprint/quote-02fd0fd45c0c67d3", AT_STATX_SYNC_AS_STAT, STATX_ALL, {stx_mask=STATX_ALL|STATX_MNT_ID|STATX_SUBVOL, stx_attributes=0, stx_mode=S_IFDIR|0755, stx_size=106, ...}) = 0
openat(AT_FDCWD, "/home/xolra0d/dev/databases/touchhouse/target/debug/.fingerprint/quote-02fd0fd45c0c67d3/lib-quote", O_RDONLY|O_CLOEXEC) = 12
statx(12, "", AT_STATX_SYNC_AS_STAT|AT_EMPTY_PATH, STATX_ALL, {stx_mask=STATX_ALL|STATX_MNT_ID|STATX_SUBVOL, stx_attributes=0, stx_mode=S_IFREG|0644, stx_size=16, ...}) = 0
read(12, "b6b0ee2219a909ad", 16)        = 16
read(12, "", 32)                        = 0
close(12)                               = 0
ioctl(2, TIOCGWINSZ, {ws_row=33, ws_col=60, ws_xpixel=600, ws_ypixel=726}) = 0
statx(AT_FDCWD, "/home/xolra0d/dev/databases/touchhouse/target/debug/.fingerprint/quote-cff79a282071f8ec", AT_STATX_SYNC_AS_STAT, STATX_ALL, {stx_mask=STATX_ALL|STATX_MNT_ID|STATX_SUBVOL, stx_attributes=0, stx_mode=S_IFDIR|0755, stx_size=150, ...}) = 0
openat(AT_FDCWD, "/home/xolra0d/dev/databases/touchhouse/target/debug/build/quote-cff79a282071f8ec/root-output", O_RDONLY|O_CLOEXEC) = 12
statx(12, "", AT_STATX_SYNC_AS_STAT|AT_EMPTY_PATH, STATX_ALL, {stx_mask=STATX_ALL|STATX_MNT_ID|STATX_SUBVOL, stx_attributes=0, stx_mode=S_IFREG|0644, stx_size=84, ...}) = 0
read(12, "/home/xolra0d/dev/databases/touc"..., 84) = 84
read(12, "", 32)                        = 0
close(12)                               = 0
openat(AT_FDCWD, "/home/xolra0d/dev/databases/touchhouse/target/debug/build/quote-cff79a282071f8ec/output", O_RDONLY|O_CLOEXEC) = 12
statx(12, "", AT_STATX_SYNC_AS_STAT|AT_EMPTY_PATH, STATX_ALL, {stx_mask=STATX_ALL|STATX_MNT_ID|STATX_SUBVOL, stx_attributes=0, stx_mode=S_IFREG|0644, stx_size=83, ...}) = 0
read(12, "cargo:rerun-if-changed=build.rs\n"..., 83) = 83
read(12, "", 32)                        = 0
close(12)                               = 0
mkdir("/home/xolra0d/dev/databases/touchhouse/target/debug/build/quote-359af793157c725c", 0777) = -1 EEXIST (File exists)
statx(AT_FDCWD, "/home/xolra0d/dev/databases/touchhouse/target/debug/build/quote-359af793157c725c", AT_STATX_SYNC_AS_STAT, STATX_ALL, {stx_mask=STATX_ALL|STATX_MNT_ID|STATX_SUBVOL, stx_attributes=0, stx_mode=S_IFDIR|0755, stx_size=180, ...}) = 0
mkdir("/home/xolra0d/dev/databases/touchhouse/target/debug/build/quote-cff79a282071f8ec/out", 0777) = -1 EEXIST (File exists)
statx(AT_FDCWD, "/home/xolra0d/dev/databases/touchhouse/target/debug/build/quote-cff79a282071f8ec/out", AT_STATX_SYNC_AS_STAT, STATX_ALL, {stx_mask=STATX_ALL|STATX_MNT_ID|STATX_SUBVOL, stx_attributes=0, stx_mode=S_IFDIR|0755, stx_size=0, ...}) = 0
openat(AT_FDCWD, "/home/xolra0d/dev/databases/touchhouse/target/debug/.fingerprint/quote-cff79a282071f8ec/run-build-script-build-script-build", O_RDONLY|O_CLOEXEC) = 12
statx(12, "", AT_STATX_SYNC_AS_STAT|AT_EMPTY_PATH, STATX_ALL, {stx_mask=STATX_ALL|STATX_MNT_ID|STATX_SUBVOL, stx_attributes=0, stx_mode=S_IFREG|0644, stx_size=16, ...}) = 0
read(12, "bb00e10c76ad2793", 16)        = 16
read(12, "", 32)                        = 0
close(12)                               = 0
statx(AT_FDCWD, "/home/xolra0d/dev/databases/touchhouse/target/debug/.fingerprint/quote-359af793157c725c", AT_STATX_SYNC_AS_STAT, STATX_ALL, {stx_mask=STATX_ALL|STATX_MNT_ID|STATX_SUBVOL, stx_attributes=0, stx_mode=S_IFDIR|0755, stx_size=238, ...}) = 0
openat(AT_FDCWD, "/home/xolra0d/dev/databases/touchhouse/target/debug/.fingerprint/quote-359af793157c725c/build-script-build-script-build", O_RDONLY|O_CLOEXEC) = 12
statx(12, "", AT_STATX_SYNC_AS_STAT|AT_EMPTY_PATH, STATX_ALL, {stx_mask=STATX_ALL|STATX_MNT_ID|STATX_SUBVOL, stx_attributes=0, stx_mode=S_IFREG|0644, stx_size=16, ...}) = 0
read(12, "aefaae688d9eb456", 16)        = 16
read(12, "", 32)                        = 0
close(12)                               = 0
ioctl(2, TIOCGWINSZ, {ws_row=33, ws_col=60, ws_xpixel=600, ws_ypixel=726}) = 0
statx(AT_FDCWD, "/home/xolra0d/dev/databases/touchhouse/target/debug/.fingerprint/syn-8cddfc127d36ab0c", AT_STATX_SYNC_AS_STAT, STATX_ALL, {stx_mask=STATX_ALL|STATX_MNT_ID|STATX_SUBVOL, stx_attributes=0, stx_mode=S_IFDIR|0755, stx_size=94, ...}) = 0
openat(AT_FDCWD, "/home/xolra0d/dev/databases/touchhouse/target/debug/.fingerprint/syn-8cddfc127d36ab0c/lib-syn", O_RDONLY|O_CLOEXEC) = 12
statx(12, "", AT_STATX_SYNC_AS_STAT|AT_EMPTY_PATH, STATX_ALL, {stx_mask=STATX_ALL|STATX_MNT_ID|STATX_SUBVOL, stx_attributes=0, stx_mode=S_IFREG|0644, stx_size=16, ...}) = 0
read(12, "756aa12511f498d8", 16)        = 16
read(12, "", 32)                        = 0
close(12)                               = 0
ioctl(2, TIOCGWINSZ, {ws_row=33, ws_col=60, ws_xpixel=600, ws_ypixel=726}) = 0
statx(AT_FDCWD, "/home/xolra0d/dev/databases/touchhouse/target/debug/.fingerprint/unicode-xid-152610e5b2c52995", AT_STATX_SYNC_AS_STAT, STATX_ALL, {stx_mask=STATX_ALL|STATX_MNT_ID|STATX_SUBVOL, stx_attributes=0, stx_mode=S_IFDIR|0755, stx_size=142, ...}) = 0
openat(AT_FDCWD, "/home/xolra0d/dev/databases/touchhouse/target/debug/.fingerprint/unicode-xid-152610e5b2c52995/lib-unicode_xid", O_RDONLY|O_CLOEXEC) = 12
statx(12, "", AT_STATX_SYNC_AS_STAT|AT_EMPTY_PATH, STATX_ALL, {stx_mask=STATX_ALL|STATX_MNT_ID|STATX_SUBVOL, stx_attributes=0, stx_mode=S_IFREG|0644, stx_size=16, ...}) = 0
read(12, "4560b23aa3c35df6", 16)        = 16
read(12, "", 32)                        = 0
close(12)                               = 0
ioctl(2, TIOCGWINSZ, {ws_row=33, ws_col=60, ws_xpixel=600, ws_ypixel=726}) = 0
statx(AT_FDCWD, "/home/xolra0d/dev/databases/touchhouse/target/debug/.fingerprint/env_logger-2b275f3d143f10be", AT_STATX_SYNC_AS_STAT, STATX_ALL, {stx_mask=STATX_ALL|STATX_MNT_ID|STATX_SUBVOL, stx_attributes=0, stx_mode=S_IFDIR|0755, stx_size=136, ...}) = 0
openat(AT_FDCWD, "/home/xolra0d/dev/databases/touchhouse/target/debug/.fingerprint/env_logger-2b275f3d143f10be/lib-env_logger", O_RDONLY|O_CLOEXEC) = 12
statx(12, "", AT_STATX_SYNC_AS_STAT|AT_EMPTY_PATH, STATX_ALL, {stx_mask=STATX_ALL|STATX_MNT_ID|STATX_SUBVOL, stx_attributes=0, stx_mode=S_IFREG|0644, stx_size=16, ...}) = 0
read(12, "1a474a0bd1a64420", 16)        = 16
read(12, "", 32)                        = 0
close(12)                               = 0
ioctl(2, TIOCGWINSZ, {ws_row=33, ws_col=60, ws_xpixel=600, ws_ypixel=726}) = 0
statx(AT_FDCWD, "/home/xolra0d/dev/databases/touchhouse/target/debug/.fingerprint/anstream-971496cb4ca963be", AT_STATX_SYNC_AS_STAT, STATX_ALL, {stx_mask=STATX_ALL|STATX_MNT_ID|STATX_SUBVOL, stx_attributes=0, stx_mode=S_IFDIR|0755, stx_size=124, ...}) = 0
openat(AT_FDCWD, "/home/xolra0d/dev/databases/touchhouse/target/debug/.fingerprint/anstream-971496cb4ca963be/lib-anstream", O_RDONLY|O_CLOEXEC) = 12
statx(12, "", AT_STATX_SYNC_AS_STAT|AT_EMPTY_PATH, STATX_ALL, {stx_mask=STATX_ALL|STATX_MNT_ID|STATX_SUBVOL, stx_attributes=0, stx_mode=S_IFREG|0644, stx_size=16, ...}) = 0
read(12, "97376e9fa5552b40", 16)        = 16
read(12, "", 32)                        = 0
close(12)                               = 0
ioctl(2, TIOCGWINSZ, {ws_row=33, ws_col=60, ws_xpixel=600, ws_ypixel=726}) = 0
statx(AT_FDCWD, "/home/xolra0d/dev/databases/touchhouse/target/debug/.fingerprint/anstyle-1ae31c6d77d8a279", AT_STATX_SYNC_AS_STAT, STATX_ALL, {stx_mask=STATX_ALL|STATX_MNT_ID|STATX_SUBVOL, stx_attributes=0, stx_mode=S_IFDIR|0755, stx_size=118, ...}) = 0
openat(AT_FDCWD, "/home/xolra0d/dev/databases/touchhouse/target/debug/.fingerprint/anstyle-1ae31c6d77d8a279/lib-anstyle", O_RDONLY|O_CLOEXEC) = 12
statx(12, "", AT_STATX_SYNC_AS_STAT|AT_EMPTY_PATH, STATX_ALL, {stx_mask=STATX_ALL|STATX_MNT_ID|STATX_SUBVOL, stx_attributes=0, stx_mode=S_IFREG|0644, stx_size=16, ...}) = 0
read(12, "48ad911c9421b670", 16)        = 16
read(12, "", 32)                        = 0
close(12)                               = 0
ioctl(2, TIOCGWINSZ, {ws_row=33, ws_col=60, ws_xpixel=600, ws_ypixel=726}) = 0
statx(AT_FDCWD, "/home/xolra0d/dev/databases/touchhouse/target/debug/.fingerprint/anstyle-parse-87c0183a65e5c70e", AT_STATX_SYNC_AS_STAT, STATX_ALL, {stx_mask=STATX_ALL|STATX_MNT_ID|STATX_SUBVOL, stx_attributes=0, stx_mode=S_IFDIR|0755, stx_size=154, ...}) = 0
openat(AT_FDCWD, "/home/xolra0d/dev/databases/touchhouse/target/debug/.fingerprint/anstyle-parse-87c0183a65e5c70e/lib-anstyle_parse", O_RDONLY|O_CLOEXEC) = 12
statx(12, "", AT_STATX_SYNC_AS_STAT|AT_EMPTY_PATH, STATX_ALL, {stx_mask=STATX_ALL|STATX_MNT_ID|STATX_SUBVOL, stx_attributes=0, stx_mode=S_IFREG|0644, stx_size=16, ...}) = 0
read(12, "46e08c25dfd764d5", 16)        = 16
read(12, "", 32)                        = 0
close(12)                               = 0
ioctl(2, TIOCGWINSZ, {ws_row=33, ws_col=60, ws_xpixel=600, ws_ypixel=726}) = 0
statx(AT_FDCWD, "/home/xolra0d/dev/databases/touchhouse/target/debug/.fingerprint/utf8parse-517ef49b4e1f5802", AT_STATX_SYNC_AS_STAT, STATX_ALL, {stx_mask=STATX_ALL|STATX_MNT_ID|STATX_SUBVOL, stx_attributes=0, stx_mode=S_IFDIR|0755, stx_size=130, ...}) = 0
openat(AT_FDCWD, "/home/xolra0d/dev/databases/touchhouse/target/debug/.fingerprint/utf8parse-517ef49b4e1f5802/lib-utf8parse", O_RDONLY|O_CLOEXEC) = 12
statx(12, "", AT_STATX_SYNC_AS_STAT|AT_EMPTY_PATH, STATX_ALL, {stx_mask=STATX_ALL|STATX_MNT_ID|STATX_SUBVOL, stx_attributes=0, stx_mode=S_IFREG|0644, stx_size=16, ...}) = 0
read(12, "db1372cd9d259299", 16)        = 16
read(12, "", 32)                        = 0
close(12)                               = 0
ioctl(2, TIOCGWINSZ, {ws_row=33, ws_col=60, ws_xpixel=600, ws_ypixel=726}) = 0
statx(AT_FDCWD, "/home/xolra0d/dev/databases/touchhouse/target/debug/.fingerprint/anstyle-query-836541f5101d717c", AT_STATX_SYNC_AS_STAT, STATX_ALL, {stx_mask=STATX_ALL|STATX_MNT_ID|STATX_SUBVOL, stx_attributes=0, stx_mode=S_IFDIR|0755, stx_size=154, ...}) = 0
openat(AT_FDCWD, "/home/xolra0d/dev/databases/touchhouse/target/debug/.fingerprint/anstyle-query-836541f5101d717c/lib-anstyle_query", O_RDONLY|O_CLOEXEC) = 12
statx(12, "", AT_STATX_SYNC_AS_STAT|AT_EMPTY_PATH, STATX_ALL, {stx_mask=STATX_ALL|STATX_MNT_ID|STATX_SUBVOL, stx_attributes=0, stx_mode=S_IFREG|0644, stx_size=16, ...}) = 0
read(12, "ba8c94efde33f3cf", 16)        = 16
read(12, "", 32)                        = 0
close(12)                               = 0
ioctl(2, TIOCGWINSZ, {ws_row=33, ws_col=60, ws_xpixel=600, ws_ypixel=726}) = 0
statx(AT_FDCWD, "/home/xolra0d/dev/databases/touchhouse/target/debug/.fingerprint/colorchoice-1583d52e88a79c92", AT_STATX_SYNC_AS_STAT, STATX_ALL, {stx_mask=STATX_ALL|STATX_MNT_ID|STATX_SUBVOL, stx_attributes=0, stx_mode=S_IFDIR|0755, stx_size=142, ...}) = 0
openat(AT_FDCWD, "/home/xolra0d/dev/databases/touchhouse/target/debug/.fingerprint/colorchoice-1583d52e88a79c92/lib-colorchoice", O_RDONLY|O_CLOEXEC) = 12
statx(12, "", AT_STATX_SYNC_AS_STAT|AT_EMPTY_PATH, STATX_ALL, {stx_mask=STATX_ALL|STATX_MNT_ID|STATX_SUBVOL, stx_attributes=0, stx_mode=S_IFREG|0644, stx_size=16, ...}) = 0
read(12, "dfcfda7f92a9c850", 16)        = 16
read(12, "", 32)                        = 0
close(12)                               = 0
ioctl(2, TIOCGWINSZ, {ws_row=33, ws_col=60, ws_xpixel=600, ws_ypixel=726}) = 0
statx(AT_FDCWD, "/home/xolra0d/dev/databases/touchhouse/target/debug/.fingerprint/is_terminal_polyfill-fc0a41207cd029ef", AT_STATX_SYNC_AS_STAT, STATX_ALL, {stx_mask=STATX_ALL|STATX_MNT_ID|STATX_SUBVOL, stx_attributes=0, stx_mode=S_IFDIR|0755, stx_size=196, ...}) = 0
openat(AT_FDCWD, "/home/xolra0d/dev/databases/touchhouse/target/debug/.fingerprint/is_terminal_polyfill-fc0a41207cd029ef/lib-is_terminal_polyfill", O_RDONLY|O_CLOEXEC) = 12
statx(12, "", AT_STATX_SYNC_AS_STAT|AT_EMPTY_PATH, STATX_ALL, {stx_mask=STATX_ALL|STATX_MNT_ID|STATX_SUBVOL, stx_attributes=0, stx_mode=S_IFREG|0644, stx_size=16, ...}) = 0
read(12, "0d90b85c032e7b59", 16)        = 16
read(12, "", 32)                        = 0
close(12)                               = 0
ioctl(2, TIOCGWINSZ, {ws_row=33, ws_col=60, ws_xpixel=600, ws_ypixel=726}) = 0
statx(AT_FDCWD, "/home/xolra0d/dev/databases/touchhouse/target/debug/.fingerprint/env_filter-4114b92787b77690", AT_STATX_SYNC_AS_STAT, STATX_ALL, {stx_mask=STATX_ALL|STATX_MNT_ID|STATX_SUBVOL, stx_attributes=0, stx_mode=S_IFDIR|0755, stx_size=136, ...}) = 0
openat(AT_FDCWD, "/home/xolra0d/dev/databases/touchhouse/target/debug/.fingerprint/env_filter-4114b92787b77690/lib-env_filter", O_RDONLY|O_CLOEXEC) = 12
statx(12, "", AT_STATX_SYNC_AS_STAT|AT_EMPTY_PATH, STATX_ALL, {stx_mask=STATX_ALL|STATX_MNT_ID|STATX_SUBVOL, stx_attributes=0, stx_mode=S_IFREG|0644, stx_size=16, ...}) = 0
read(12, "b7071377ee4e89ac", 16)        = 16
read(12, "", 32)                        = 0
close(12)                               = 0
ioctl(2, TIOCGWINSZ, {ws_row=33, ws_col=60, ws_xpixel=600, ws_ypixel=726}) = 0
statx(AT_FDCWD, "/home/xolra0d/dev/databases/touchhouse/target/debug/.fingerprint/log-8ed15adbf13f2eaf", AT_STATX_SYNC_AS_STAT, STATX_ALL, {stx_mask=STATX_ALL|STATX_MNT_ID|STATX_SUBVOL, stx_attributes=0, stx_mode=S_IFDIR|0755, stx_size=94, ...}) = 0
openat(AT_FDCWD, "/home/xolra0d/dev/databases/touchhouse/target/debug/.fingerprint/log-8ed15adbf13f2eaf/lib-log", O_RDONLY|O_CLOEXEC) = 12
statx(12, "", AT_STATX_SYNC_AS_STAT|AT_EMPTY_PATH, STATX_ALL, {stx_mask=STATX_ALL|STATX_MNT_ID|STATX_SUBVOL, stx_attributes=0, stx_mode=S_IFREG|0644, stx_size=16, ...}) = 0
read(12, "713f8b4e3c957191", 16)        = 16
read(12, "", 32)                        = 0
close(12)                               = 0
ioctl(2, TIOCGWINSZ, {ws_row=33, ws_col=60, ws_xpixel=600, ws_ypixel=726}) = 0
statx(AT_FDCWD, "/home/xolra0d/dev/databases/touchhouse/target/debug/.fingerprint/regex-564aff327faad77c", AT_STATX_SYNC_AS_STAT, STATX_ALL, {stx_mask=STATX_ALL|STATX_MNT_ID|STATX_SUBVOL, stx_attributes=0, stx_mode=S_IFDIR|0755, stx_size=106, ...}) = 0
openat(AT_FDCWD, "/home/xolra0d/dev/databases/touchhouse/target/debug/.fingerprint/regex-564aff327faad77c/lib-regex", O_RDONLY|O_CLOEXEC) = 12
statx(12, "", AT_STATX_SYNC_AS_STAT|AT_EMPTY_PATH, STATX_ALL, {stx_mask=STATX_ALL|STATX_MNT_ID|STATX_SUBVOL, stx_attributes=0, stx_mode=S_IFREG|0644, stx_size=16, ...}) = 0
read(12, "9836c8e22b5b869a", 16)        = 16
read(12, "", 32)                        = 0
close(12)                               = 0
ioctl(2, TIOCGWINSZ, {ws_row=33, ws_col=60, ws_xpixel=600, ws_ypixel=726}) = 0
statx(AT_FDCWD, "/home/xolra0d/dev/databases/touchhouse/target/debug/.fingerprint/aho-corasick-6938f3446a0301b6", AT_STATX_SYNC_AS_STAT, STATX_ALL, {stx_mask=STATX_ALL|STATX_MNT_ID|STATX_SUBVOL, stx_attributes=0, stx_mode=S_IFDIR|0755, stx_size=148, ...}) = 0
openat(AT_FDCWD, "/home/xolra0d/dev/databases/touchhouse/target/debug/.fingerprint/aho-corasick-6938f3446a0301b6/lib-aho_corasick", O_RDONLY|O_CLOEXEC) = 12
statx(12, "", AT_STATX_SYNC_AS_STAT|AT_EMPTY_PATH, STATX_ALL, {stx_mask=STATX_ALL|STATX_MNT_ID|STATX_SUBVOL, stx_attributes=0, stx_mode=S_IFREG|0644, stx_size=16, ...}) = 0
read(12, "1b3c4df8fece139c", 16)        = 16
read(12, "", 32)                        = 0
close(12)                               = 0
ioctl(2, TIOCGWINSZ, {ws_row=33, ws_col=60, ws_xpixel=600, ws_ypixel=726}) = 0
statx(AT_FDCWD, "/home/xolra0d/dev/databases/touchhouse/target/debug/.fingerprint/memchr-e97ff5d644abd4b5", AT_STATX_SYNC_AS_STAT, STATX_ALL, {stx_mask=STATX_ALL|STATX_MNT_ID|STATX_SUBVOL, stx_attributes=0, stx_mode=S_IFDIR|0755, stx_size=112, ...}) = 0
openat(AT_FDCWD, "/home/xolra0d/dev/databases/touchhouse/target/debug/.fingerprint/memchr-e97ff5d644abd4b5/lib-memchr", O_RDONLY|O_CLOEXEC) = 12
statx(12, "", AT_STATX_SYNC_AS_STAT|AT_EMPTY_PATH, STATX_ALL, {stx_mask=STATX_ALL|STATX_MNT_ID|STATX_SUBVOL, stx_attributes=0, stx_mode=S_IFREG|0644, stx_size=16, ...}) = 0
read(12, "052dcd0997dcd84e", 16)        = 16
read(12, "", 32)                        = 0
close(12)                               = 0
ioctl(2, TIOCGWINSZ, {ws_row=33, ws_col=60, ws_xpixel=600, ws_ypixel=726}) = 0
statx(AT_FDCWD, "/home/xolra0d/dev/databases/touchhouse/target/debug/.fingerprint/regex-automata-ccd48dc2fa4c8b2b", AT_STATX_SYNC_AS_STAT, STATX_ALL, {stx_mask=STATX_ALL|STATX_MNT_ID|STATX_SUBVOL, stx_attributes=0, stx_mode=S_IFDIR|0755, stx_size=160, ...}) = 0
openat(AT_FDCWD, "/home/xolra0d/dev/databases/touchhouse/target/debug/.fingerprint/regex-automata-ccd48dc2fa4c8b2b/lib-regex_automata", O_RDONLY|O_CLOEXEC) = 12
statx(12, "", AT_STATX_SYNC_AS_STAT|AT_EMPTY_PATH, STATX_ALL, {stx_mask=STATX_ALL|STATX_MNT_ID|STATX_SUBVOL, stx_attributes=0, stx_mode=S_IFREG|0644, stx_size=16, ...}) = 0
read(12, "fbb63c6d92e001a1", 16)        = 16
read(12, "", 32)                        = 0
close(12)                               = 0
ioctl(2, TIOCGWINSZ, {ws_row=33, ws_col=60, ws_xpixel=600, ws_ypixel=726}) = 0
statx(AT_FDCWD, "/home/xolra0d/dev/databases/touchhouse/target/debug/.fingerprint/regex-syntax-c0df0650e2113103", AT_STATX_SYNC_AS_STAT, STATX_ALL, {stx_mask=STATX_ALL|STATX_MNT_ID|STATX_SUBVOL, stx_attributes=0, stx_mode=S_IFDIR|0755, stx_size=148, ...}) = 0
openat(AT_FDCWD, "/home/xolra0d/dev/databases/touchhouse/target/debug/.fingerprint/regex-syntax-c0df0650e2113103/lib-regex_syntax", O_RDONLY|O_CLOEXEC) = 12
statx(12, "", AT_STATX_SYNC_AS_STAT|AT_EMPTY_PATH, STATX_ALL, {stx_mask=STATX_ALL|STATX_MNT_ID|STATX_SUBVOL, stx_attributes=0, stx_mode=S_IFREG|0644, stx_size=16, ...}) = 0
read(12, "43376fdc3ba6d4ff", 16)        = 16
read(12, "", 32)                        = 0
close(12)                               = 0
ioctl(2, TIOCGWINSZ, {ws_row=33, ws_col=60, ws_xpixel=600, ws_ypixel=726}) = 0
statx(AT_FDCWD, "/home/xolra0d/dev/databases/touchhouse/target/debug/.fingerprint/jiff-ed41c4c842571787", AT_STATX_SYNC_AS_STAT, STATX_ALL, {stx_mask=STATX_ALL|STATX_MNT_ID|STATX_SUBVOL, stx_attributes=0, stx_mode=S_IFDIR|0755, stx_size=100, ...}) = 0
openat(AT_FDCWD, "/home/xolra0d/dev/databases/touchhouse/target/debug/.fingerprint/jiff-ed41c4c842571787/lib-jiff", O_RDONLY|O_CLOEXEC) = 12
statx(12, "", AT_STATX_SYNC_AS_STAT|AT_EMPTY_PATH, STATX_ALL, {stx_mask=STATX_ALL|STATX_MNT_ID|STATX_SUBVOL, stx_attributes=0, stx_mode=S_IFREG|0644, stx_size=16, ...}) = 0
read(12, "bdb19ef254356ed9", 16)        = 16
read(12, "", 32)                        = 0
close(12)                               = 0
ioctl(2, TIOCGWINSZ, {ws_row=33, ws_col=60, ws_xpixel=600, ws_ypixel=726}) = 0
statx(AT_FDCWD, "/home/xolra0d/dev/databases/touchhouse/target/debug/.fingerprint/futures-90e4937ca2efdf26", AT_STATX_SYNC_AS_STAT, STATX_ALL, {stx_mask=STATX_ALL|STATX_MNT_ID|STATX_SUBVOL, stx_attributes=0, stx_mode=S_IFDIR|0755, stx_size=118, ...}) = 0
openat(AT_FDCWD, "/home/xolra0d/dev/databases/touchhouse/target/debug/.fingerprint/futures-90e4937ca2efdf26/lib-futures", O_RDONLY|O_CLOEXEC) = 12
statx(12, "", AT_STATX_SYNC_AS_STAT|AT_EMPTY_PATH, STATX_ALL, {stx_mask=STATX_ALL|STATX_MNT_ID|STATX_SUBVOL, stx_attributes=0, stx_mode=S_IFREG|0644, stx_size=16, ...}) = 0
read(12, "9fd65171a990244b", 16)        = 16
read(12, "", 32)                        = 0
close(12)                               = 0
ioctl(2, TIOCGWINSZ, {ws_row=33, ws_col=60, ws_xpixel=600, ws_ypixel=726}) = 0
statx(AT_FDCWD, "/home/xolra0d/dev/databases/touchhouse/target/debug/.fingerprint/futures-channel-96dadfa40e61a835", AT_STATX_SYNC_AS_STAT, STATX_ALL, {stx_mask=STATX_ALL|STATX_MNT_ID|STATX_SUBVOL, stx_attributes=0, stx_mode=S_IFDIR|0755, stx_size=166, ...}) = 0
openat(AT_FDCWD, "/home/xolra0d/dev/databases/touchhouse/target/debug/.fingerprint/futures-channel-96dadfa40e61a835/lib-futures_channel", O_RDONLY|O_CLOEXEC) = 12
statx(12, "", AT_STATX_SYNC_AS_STAT|AT_EMPTY_PATH, STATX_ALL, {stx_mask=STATX_ALL|STATX_MNT_ID|STATX_SUBVOL, stx_attributes=0, stx_mode=S_IFREG|0644, stx_size=16, ...}) = 0
read(12, "726ccd5d263164f9", 16)        = 16
read(12, "", 32)                        = 0
close(12)                               = 0
ioctl(2, TIOCGWINSZ, {ws_row=33, ws_col=60, ws_xpixel=600, ws_ypixel=726}) = 0
statx(AT_FDCWD, "/home/xolra0d/dev/databases/touchhouse/target/debug/.fingerprint/futures-core-51107a6a42de01b4", AT_STATX_SYNC_AS_STAT, STATX_ALL, {stx_mask=STATX_ALL|STATX_MNT_ID|STATX_SUBVOL, stx_attributes=0, stx_mode=S_IFDIR|0755, stx_size=148, ...}) = 0
openat(AT_FDCWD, "/home/xolra0d/dev/databases/touchhouse/target/debug/.fingerprint/futures-core-51107a6a42de01b4/lib-futures_core", O_RDONLY|O_CLOEXEC) = 12
statx(12, "", AT_STATX_SYNC_AS_STAT|AT_EMPTY_PATH, STATX_ALL, {stx_mask=STATX_ALL|STATX_MNT_ID|STATX_SUBVOL, stx_attributes=0, stx_mode=S_IFREG|0644, stx_size=16, ...}) = 0
read(12, "3556fef553c14239", 16)        = 16
read(12, "", 32)                        = 0
close(12)                               = 0
ioctl(2, TIOCGWINSZ, {ws_row=33, ws_col=60, ws_xpixel=600, ws_ypixel=726}) = 0
statx(AT_FDCWD, "/home/xolra0d/dev/databases/touchhouse/target/debug/.fingerprint/futures-sink-ace0766c9d921ae4", AT_STATX_SYNC_AS_STAT, STATX_ALL, {stx_mask=STATX_ALL|STATX_MNT_ID|STATX_SUBVOL, stx_attributes=0, stx_mode=S_IFDIR|0755, stx_size=148, ...}) = 0
openat(AT_FDCWD, "/home/xolra0d/dev/databases/touchhouse/target/debug/.fingerprint/futures-sink-ace0766c9d921ae4/lib-futures_sink", O_RDONLY|O_CLOEXEC) = 12
statx(12, "", AT_STATX_SYNC_AS_STAT|AT_EMPTY_PATH, STATX_ALL, {stx_mask=STATX_ALL|STATX_MNT_ID|STATX_SUBVOL, stx_attributes=0, stx_mode=S_IFREG|0644, stx_size=16, ...}) = 0
read(12, "ad2062ff47a90888", 16)        = 16
read(12, "", 32)                        = 0
close(12)                               = 0
ioctl(2, TIOCGWINSZ, {ws_row=33, ws_col=60, ws_xpixel=600, ws_ypixel=726}) = 0
statx(AT_FDCWD, "/home/xolra0d/dev/databases/touchhouse/target/debug/.fingerprint/futures-executor-61bf9df273ba576f", AT_STATX_SYNC_AS_STAT, STATX_ALL, {stx_mask=STATX_ALL|STATX_MNT_ID|STATX_SUBVOL, stx_attributes=0, stx_mode=S_IFDIR|0755, stx_size=172, ...}) = 0
openat(AT_FDCWD, "/home/xolra0d/dev/databases/touchhouse/target/debug/.fingerprint/futures-executor-61bf9df273ba576f/lib-futures_executor", O_RDONLY|O_CLOEXEC) = 12
statx(12, "", AT_STATX_SYNC_AS_STAT|AT_EMPTY_PATH, STATX_ALL, {stx_mask=STATX_ALL|STATX_MNT_ID|STATX_SUBVOL, stx_attributes=0, stx_mode=S_IFREG|0644, stx_size=16, ...}) = 0
read(12, "496396ec69bb1c1f", 16)        = 16
read(12, "", 32)                        = 0
close(12)                               = 0
ioctl(2, TIOCGWINSZ, {ws_row=33, ws_col=60, ws_xpixel=600, ws_ypixel=726}) = 0
statx(AT_FDCWD, "/home/xolra0d/dev/databases/touchhouse/target/debug/.fingerprint/futures-task-ed65d84addaaa1fb", AT_STATX_SYNC_AS_STAT, STATX_ALL, {stx_mask=STATX_ALL|STATX_MNT_ID|STATX_SUBVOL, stx_attributes=0, stx_mode=S_IFDIR|0755, stx_size=148, ...}) = 0
openat(AT_FDCWD, "/home/xolra0d/dev/databases/touchhouse/target/debug/.fingerprint/futures-task-ed65d84addaaa1fb/lib-futures_task", O_RDONLY|O_CLOEXEC) = 12
statx(12, "", AT_STATX_SYNC_AS_STAT|AT_EMPTY_PATH, STATX_ALL, {stx_mask=STATX_ALL|STATX_MNT_ID|STATX_SUBVOL, stx_attributes=0, stx_mode=S_IFREG|0644, stx_size=16, ...}) = 0
read(12, "083037e1018c4b86", 16)        = 16
read(12, "", 32)                        = 0
close(12)                               = 0
ioctl(2, TIOCGWINSZ, {ws_row=33, ws_col=60, ws_xpixel=600, ws_ypixel=726}) = 0
statx(AT_FDCWD, "/home/xolra0d/dev/databases/touchhouse/target/debug/.fingerprint/futures-util-a0b58aebd5914b2c", AT_STATX_SYNC_AS_STAT, STATX_ALL, {stx_mask=STATX_ALL|STATX_MNT_ID|STATX_SUBVOL, stx_attributes=0, stx_mode=S_IFDIR|0755, stx_size=148, ...}) = 0
openat(AT_FDCWD, "/home/xolra0d/dev/databases/touchhouse/target/debug/.fingerprint/futures-util-a0b58aebd5914b2c/lib-futures_util", O_RDONLY|O_CLOEXEC) = 12
statx(12, "", AT_STATX_SYNC_AS_STAT|AT_EMPTY_PATH, STATX_ALL, {stx_mask=STATX_ALL|STATX_MNT_ID|STATX_SUBVOL, stx_attributes=0, stx_mode=S_IFREG|0644, stx_size=16, ...}) = 0
read(12, "d14e990493aacf06", 16)        = 16
read(12, "", 32)                        = 0
close(12)                               = 0
ioctl(2, TIOCGWINSZ, {ws_row=33, ws_col=60, ws_xpixel=600, ws_ypixel=726}) = 0
statx(AT_FDCWD, "/home/xolra0d/dev/databases/touchhouse/target/debug/.fingerprint/futures-io-c30d8397f181e843", AT_STATX_SYNC_AS_STAT, STATX_ALL, {stx_mask=STATX_ALL|STATX_MNT_ID|STATX_SUBVOL, stx_attributes=0, stx_mode=S_IFDIR|0755, stx_size=136, ...}) = 0
openat(AT_FDCWD, "/home/xolra0d/dev/databases/touchhouse/target/debug/.fingerprint/futures-io-c30d8397f181e843/lib-futures_io", O_RDONLY|O_CLOEXEC) = 12
statx(12, "", AT_STATX_SYNC_AS_STAT|AT_EMPTY_PATH, STATX_ALL, {stx_mask=STATX_ALL|STATX_MNT_ID|STATX_SUBVOL, stx_attributes=0, stx_mode=S_IFREG|0644, stx_size=16, ...}) = 0
read(12, "1afbfdb767126843", 16)        = 16
read(12, "", 32)                        = 0
close(12)                               = 0
ioctl(2, TIOCGWINSZ, {ws_row=33, ws_col=60, ws_xpixel=600, ws_ypixel=726}) = 0
statx(AT_FDCWD, "/home/xolra0d/dev/databases/touchhouse/target/debug/.fingerprint/futures-macro-3836c120171616ca", AT_STATX_SYNC_AS_STAT, STATX_ALL, {stx_mask=STATX_ALL|STATX_MNT_ID|STATX_SUBVOL, stx_attributes=0, stx_mode=S_IFDIR|0755, stx_size=154, ...}) = 0
openat(AT_FDCWD, "/home/xolra0d/dev/databases/touchhouse/target/debug/.fingerprint/futures-macro-3836c120171616ca/lib-futures_macro", O_RDONLY|O_CLOEXEC) = 12
statx(12, "", AT_STATX_SYNC_AS_STAT|AT_EMPTY_PATH, STATX_ALL, {stx_mask=STATX_ALL|STATX_MNT_ID|STATX_SUBVOL, stx_attributes=0, stx_mode=S_IFREG|0644, stx_size=16, ...}) = 0
read(12, "c8f244974487392c", 16)        = 16
read(12, "", 32)                        = 0
close(12)                               = 0
ioctl(2, TIOCGWINSZ, {ws_row=33, ws_col=60, ws_xpixel=600, ws_ypixel=726}) = 0
statx(AT_FDCWD, "/home/xolra0d/dev/databases/touchhouse/target/debug/.fingerprint/pin-project-lite-2e126e1d3701b224", AT_STATX_SYNC_AS_STAT, STATX_ALL, {stx_mask=STATX_ALL|STATX_MNT_ID|STATX_SUBVOL, stx_attributes=0, stx_mode=S_IFDIR|0755, stx_size=172, ...}) = 0
openat(AT_FDCWD, "/home/xolra0d/dev/databases/touchhouse/target/debug/.fingerprint/pin-project-lite-2e126e1d3701b224/lib-pin_project_lite", O_RDONLY|O_CLOEXEC) = 12
statx(12, "", AT_STATX_SYNC_AS_STAT|AT_EMPTY_PATH, STATX_ALL, {stx_mask=STATX_ALL|STATX_MNT_ID|STATX_SUBVOL, stx_attributes=0, stx_mode=S_IFREG|0644, stx_size=16, ...}) = 0
read(12, "d7683d32ddffa5d1", 16)        = 16
read(12, "", 32)                        = 0
close(12)                               = 0
brk(0x557067f1b000)                     = 0x557067f1b000
ioctl(2, TIOCGWINSZ, {ws_row=33, ws_col=60, ws_xpixel=600, ws_ypixel=726}) = 0
statx(AT_FDCWD, "/home/xolra0d/dev/databases/touchhouse/target/debug/.fingerprint/pin-utils-073730525382c2a0", AT_STATX_SYNC_AS_STAT, STATX_ALL, {stx_mask=STATX_ALL|STATX_MNT_ID|STATX_SUBVOL, stx_attributes=0, stx_mode=S_IFDIR|0755, stx_size=130, ...}) = 0
openat(AT_FDCWD, "/home/xolra0d/dev/databases/touchhouse/target/debug/.fingerprint/pin-utils-073730525382c2a0/lib-pin_utils", O_RDONLY|O_CLOEXEC) = 12
statx(12, "", AT_STATX_SYNC_AS_STAT|AT_EMPTY_PATH, STATX_ALL, {stx_mask=STATX_ALL|STATX_MNT_ID|STATX_SUBVOL, stx_attributes=0, stx_mode=S_IFREG|0644, stx_size=16, ...}) = 0
read(12, "a4a8a8c8a3a31e7e", 16)        = 16
read(12, "", 32)                        = 0
close(12)                               = 0
ioctl(2, TIOCGWINSZ, {ws_row=33, ws_col=60, ws_xpixel=600, ws_ypixel=726}) = 0
statx(AT_FDCWD, "/home/xolra0d/dev/databases/touchhouse/target/debug/.fingerprint/slab-4d8cc6521daa22bd", AT_STATX_SYNC_AS_STAT, STATX_ALL, {stx_mask=STATX_ALL|STATX_MNT_ID|STATX_SUBVOL, stx_attributes=0, stx_mode=S_IFDIR|0755, stx_size=100, ...}) = 0
openat(AT_FDCWD, "/home/xolra0d/dev/databases/touchhouse/target/debug/.fingerprint/slab-4d8cc6521daa22bd/lib-slab", O_RDONLY|O_CLOEXEC) = 12
statx(12, "", AT_STATX_SYNC_AS_STAT|AT_EMPTY_PATH, STATX_ALL, {stx_mask=STATX_ALL|STATX_MNT_ID|STATX_SUBVOL, stx_attributes=0, stx_mode=S_IFREG|0644, stx_size=16, ...}) = 0
read(12, "aab45dae6e57c93f", 16)        = 16
read(12, "", 32)                        = 0
close(12)                               = 0
ioctl(2, TIOCGWINSZ, {ws_row=33, ws_col=60, ws_xpixel=600, ws_ypixel=726}) = 0
statx(AT_FDCWD, "/home/xolra0d/dev/databases/touchhouse/target/debug/.fingerprint/lz4-d28c61803ac2d7bd", AT_STATX_SYNC_AS_STAT, STATX_ALL, {stx_mask=STATX_ALL|STATX_MNT_ID|STATX_SUBVOL, stx_attributes=0, stx_mode=S_IFDIR|0755, stx_size=94, ...}) = 0
openat(AT_FDCWD, "/home/xolra0d/dev/databases/touchhouse/target/debug/.fingerprint/lz4-d28c61803ac2d7bd/lib-lz4", O_RDONLY|O_CLOEXEC) = 12
statx(12, "", AT_STATX_SYNC_AS_STAT|AT_EMPTY_PATH, STATX_ALL, {stx_mask=STATX_ALL|STATX_MNT_ID|STATX_SUBVOL, stx_attributes=0, stx_mode=S_IFREG|0644, stx_size=16, ...}) = 0
read(12, "95d3368325ed37dc", 16)        = 16
read(12, "", 32)                        = 0
close(12)                               = 0
ioctl(2, TIOCGWINSZ, {ws_row=33, ws_col=60, ws_xpixel=600, ws_ypixel=726}) = 0
statx(AT_FDCWD, "/home/xolra0d/dev/databases/touchhouse/target/debug/.fingerprint/lz4-sys-3b8cce267f53af1b", AT_STATX_SYNC_AS_STAT, STATX_ALL, {stx_mask=STATX_ALL|STATX_MNT_ID|STATX_SUBVOL, stx_attributes=0, stx_mode=S_IFDIR|0755, stx_size=118, ...}) = 0
openat(AT_FDCWD, "/home/xolra0d/dev/databases/touchhouse/target/debug/.fingerprint/lz4-sys-3b8cce267f53af1b/lib-lz4_sys", O_RDONLY|O_CLOEXEC) = 12
statx(12, "", AT_STATX_SYNC_AS_STAT|AT_EMPTY_PATH, STATX_ALL, {stx_mask=STATX_ALL|STATX_MNT_ID|STATX_SUBVOL, stx_attributes=0, stx_mode=S_IFREG|0644, stx_size=16, ...}) = 0
read(12, "48c10e9404caac86", 16)        = 16
read(12, "", 32)                        = 0
close(12)                               = 0
ioctl(2, TIOCGWINSZ, {ws_row=33, ws_col=60, ws_xpixel=600, ws_ypixel=726}) = 0
statx(AT_FDCWD, "/home/xolra0d/dev/databases/touchhouse/target/debug/.fingerprint/lz4-sys-e2c8bf07f85ed6cb", AT_STATX_SYNC_AS_STAT, STATX_ALL, {stx_mask=STATX_ALL|STATX_MNT_ID|STATX_SUBVOL, stx_attributes=0, stx_mode=S_IFDIR|0755, stx_size=150, ...}) = 0
openat(AT_FDCWD, "/home/xolra0d/dev/databases/touchhouse/target/debug/build/lz4-sys-e2c8bf07f85ed6cb/root-output", O_RDONLY|O_CLOEXEC) = 12
statx(12, "", AT_STATX_SYNC_AS_STAT|AT_EMPTY_PATH, STATX_ALL, {stx_mask=STATX_ALL|STATX_MNT_ID|STATX_SUBVOL, stx_attributes=0, stx_mode=S_IFREG|0644, stx_size=86, ...}) = 0
read(12, "/home/xolra0d/dev/databases/touc"..., 86) = 86
read(12, "", 32)                        = 0
close(12)                               = 0
openat(AT_FDCWD, "/home/xolra0d/dev/databases/touchhouse/target/debug/build/lz4-sys-e2c8bf07f85ed6cb/output", O_RDONLY|O_CLOEXEC) = 12
statx(12, "", AT_STATX_SYNC_AS_STAT|AT_EMPTY_PATH, STATX_ALL, {stx_mask=STATX_ALL|STATX_MNT_ID|STATX_SUBVOL, stx_attributes=0, stx_mode=S_IFREG|0644, stx_size=1936, ...}) = 0
read(12, "OUT_DIR = Some(/home/xolra0d/dev"..., 1936) = 1936
read(12, "", 32)                        = 0
close(12)                               = 0
mkdir("/home/xolra0d/dev/databases/touchhouse/target/debug/build/lz4-sys-cc8226347c842b2e", 0777) = -1 EEXIST (File exists)
statx(AT_FDCWD, "/home/xolra0d/dev/databases/touchhouse/target/debug/build/lz4-sys-cc8226347c842b2e", AT_STATX_SYNC_AS_STAT, STATX_ALL, {stx_mask=STATX_ALL|STATX_MNT_ID|STATX_SUBVOL, stx_attributes=0, stx_mode=S_IFDIR|0755, stx_size=180, ...}) = 0
mkdir("/home/xolra0d/dev/databases/touchhouse/target/debug/build/lz4-sys-e2c8bf07f85ed6cb/out", 0777) = -1 EEXIST (File exists)
statx(AT_FDCWD, "/home/xolra0d/dev/databases/touchhouse/target/debug/build/lz4-sys-e2c8bf07f85ed6cb/out", AT_STATX_SYNC_AS_STAT, STATX_ALL, {stx_mask=STATX_ALL|STATX_MNT_ID|STATX_SUBVOL, stx_attributes=0, stx_mode=S_IFDIR|0755, stx_size=226, ...}) = 0
openat(AT_FDCWD, "/home/xolra0d/dev/databases/touchhouse/target/debug/.fingerprint/lz4-sys-e2c8bf07f85ed6cb/run-build-script-build-script-build", O_RDONLY|O_CLOEXEC) = 12
statx(12, "", AT_STATX_SYNC_AS_STAT|AT_EMPTY_PATH, STATX_ALL, {stx_mask=STATX_ALL|STATX_MNT_ID|STATX_SUBVOL, stx_attributes=0, stx_mode=S_IFREG|0644, stx_size=16, ...}) = 0
read(12, "891b72b4f9d56dbb", 16)        = 16
read(12, "", 32)                        = 0
close(12)                               = 0
statx(AT_FDCWD, "/home/xolra0d/dev/databases/touchhouse/target/debug/.fingerprint/lz4-sys-cc8226347c842b2e", AT_STATX_SYNC_AS_STAT, STATX_ALL, {stx_mask=STATX_ALL|STATX_MNT_ID|STATX_SUBVOL, stx_attributes=0, stx_mode=S_IFDIR|0755, stx_size=238, ...}) = 0
openat(AT_FDCWD, "/home/xolra0d/dev/databases/touchhouse/target/debug/.fingerprint/lz4-sys-cc8226347c842b2e/build-script-build-script-build", O_RDONLY|O_CLOEXEC) = 12
statx(12, "", AT_STATX_SYNC_AS_STAT|AT_EMPTY_PATH, STATX_ALL, {stx_mask=STATX_ALL|STATX_MNT_ID|STATX_SUBVOL, stx_attributes=0, stx_mode=S_IFREG|0644, stx_size=16, ...}) = 0
read(12, "bbf85edf1816a544", 16)        = 16
read(12, "", 32)                        = 0
close(12)                               = 0
ioctl(2, TIOCGWINSZ, {ws_row=33, ws_col=60, ws_xpixel=600, ws_ypixel=726}) = 0
statx(AT_FDCWD, "/home/xolra0d/dev/databases/touchhouse/target/debug/.fingerprint/cc-26a351ee80f4ae87", AT_STATX_SYNC_AS_STAT, STATX_ALL, {stx_mask=STATX_ALL|STATX_MNT_ID|STATX_SUBVOL, stx_attributes=0, stx_mode=S_IFDIR|0755, stx_size=88, ...}) = 0
openat(AT_FDCWD, "/home/xolra0d/dev/databases/touchhouse/target/debug/.fingerprint/cc-26a351ee80f4ae87/lib-cc", O_RDONLY|O_CLOEXEC) = 12
statx(12, "", AT_STATX_SYNC_AS_STAT|AT_EMPTY_PATH, STATX_ALL, {stx_mask=STATX_ALL|STATX_MNT_ID|STATX_SUBVOL, stx_attributes=0, stx_mode=S_IFREG|0644, stx_size=16, ...}) = 0
read(12, "bfa47fabd73b9944", 16)        = 16
read(12, "", 32)                        = 0
close(12)                               = 0
ioctl(2, TIOCGWINSZ, {ws_row=33, ws_col=60, ws_xpixel=600, ws_ypixel=726}) = 0
statx(AT_FDCWD, "/home/xolra0d/dev/databases/touchhouse/target/debug/.fingerprint/find-msvc-tools-7abcf6e736b4452f", AT_STATX_SYNC_AS_STAT, STATX_ALL, {stx_mask=STATX_ALL|STATX_MNT_ID|STATX_SUBVOL, stx_attributes=0, stx_mode=S_IFDIR|0755, stx_size=166, ...}) = 0
openat(AT_FDCWD, "/home/xolra0d/dev/databases/touchhouse/target/debug/.fingerprint/find-msvc-tools-7abcf6e736b4452f/lib-find_msvc_tools", O_RDONLY|O_CLOEXEC) = 12
statx(12, "", AT_STATX_SYNC_AS_STAT|AT_EMPTY_PATH, STATX_ALL, {stx_mask=STATX_ALL|STATX_MNT_ID|STATX_SUBVOL, stx_attributes=0, stx_mode=S_IFREG|0644, stx_size=16, ...}) = 0
read(12, "b6e2986fabd68334", 16)        = 16
read(12, "", 32)                        = 0
close(12)                               = 0
brk(0x557067f3c000)                     = 0x557067f3c000
ioctl(2, TIOCGWINSZ, {ws_row=33, ws_col=60, ws_xpixel=600, ws_ypixel=726}) = 0
statx(AT_FDCWD, "/home/xolra0d/dev/databases/touchhouse/target/debug/.fingerprint/shlex-3b90976fe851454e", AT_STATX_SYNC_AS_STAT, STATX_ALL, {stx_mask=STATX_ALL|STATX_MNT_ID|STATX_SUBVOL, stx_attributes=0, stx_mode=S_IFDIR|0755, stx_size=106, ...}) = 0
openat(AT_FDCWD, "/home/xolra0d/dev/databases/touchhouse/target/debug/.fingerprint/shlex-3b90976fe851454e/lib-shlex", O_RDONLY|O_CLOEXEC) = 12
statx(12, "", AT_STATX_SYNC_AS_STAT|AT_EMPTY_PATH, STATX_ALL, {stx_mask=STATX_ALL|STATX_MNT_ID|STATX_SUBVOL, stx_attributes=0, stx_mode=S_IFREG|0644, stx_size=16, ...}) = 0
read(12, "6a87b4a826541df3", 16)        = 16
read(12, "", 32)                        = 0
close(12)                               = 0
ioctl(2, TIOCGWINSZ, {ws_row=33, ws_col=60, ws_xpixel=600, ws_ypixel=726}) = 0
statx(AT_FDCWD, "/home/xolra0d/dev/databases/touchhouse/target/debug/.fingerprint/memmap2-bfc3934b8ce5ded7", AT_STATX_SYNC_AS_STAT, STATX_ALL, {stx_mask=STATX_ALL|STATX_MNT_ID|STATX_SUBVOL, stx_attributes=0, stx_mode=S_IFDIR|0755, stx_size=118, ...}) = 0
openat(AT_FDCWD, "/home/xolra0d/dev/databases/touchhouse/target/debug/.fingerprint/memmap2-bfc3934b8ce5ded7/lib-memmap2", O_RDONLY|O_CLOEXEC) = 12
statx(12, "", AT_STATX_SYNC_AS_STAT|AT_EMPTY_PATH, STATX_ALL, {stx_mask=STATX_ALL|STATX_MNT_ID|STATX_SUBVOL, stx_attributes=0, stx_mode=S_IFREG|0644, stx_size=16, ...}) = 0
read(12, "4a334ac22a492db9", 16)        = 16
read(12, "", 32)                        = 0
close(12)                               = 0
ioctl(2, TIOCGWINSZ, {ws_row=33, ws_col=60, ws_xpixel=600, ws_ypixel=726}) = 0
statx(AT_FDCWD, "/home/xolra0d/dev/databases/touchhouse/target/debug/.fingerprint/rayon-326a8135345a47f9", AT_STATX_SYNC_AS_STAT, STATX_ALL, {stx_mask=STATX_ALL|STATX_MNT_ID|STATX_SUBVOL, stx_attributes=0, stx_mode=S_IFDIR|0755, stx_size=106, ...}) = 0
openat(AT_FDCWD, "/home/xolra0d/dev/databases/touchhouse/target/debug/.fingerprint/rayon-326a8135345a47f9/lib-rayon", O_RDONLY|O_CLOEXEC) = 12
statx(12, "", AT_STATX_SYNC_AS_STAT|AT_EMPTY_PATH, STATX_ALL, {stx_mask=STATX_ALL|STATX_MNT_ID|STATX_SUBVOL, stx_attributes=0, stx_mode=S_IFREG|0644, stx_size=16, ...}) = 0
read(12, "c190433e68162150", 16)        = 16
read(12, "", 32)                        = 0
close(12)                               = 0
ioctl(2, TIOCGWINSZ, {ws_row=33, ws_col=60, ws_xpixel=600, ws_ypixel=726}) = 0
statx(AT_FDCWD, "/home/xolra0d/dev/databases/touchhouse/target/debug/.fingerprint/either-759c95520ab132d8", AT_STATX_SYNC_AS_STAT, STATX_ALL, {stx_mask=STATX_ALL|STATX_MNT_ID|STATX_SUBVOL, stx_attributes=0, stx_mode=S_IFDIR|0755, stx_size=112, ...}) = 0
openat(AT_FDCWD, "/home/xolra0d/dev/databases/touchhouse/target/debug/.fingerprint/either-759c95520ab132d8/lib-either", O_RDONLY|O_CLOEXEC) = 12
statx(12, "", AT_STATX_SYNC_AS_STAT|AT_EMPTY_PATH, STATX_ALL, {stx_mask=STATX_ALL|STATX_MNT_ID|STATX_SUBVOL, stx_attributes=0, stx_mode=S_IFREG|0644, stx_size=16, ...}) = 0
read(12, "2cbd21c3d155e638", 16)        = 16
read(12, "", 32)                        = 0
close(12)                               = 0
ioctl(2, TIOCGWINSZ, {ws_row=33, ws_col=60, ws_xpixel=600, ws_ypixel=726}) = 0
statx(AT_FDCWD, "/home/xolra0d/dev/databases/touchhouse/target/debug/.fingerprint/rayon-core-af936d5901b0fce8", AT_STATX_SYNC_AS_STAT, STATX_ALL, {stx_mask=STATX_ALL|STATX_MNT_ID|STATX_SUBVOL, stx_attributes=0, stx_mode=S_IFDIR|0755, stx_size=136, ...}) = 0
openat(AT_FDCWD, "/home/xolra0d/dev/databases/touchhouse/target/debug/.fingerprint/rayon-core-af936d5901b0fce8/lib-rayon_core", O_RDONLY|O_CLOEXEC) = 12
statx(12, "", AT_STATX_SYNC_AS_STAT|AT_EMPTY_PATH, STATX_ALL, {stx_mask=STATX_ALL|STATX_MNT_ID|STATX_SUBVOL, stx_attributes=0, stx_mode=S_IFREG|0644, stx_size=16, ...}) = 0
read(12, "879835feaededee2", 16)        = 16
read(12, "", 32)                        = 0
close(12)                               = 0
ioctl(2, TIOCGWINSZ, {ws_row=33, ws_col=60, ws_xpixel=600, ws_ypixel=726}) = 0
statx(AT_FDCWD, "/home/xolra0d/dev/databases/touchhouse/target/debug/.fingerprint/crossbeam-deque-6995d016e26db07f", AT_STATX_SYNC_AS_STAT, STATX_ALL, {stx_mask=STATX_ALL|STATX_MNT_ID|STATX_SUBVOL, stx_attributes=0, stx_mode=S_IFDIR|0755, stx_size=166, ...}) = 0
openat(AT_FDCWD, "/home/xolra0d/dev/databases/touchhouse/target/debug/.fingerprint/crossbeam-deque-6995d016e26db07f/lib-crossbeam_deque", O_RDONLY|O_CLOEXEC) = 12
statx(12, "", AT_STATX_SYNC_AS_STAT|AT_EMPTY_PATH, STATX_ALL, {stx_mask=STATX_ALL|STATX_MNT_ID|STATX_SUBVOL, stx_attributes=0, stx_mode=S_IFREG|0644, stx_size=16, ...}) = 0
read(12, "478079007da87011", 16)        = 16
read(12, "", 32)                        = 0
close(12)                               = 0
brk(0x557067f5d000)                     = 0x557067f5d000
ioctl(2, TIOCGWINSZ, {ws_row=33, ws_col=60, ws_xpixel=600, ws_ypixel=726}) = 0
statx(AT_FDCWD, "/home/xolra0d/dev/databases/touchhouse/target/debug/.fingerprint/crossbeam-epoch-3f303a1308604a37", AT_STATX_SYNC_AS_STAT, STATX_ALL, {stx_mask=STATX_ALL|STATX_MNT_ID|STATX_SUBVOL, stx_attributes=0, stx_mode=S_IFDIR|0755, stx_size=166, ...}) = 0
openat(AT_FDCWD, "/home/xolra0d/dev/databases/touchhouse/target/debug/.fingerprint/crossbeam-epoch-3f303a1308604a37/lib-crossbeam_epoch", O_RDONLY|O_CLOEXEC) = 12
statx(12, "", AT_STATX_SYNC_AS_STAT|AT_EMPTY_PATH, STATX_ALL, {stx_mask=STATX_ALL|STATX_MNT_ID|STATX_SUBVOL, stx_attributes=0, stx_mode=S_IFREG|0644, stx_size=16, ...}) = 0
read(12, "86f0f12e2b5a28d7", 16)        = 16
read(12, "", 32)                        = 0
close(12)                               = 0
ioctl(2, TIOCGWINSZ, {ws_row=33, ws_col=60, ws_xpixel=600, ws_ypixel=726}) = 0
statx(AT_FDCWD, "/home/xolra0d/dev/databases/touchhouse/target/debug/.fingerprint/rayon-core-c8581eef8cc27647", AT_STATX_SYNC_AS_STAT, STATX_ALL, {stx_mask=STATX_ALL|STATX_MNT_ID|STATX_SUBVOL, stx_attributes=0, stx_mode=S_IFDIR|0755, stx_size=150, ...}) = 0
openat(AT_FDCWD, "/home/xolra0d/dev/databases/touchhouse/target/debug/build/rayon-core-c8581eef8cc27647/root-output", O_RDONLY|O_CLOEXEC) = 12
statx(12, "", AT_STATX_SYNC_AS_STAT|AT_EMPTY_PATH, STATX_ALL, {stx_mask=STATX_ALL|STATX_MNT_ID|STATX_SUBVOL, stx_attributes=0, stx_mode=S_IFREG|0644, stx_size=89, ...}) = 0
read(12, "/home/xolra0d/dev/databases/touc"..., 89) = 89
read(12, "", 32)                        = 0
close(12)                               = 0
openat(AT_FDCWD, "/home/xolra0d/dev/databases/touchhouse/target/debug/build/rayon-core-c8581eef8cc27647/output", O_RDONLY|O_CLOEXEC) = 12
statx(12, "", AT_STATX_SYNC_AS_STAT|AT_EMPTY_PATH, STATX_ALL, {stx_mask=STATX_ALL|STATX_MNT_ID|STATX_SUBVOL, stx_attributes=0, stx_mode=S_IFREG|0644, stx_size=32, ...}) = 0
read(12, "cargo:rerun-if-changed=build.rs\n", 32) = 32
read(12, "", 32)                        = 0
close(12)                               = 0
mkdir("/home/xolra0d/dev/databases/touchhouse/target/debug/build/rayon-core-1bc1ef21b7aae4c0", 0777) = -1 EEXIST (File exists)
statx(AT_FDCWD, "/home/xolra0d/dev/databases/touchhouse/target/debug/build/rayon-core-1bc1ef21b7aae4c0", AT_STATX_SYNC_AS_STAT, STATX_ALL, {stx_mask=STATX_ALL|STATX_MNT_ID|STATX_SUBVOL, stx_attributes=0, stx_mode=S_IFDIR|0755, stx_size=180, ...}) = 0
mkdir("/home/xolra0d/dev/databases/touchhouse/target/debug/build/rayon-core-c8581eef8cc27647/out", 0777) = -1 EEXIST (File exists)
statx(AT_FDCWD, "/home/xolra0d/dev/databases/touchhouse/target/debug/build/rayon-core-c8581eef8cc27647/out", AT_STATX_SYNC_AS_STAT, STATX_ALL, {stx_mask=STATX_ALL|STATX_MNT_ID|STATX_SUBVOL, stx_attributes=0, stx_mode=S_IFDIR|0755, stx_size=0, ...}) = 0
openat(AT_FDCWD, "/home/xolra0d/dev/databases/touchhouse/target/debug/.fingerprint/rayon-core-c8581eef8cc27647/run-build-script-build-script-build", O_RDONLY|O_CLOEXEC) = 12
statx(12, "", AT_STATX_SYNC_AS_STAT|AT_EMPTY_PATH, STATX_ALL, {stx_mask=STATX_ALL|STATX_MNT_ID|STATX_SUBVOL, stx_attributes=0, stx_mode=S_IFREG|0644, stx_size=16, ...}) = 0
read(12, "422863e2f31426a9", 16)        = 16
read(12, "", 32)                        = 0
close(12)                               = 0
statx(AT_FDCWD, "/home/xolra0d/dev/databases/touchhouse/target/debug/.fingerprint/rayon-core-1bc1ef21b7aae4c0", AT_STATX_SYNC_AS_STAT, STATX_ALL, {stx_mask=STATX_ALL|STATX_MNT_ID|STATX_SUBVOL, stx_attributes=0, stx_mode=S_IFDIR|0755, stx_size=238, ...}) = 0
openat(AT_FDCWD, "/home/xolra0d/dev/databases/touchhouse/target/debug/.fingerprint/rayon-core-1bc1ef21b7aae4c0/build-script-build-script-build", O_RDONLY|O_CLOEXEC) = 12
statx(12, "", AT_STATX_SYNC_AS_STAT|AT_EMPTY_PATH, STATX_ALL, {stx_mask=STATX_ALL|STATX_MNT_ID|STATX_SUBVOL, stx_attributes=0, stx_mode=S_IFREG|0644, stx_size=16, ...}) = 0
read(12, "ec8f616ce68f0456", 16)        = 16
read(12, "", 32)                        = 0
close(12)                               = 0
ioctl(2, TIOCGWINSZ, {ws_row=33, ws_col=60, ws_xpixel=600, ws_ypixel=726}) = 0
statx(AT_FDCWD, "/home/xolra0d/dev/databases/touchhouse/target/debug/.fingerprint/rkyv-9eb601d46f271867", AT_STATX_SYNC_AS_STAT, STATX_ALL, {stx_mask=STATX_ALL|STATX_MNT_ID|STATX_SUBVOL, stx_attributes=0, stx_mode=S_IFDIR|0755, stx_size=100, ...}) = 0
openat(AT_FDCWD, "/home/xolra0d/dev/databases/touchhouse/target/debug/.fingerprint/rkyv-9eb601d46f271867/lib-rkyv", O_RDONLY|O_CLOEXEC) = 12
statx(12, "", AT_STATX_SYNC_AS_STAT|AT_EMPTY_PATH, STATX_ALL, {stx_mask=STATX_ALL|STATX_MNT_ID|STATX_SUBVOL, stx_attributes=0, stx_mode=S_IFREG|0644, stx_size=16, ...}) = 0
read(12, "2199060f201e128b", 16)        = 16
read(12, "", 32)                        = 0
close(12)                               = 0
ioctl(2, TIOCGWINSZ, {ws_row=33, ws_col=60, ws_xpixel=600, ws_ypixel=726}) = 0
statx(AT_FDCWD, "/home/xolra0d/dev/databases/touchhouse/target/debug/.fingerprint/bytecheck-b88220438f2bf95c", AT_STATX_SYNC_AS_STAT, STATX_ALL, {stx_mask=STATX_ALL|STATX_MNT_ID|STATX_SUBVOL, stx_attributes=0, stx_mode=S_IFDIR|0755, stx_size=130, ...}) = 0
openat(AT_FDCWD, "/home/xolra0d/dev/databases/touchhouse/target/debug/.fingerprint/bytecheck-b88220438f2bf95c/lib-bytecheck", O_RDONLY|O_CLOEXEC) = 12
statx(12, "", AT_STATX_SYNC_AS_STAT|AT_EMPTY_PATH, STATX_ALL, {stx_mask=STATX_ALL|STATX_MNT_ID|STATX_SUBVOL, stx_attributes=0, stx_mode=S_IFREG|0644, stx_size=16, ...}) = 0
read(12, "35036556b82081fe", 16)        = 16
read(12, "", 32)                        = 0
close(12)                               = 0
brk(0x557067f7e000)                     = 0x557067f7e000
ioctl(2, TIOCGWINSZ, {ws_row=33, ws_col=60, ws_xpixel=600, ws_ypixel=726}) = 0
statx(AT_FDCWD, "/home/xolra0d/dev/databases/touchhouse/target/debug/.fingerprint/bytecheck_derive-3b815607574d7eff", AT_STATX_SYNC_AS_STAT, STATX_ALL, {stx_mask=STATX_ALL|STATX_MNT_ID|STATX_SUBVOL, stx_attributes=0, stx_mode=S_IFDIR|0755, stx_size=172, ...}) = 0
openat(AT_FDCWD, "/home/xolra0d/dev/databases/touchhouse/target/debug/.fingerprint/bytecheck_derive-3b815607574d7eff/lib-bytecheck_derive", O_RDONLY|O_CLOEXEC) = 12
statx(12, "", AT_STATX_SYNC_AS_STAT|AT_EMPTY_PATH, STATX_ALL, {stx_mask=STATX_ALL|STATX_MNT_ID|STATX_SUBVOL, stx_attributes=0, stx_mode=S_IFREG|0644, stx_size=16, ...}) = 0
read(12, "86325505271f229d", 16)        = 16
read(12, "", 32)                        = 0
close(12)                               = 0
ioctl(2, TIOCGWINSZ, {ws_row=33, ws_col=60, ws_xpixel=600, ws_ypixel=726}) = 0
statx(AT_FDCWD, "/home/xolra0d/dev/databases/touchhouse/target/debug/.fingerprint/ptr_meta-ffb0ca94c49728c3", AT_STATX_SYNC_AS_STAT, STATX_ALL, {stx_mask=STATX_ALL|STATX_MNT_ID|STATX_SUBVOL, stx_attributes=0, stx_mode=S_IFDIR|0755, stx_size=124, ...}) = 0
openat(AT_FDCWD, "/home/xolra0d/dev/databases/touchhouse/target/debug/.fingerprint/ptr_meta-ffb0ca94c49728c3/lib-ptr_meta", O_RDONLY|O_CLOEXEC) = 12
statx(12, "", AT_STATX_SYNC_AS_STAT|AT_EMPTY_PATH, STATX_ALL, {stx_mask=STATX_ALL|STATX_MNT_ID|STATX_SUBVOL, stx_attributes=0, stx_mode=S_IFREG|0644, stx_size=16, ...}) = 0
read(12, "fdfebd88745d629d", 16)        = 16
read(12, "", 32)                        = 0
close(12)                               = 0
ioctl(2, TIOCGWINSZ, {ws_row=33, ws_col=60, ws_xpixel=600, ws_ypixel=726}) = 0
statx(AT_FDCWD, "/home/xolra0d/dev/databases/touchhouse/target/debug/.fingerprint/ptr_meta_derive-af962ff10cf8b15b", AT_STATX_SYNC_AS_STAT, STATX_ALL, {stx_mask=STATX_ALL|STATX_MNT_ID|STATX_SUBVOL, stx_attributes=0, stx_mode=S_IFDIR|0755, stx_size=166, ...}) = 0
openat(AT_FDCWD, "/home/xolra0d/dev/databases/touchhouse/target/debug/.fingerprint/ptr_meta_derive-af962ff10cf8b15b/lib-ptr_meta_derive", O_RDONLY|O_CLOEXEC) = 12
statx(12, "", AT_STATX_SYNC_AS_STAT|AT_EMPTY_PATH, STATX_ALL, {stx_mask=STATX_ALL|STATX_MNT_ID|STATX_SUBVOL, stx_attributes=0, stx_mode=S_IFREG|0644, stx_size=16, ...}) = 0
read(12, "5cb051dc00eb7e19", 16)        = 16
read(12, "", 32)                        = 0
close(12)                               = 0
ioctl(2, TIOCGWINSZ, {ws_row=33, ws_col=60, ws_xpixel=600, ws_ypixel=726}) = 0
statx(AT_FDCWD, "/home/xolra0d/dev/databases/touchhouse/target/debug/.fingerprint/rancor-64f671c61b06b3fa", AT_STATX_SYNC_AS_STAT, STATX_ALL, {stx_mask=STATX_ALL|STATX_MNT_ID|STATX_SUBVOL, stx_attributes=0, stx_mode=S_IFDIR|0755, stx_size=112, ...}) = 0
openat(AT_FDCWD, "/home/xolra0d/dev/databases/touchhouse/target/debug/.fingerprint/rancor-64f671c61b06b3fa/lib-rancor", O_RDONLY|O_CLOEXEC) = 12
statx(12, "", AT_STATX_SYNC_AS_STAT|AT_EMPTY_PATH, STATX_ALL, {stx_mask=STATX_ALL|STATX_MNT_ID|STATX_SUBVOL, stx_attributes=0, stx_mode=S_IFREG|0644, stx_size=16, ...}) = 0
read(12, "56f2b13e1326ac93", 16)        = 16
read(12, "", 32)                        = 0
close(12)                               = 0
ioctl(2, TIOCGWINSZ, {ws_row=33, ws_col=60, ws_xpixel=600, ws_ypixel=726}) = 0
statx(AT_FDCWD, "/home/xolra0d/dev/databases/touchhouse/target/debug/.fingerprint/simdutf8-3d9ea1debb77eb74", AT_STATX_SYNC_AS_STAT, STATX_ALL, {stx_mask=STATX_ALL|STATX_MNT_ID|STATX_SUBVOL, stx_attributes=0, stx_mode=S_IFDIR|0755, stx_size=124, ...}) = 0
openat(AT_FDCWD, "/home/xolra0d/dev/databases/touchhouse/target/debug/.fingerprint/simdutf8-3d9ea1debb77eb74/lib-simdutf8", O_RDONLY|O_CLOEXEC) = 12
statx(12, "", AT_STATX_SYNC_AS_STAT|AT_EMPTY_PATH, STATX_ALL, {stx_mask=STATX_ALL|STATX_MNT_ID|STATX_SUBVOL, stx_attributes=0, stx_mode=S_IFREG|0644, stx_size=16, ...}) = 0
read(12, "00a3518e3e9ef451", 16)        = 16
read(12, "", 32)                        = 0
close(12)                               = 0
ioctl(2, TIOCGWINSZ, {ws_row=33, ws_col=60, ws_xpixel=600, ws_ypixel=726}) = 0
statx(AT_FDCWD, "/home/xolra0d/dev/databases/touchhouse/target/debug/.fingerprint/uuid-f6df0553be96a973", AT_STATX_SYNC_AS_STAT, STATX_ALL, {stx_mask=STATX_ALL|STATX_MNT_ID|STATX_SUBVOL, stx_attributes=0, stx_mode=S_IFDIR|0755, stx_size=100, ...}) = 0
openat(AT_FDCWD, "/home/xolra0d/dev/databases/touchhouse/target/debug/.fingerprint/uuid-f6df0553be96a973/lib-uuid", O_RDONLY|O_CLOEXEC) = 12
statx(12, "", AT_STATX_SYNC_AS_STAT|AT_EMPTY_PATH, STATX_ALL, {stx_mask=STATX_ALL|STATX_MNT_ID|STATX_SUBVOL, stx_attributes=0, stx_mode=S_IFREG|0644, stx_size=16, ...}) = 0
read(12, "a408da8c09398c9e", 16)        = 16
read(12, "", 32)                        = 0
close(12)                               = 0
brk(0x557067f9f000)                     = 0x557067f9f000
ioctl(2, TIOCGWINSZ, {ws_row=33, ws_col=60, ws_xpixel=600, ws_ypixel=726}) = 0
statx(AT_FDCWD, "/home/xolra0d/dev/databases/touchhouse/target/debug/.fingerprint/getrandom-5f96ad8d58ab5416", AT_STATX_SYNC_AS_STAT, STATX_ALL, {stx_mask=STATX_ALL|STATX_MNT_ID|STATX_SUBVOL, stx_attributes=0, stx_mode=S_IFDIR|0755, stx_size=130, ...}) = 0
openat(AT_FDCWD, "/home/xolra0d/dev/databases/touchhouse/target/debug/.fingerprint/getrandom-5f96ad8d58ab5416/lib-getrandom", O_RDONLY|O_CLOEXEC) = 12
statx(12, "", AT_STATX_SYNC_AS_STAT|AT_EMPTY_PATH, STATX_ALL, {stx_mask=STATX_ALL|STATX_MNT_ID|STATX_SUBVOL, stx_attributes=0, stx_mode=S_IFREG|0644, stx_size=16, ...}) = 0
read(12, "2992d79f3758794b", 16)        = 16
read(12, "", 32)                        = 0
close(12)                               = 0
ioctl(2, TIOCGWINSZ, {ws_row=33, ws_col=60, ws_xpixel=600, ws_ypixel=726}) = 0
statx(AT_FDCWD, "/home/xolra0d/dev/databases/touchhouse/target/debug/.fingerprint/getrandom-7cfdc2e102c354df", AT_STATX_SYNC_AS_STAT, STATX_ALL, {stx_mask=STATX_ALL|STATX_MNT_ID|STATX_SUBVOL, stx_attributes=0, stx_mode=S_IFDIR|0755, stx_size=150, ...}) = 0
openat(AT_FDCWD, "/home/xolra0d/dev/databases/touchhouse/target/debug/build/getrandom-7cfdc2e102c354df/root-output", O_RDONLY|O_CLOEXEC) = 12
statx(12, "", AT_STATX_SYNC_AS_STAT|AT_EMPTY_PATH, STATX_ALL, {stx_mask=STATX_ALL|STATX_MNT_ID|STATX_SUBVOL, stx_attributes=0, stx_mode=S_IFREG|0644, stx_size=88, ...}) = 0
read(12, "/home/xolra0d/dev/databases/touc"..., 88) = 88
read(12, "", 32)                        = 0
close(12)                               = 0
openat(AT_FDCWD, "/home/xolra0d/dev/databases/touchhouse/target/debug/build/getrandom-7cfdc2e102c354df/output", O_RDONLY|O_CLOEXEC) = 12
statx(12, "", AT_STATX_SYNC_AS_STAT|AT_EMPTY_PATH, STATX_ALL, {stx_mask=STATX_ALL|STATX_MNT_ID|STATX_SUBVOL, stx_attributes=0, stx_mode=S_IFREG|0644, stx_size=32, ...}) = 0
read(12, "cargo:rerun-if-changed=build.rs\n", 32) = 32
read(12, "", 32)                        = 0
close(12)                               = 0
mkdir("/home/xolra0d/dev/databases/touchhouse/target/debug/build/getrandom-c202808f8e6e5002", 0777) = -1 EEXIST (File exists)
statx(AT_FDCWD, "/home/xolra0d/dev/databases/touchhouse/target/debug/build/getrandom-c202808f8e6e5002", AT_STATX_SYNC_AS_STAT, STATX_ALL, {stx_mask=STATX_ALL|STATX_MNT_ID|STATX_SUBVOL, stx_attributes=0, stx_mode=S_IFDIR|0755, stx_size=180, ...}) = 0
mkdir("/home/xolra0d/dev/databases/touchhouse/target/debug/build/getrandom-7cfdc2e102c354df/out", 0777) = -1 EEXIST (File exists)
statx(AT_FDCWD, "/home/xolra0d/dev/databases/touchhouse/target/debug/build/getrandom-7cfdc2e102c354df/out", AT_STATX_SYNC_AS_STAT, STATX_ALL, {stx_mask=STATX_ALL|STATX_MNT_ID|STATX_SUBVOL, stx_attributes=0, stx_mode=S_IFDIR|0755, stx_size=0, ...}) = 0
openat(AT_FDCWD, "/home/xolra0d/dev/databases/touchhouse/target/debug/.fingerprint/getrandom-7cfdc2e102c354df/run-build-script-build-script-build", O_RDONLY|O_CLOEXEC) = 12
statx(12, "", AT_STATX_SYNC_AS_STAT|AT_EMPTY_PATH, STATX_ALL, {stx_mask=STATX_ALL|STATX_MNT_ID|STATX_SUBVOL, stx_attributes=0, stx_mode=S_IFREG|0644, stx_size=16, ...}) = 0
read(12, "c322269b6f48d67d", 16)        = 16
read(12, "", 32)                        = 0
close(12)                               = 0
statx(AT_FDCWD, "/home/xolra0d/dev/databases/touchhouse/target/debug/.fingerprint/getrandom-c202808f8e6e5002", AT_STATX_SYNC_AS_STAT, STATX_ALL, {stx_mask=STATX_ALL|STATX_MNT_ID|STATX_SUBVOL, stx_attributes=0, stx_mode=S_IFDIR|0755, stx_size=238, ...}) = 0
openat(AT_FDCWD, "/home/xolra0d/dev/databases/touchhouse/target/debug/.fingerprint/getrandom-c202808f8e6e5002/build-script-build-script-build", O_RDONLY|O_CLOEXEC) = 12
statx(12, "", AT_STATX_SYNC_AS_STAT|AT_EMPTY_PATH, STATX_ALL, {stx_mask=STATX_ALL|STATX_MNT_ID|STATX_SUBVOL, stx_attributes=0, stx_mode=S_IFREG|0644, stx_size=16, ...}) = 0
read(12, "1895b37d2136796e", 16)        = 16
read(12, "", 32)                        = 0
close(12)                               = 0
ioctl(2, TIOCGWINSZ, {ws_row=33, ws_col=60, ws_xpixel=600, ws_ypixel=726}) = 0
statx(AT_FDCWD, "/home/xolra0d/dev/databases/touchhouse/target/debug/.fingerprint/serde-23032d66a8145585", AT_STATX_SYNC_AS_STAT, STATX_ALL, {stx_mask=STATX_ALL|STATX_MNT_ID|STATX_SUBVOL, stx_attributes=0, stx_mode=S_IFDIR|0755, stx_size=106, ...}) = 0
openat(AT_FDCWD, "/home/xolra0d/dev/databases/touchhouse/target/debug/.fingerprint/serde-23032d66a8145585/lib-serde", O_RDONLY|O_CLOEXEC) = 12
statx(12, "", AT_STATX_SYNC_AS_STAT|AT_EMPTY_PATH, STATX_ALL, {stx_mask=STATX_ALL|STATX_MNT_ID|STATX_SUBVOL, stx_attributes=0, stx_mode=S_IFREG|0644, stx_size=16, ...}) = 0
read(12, "08d02886e39c0d7a", 16)        = 16
read(12, "", 32)                        = 0
close(12)                               = 0
brk(0x557067fc0000)                     = 0x557067fc0000
ioctl(2, TIOCGWINSZ, {ws_row=33, ws_col=60, ws_xpixel=600, ws_ypixel=726}) = 0
statx(AT_FDCWD, "/home/xolra0d/dev/databases/touchhouse/target/debug/.fingerprint/serde-0c79bc1bb5bf9eba", AT_STATX_SYNC_AS_STAT, STATX_ALL, {stx_mask=STATX_ALL|STATX_MNT_ID|STATX_SUBVOL, stx_attributes=0, stx_mode=S_IFDIR|0755, stx_size=150, ...}) = 0
openat(AT_FDCWD, "/home/xolra0d/dev/databases/touchhouse/target/debug/build/serde-0c79bc1bb5bf9eba/root-output", O_RDONLY|O_CLOEXEC) = 12
statx(12, "", AT_STATX_SYNC_AS_STAT|AT_EMPTY_PATH, STATX_ALL, {stx_mask=STATX_ALL|STATX_MNT_ID|STATX_SUBVOL, stx_attributes=0, stx_mode=S_IFREG|0644, stx_size=84, ...}) = 0
read(12, "/home/xolra0d/dev/databases/touc"..., 84) = 84
read(12, "", 32)                        = 0
close(12)                               = 0
openat(AT_FDCWD, "/home/xolra0d/dev/databases/touchhouse/target/debug/build/serde-0c79bc1bb5bf9eba/output", O_RDONLY|O_CLOEXEC) = 12
statx(12, "", AT_STATX_SYNC_AS_STAT|AT_EMPTY_PATH, STATX_ALL, {stx_mask=STATX_ALL|STATX_MNT_ID|STATX_SUBVOL, stx_attributes=0, stx_mode=S_IFREG|0644, stx_size=582, ...}) = 0
read(12, "cargo:rerun-if-changed=build.rs\n"..., 582) = 582
read(12, "", 32)                        = 0
close(12)                               = 0
mkdir("/home/xolra0d/dev/databases/touchhouse/target/debug/build/serde-49a10a9683562367", 0777) = -1 EEXIST (File exists)
statx(AT_FDCWD, "/home/xolra0d/dev/databases/touchhouse/target/debug/build/serde-49a10a9683562367", AT_STATX_SYNC_AS_STAT, STATX_ALL, {stx_mask=STATX_ALL|STATX_MNT_ID|STATX_SUBVOL, stx_attributes=0, stx_mode=S_IFDIR|0755, stx_size=180, ...}) = 0
mkdir("/home/xolra0d/dev/databases/touchhouse/target/debug/build/serde-0c79bc1bb5bf9eba/out", 0777) = -1 EEXIST (File exists)
statx(AT_FDCWD, "/home/xolra0d/dev/databases/touchhouse/target/debug/build/serde-0c79bc1bb5bf9eba/out", AT_STATX_SYNC_AS_STAT, STATX_ALL, {stx_mask=STATX_ALL|STATX_MNT_ID|STATX_SUBVOL, stx_attributes=0, stx_mode=S_IFDIR|0755, stx_size=20, ...}) = 0
openat(AT_FDCWD, "/home/xolra0d/dev/databases/touchhouse/target/debug/.fingerprint/serde-0c79bc1bb5bf9eba/run-build-script-build-script-build", O_RDONLY|O_CLOEXEC) = 12
statx(12, "", AT_STATX_SYNC_AS_STAT|AT_EMPTY_PATH, STATX_ALL, {stx_mask=STATX_ALL|STATX_MNT_ID|STATX_SUBVOL, stx_attributes=0, stx_mode=S_IFREG|0644, stx_size=16, ...}) = 0
read(12, "b901e69748b62870", 16)        = 16
read(12, "", 32)                        = 0
close(12)                               = 0
statx(AT_FDCWD, "/home/xolra0d/dev/databases/touchhouse/target/debug/.fingerprint/serde-49a10a9683562367", AT_STATX_SYNC_AS_STAT, STATX_ALL, {stx_mask=STATX_ALL|STATX_MNT_ID|STATX_SUBVOL, stx_attributes=0, stx_mode=S_IFDIR|0755, stx_size=238, ...}) = 0
openat(AT_FDCWD, "/home/xolra0d/dev/databases/touchhouse/target/debug/.fingerprint/serde-49a10a9683562367/build-script-build-script-build", O_RDONLY|O_CLOEXEC) = 12
statx(12, "", AT_STATX_SYNC_AS_STAT|AT_EMPTY_PATH, STATX_ALL, {stx_mask=STATX_ALL|STATX_MNT_ID|STATX_SUBVOL, stx_attributes=0, stx_mode=S_IFREG|0644, stx_size=16, ...}) = 0
read(12, "ed4ace983fb744fc", 16)        = 16
read(12, "", 32)                        = 0
close(12)                               = 0
ioctl(2, TIOCGWINSZ, {ws_row=33, ws_col=60, ws_xpixel=600, ws_ypixel=726}) = 0
statx(AT_FDCWD, "/home/xolra0d/dev/databases/touchhouse/target/debug/.fingerprint/serde_core-d4a722a22773e376", AT_STATX_SYNC_AS_STAT, STATX_ALL, {stx_mask=STATX_ALL|STATX_MNT_ID|STATX_SUBVOL, stx_attributes=0, stx_mode=S_IFDIR|0755, stx_size=136, ...}) = 0
openat(AT_FDCWD, "/home/xolra0d/dev/databases/touchhouse/target/debug/.fingerprint/serde_core-d4a722a22773e376/lib-serde_core", O_RDONLY|O_CLOEXEC) = 12
statx(12, "", AT_STATX_SYNC_AS_STAT|AT_EMPTY_PATH, STATX_ALL, {stx_mask=STATX_ALL|STATX_MNT_ID|STATX_SUBVOL, stx_attributes=0, stx_mode=S_IFREG|0644, stx_size=16, ...}) = 0
read(12, "054cfa19478e623d", 16)        = 16
read(12, "", 32)                        = 0
close(12)                               = 0
ioctl(2, TIOCGWINSZ, {ws_row=33, ws_col=60, ws_xpixel=600, ws_ypixel=726}) = 0
statx(AT_FDCWD, "/home/xolra0d/dev/databases/touchhouse/target/debug/.fingerprint/serde_core-c114ab320840c5c5", AT_STATX_SYNC_AS_STAT, STATX_ALL, {stx_mask=STATX_ALL|STATX_MNT_ID|STATX_SUBVOL, stx_attributes=0, stx_mode=S_IFDIR|0755, stx_size=150, ...}) = 0
openat(AT_FDCWD, "/home/xolra0d/dev/databases/touchhouse/target/debug/build/serde_core-c114ab320840c5c5/root-output", O_RDONLY|O_CLOEXEC) = 12
statx(12, "", AT_STATX_SYNC_AS_STAT|AT_EMPTY_PATH, STATX_ALL, {stx_mask=STATX_ALL|STATX_MNT_ID|STATX_SUBVOL, stx_attributes=0, stx_mode=S_IFREG|0644, stx_size=89, ...}) = 0
read(12, "/home/xolra0d/dev/databases/touc"..., 89) = 89
read(12, "", 32)                        = 0
close(12)                               = 0
openat(AT_FDCWD, "/home/xolra0d/dev/databases/touchhouse/target/debug/build/serde_core-c114ab320840c5c5/output", O_RDONLY|O_CLOEXEC) = 12
statx(12, "", AT_STATX_SYNC_AS_STAT|AT_EMPTY_PATH, STATX_ALL, {stx_mask=STATX_ALL|STATX_MNT_ID|STATX_SUBVOL, stx_attributes=0, stx_mode=S_IFREG|0644, stx_size=484, ...}) = 0
read(12, "cargo:rerun-if-changed=build.rs\n"..., 484) = 484
read(12, "", 32)                        = 0
close(12)                               = 0
mkdir("/home/xolra0d/dev/databases/touchhouse/target/debug/build/serde_core-4b6b5d3d504b832f", 0777) = -1 EEXIST (File exists)
statx(AT_FDCWD, "/home/xolra0d/dev/databases/touchhouse/target/debug/build/serde_core-4b6b5d3d504b832f", AT_STATX_SYNC_AS_STAT, STATX_ALL, {stx_mask=STATX_ALL|STATX_MNT_ID|STATX_SUBVOL, stx_attributes=0, stx_mode=S_IFDIR|0755, stx_size=180, ...}) = 0
mkdir("/home/xolra0d/dev/databases/touchhouse/target/debug/build/serde_core-c114ab320840c5c5/out", 0777) = -1 EEXIST (File exists)
statx(AT_FDCWD, "/home/xolra0d/dev/databases/touchhouse/target/debug/build/serde_core-c114ab320840c5c5/out", AT_STATX_SYNC_AS_STAT, STATX_ALL, {stx_mask=STATX_ALL|STATX_MNT_ID|STATX_SUBVOL, stx_attributes=0, stx_mode=S_IFDIR|0755, stx_size=20, ...}) = 0
openat(AT_FDCWD, "/home/xolra0d/dev/databases/touchhouse/target/debug/.fingerprint/serde_core-c114ab320840c5c5/run-build-script-build-script-build", O_RDONLY|O_CLOEXEC) = 12
statx(12, "", AT_STATX_SYNC_AS_STAT|AT_EMPTY_PATH, STATX_ALL, {stx_mask=STATX_ALL|STATX_MNT_ID|STATX_SUBVOL, stx_attributes=0, stx_mode=S_IFREG|0644, stx_size=16, ...}) = 0
read(12, "db0890152483dae3", 16)        = 16
read(12, "", 32)                        = 0
close(12)                               = 0
statx(AT_FDCWD, "/home/xolra0d/dev/databases/touchhouse/target/debug/.fingerprint/serde_core-4b6b5d3d504b832f", AT_STATX_SYNC_AS_STAT, STATX_ALL, {stx_mask=STATX_ALL|STATX_MNT_ID|STATX_SUBVOL, stx_attributes=0, stx_mode=S_IFDIR|0755, stx_size=238, ...}) = 0
openat(AT_FDCWD, "/home/xolra0d/dev/databases/touchhouse/target/debug/.fingerprint/serde_core-4b6b5d3d504b832f/build-script-build-script-build", O_RDONLY|O_CLOEXEC) = 12
statx(12, "", AT_STATX_SYNC_AS_STAT|AT_EMPTY_PATH, STATX_ALL, {stx_mask=STATX_ALL|STATX_MNT_ID|STATX_SUBVOL, stx_attributes=0, stx_mode=S_IFREG|0644, stx_size=16, ...}) = 0
read(12, "a8c04b0daa6bed6c", 16)        = 16
read(12, "", 32)                        = 0
close(12)                               = 0
ioctl(2, TIOCGWINSZ, {ws_row=33, ws_col=60, ws_xpixel=600, ws_ypixel=726}) = 0
statx(AT_FDCWD, "/home/xolra0d/dev/databases/touchhouse/target/debug/.fingerprint/serde_derive-e594e789a3549dad", AT_STATX_SYNC_AS_STAT, STATX_ALL, {stx_mask=STATX_ALL|STATX_MNT_ID|STATX_SUBVOL, stx_attributes=0, stx_mode=S_IFDIR|0755, stx_size=148, ...}) = 0
openat(AT_FDCWD, "/home/xolra0d/dev/databases/touchhouse/target/debug/.fingerprint/serde_derive-e594e789a3549dad/lib-serde_derive", O_RDONLY|O_CLOEXEC) = 12
statx(12, "", AT_STATX_SYNC_AS_STAT|AT_EMPTY_PATH, STATX_ALL, {stx_mask=STATX_ALL|STATX_MNT_ID|STATX_SUBVOL, stx_attributes=0, stx_mode=S_IFREG|0644, stx_size=16, ...}) = 0
read(12, "75dd6e210f17242d", 16)        = 16
read(12, "", 32)                        = 0
close(12)                               = 0
ioctl(2, TIOCGWINSZ, {ws_row=33, ws_col=60, ws_xpixel=600, ws_ypixel=726}) = 0
statx(AT_FDCWD, "/home/xolra0d/dev/databases/touchhouse/target/debug/.fingerprint/hashbrown-8b489f7b53493603", AT_STATX_SYNC_AS_STAT, STATX_ALL, {stx_mask=STATX_ALL|STATX_MNT_ID|STATX_SUBVOL, stx_attributes=0, stx_mode=S_IFDIR|0755, stx_size=130, ...}) = 0
openat(AT_FDCWD, "/home/xolra0d/dev/databases/touchhouse/target/debug/.fingerprint/hashbrown-8b489f7b53493603/lib-hashbrown", O_RDONLY|O_CLOEXEC) = 12
statx(12, "", AT_STATX_SYNC_AS_STAT|AT_EMPTY_PATH, STATX_ALL, {stx_mask=STATX_ALL|STATX_MNT_ID|STATX_SUBVOL, stx_attributes=0, stx_mode=S_IFREG|0644, stx_size=16, ...}) = 0
read(12, "5537dcc806a866c1", 16)        = 16
read(12, "", 32)                        = 0
close(12)                               = 0
brk(0x557067fe1000)                     = 0x557067fe1000
ioctl(2, TIOCGWINSZ, {ws_row=33, ws_col=60, ws_xpixel=600, ws_ypixel=726}) = 0
statx(AT_FDCWD, "/home/xolra0d/dev/databases/touchhouse/target/debug/.fingerprint/munge-1b9d1b4382d402d8", AT_STATX_SYNC_AS_STAT, STATX_ALL, {stx_mask=STATX_ALL|STATX_MNT_ID|STATX_SUBVOL, stx_attributes=0, stx_mode=S_IFDIR|0755, stx_size=106, ...}) = 0
openat(AT_FDCWD, "/home/xolra0d/dev/databases/touchhouse/target/debug/.fingerprint/munge-1b9d1b4382d402d8/lib-munge", O_RDONLY|O_CLOEXEC) = 12
statx(12, "", AT_STATX_SYNC_AS_STAT|AT_EMPTY_PATH, STATX_ALL, {stx_mask=STATX_ALL|STATX_MNT_ID|STATX_SUBVOL, stx_attributes=0, stx_mode=S_IFREG|0644, stx_size=16, ...}) = 0
read(12, "a8f1eb99087b9f0b", 16)        = 16
read(12, "", 32)                        = 0
close(12)                               = 0
ioctl(2, TIOCGWINSZ, {ws_row=33, ws_col=60, ws_xpixel=600, ws_ypixel=726}) = 0
statx(AT_FDCWD, "/home/xolra0d/dev/databases/touchhouse/target/debug/.fingerprint/munge_macro-8e26809d933e7df0", AT_STATX_SYNC_AS_STAT, STATX_ALL, {stx_mask=STATX_ALL|STATX_MNT_ID|STATX_SUBVOL, stx_attributes=0, stx_mode=S_IFDIR|0755, stx_size=142, ...}) = 0
openat(AT_FDCWD, "/home/xolra0d/dev/databases/touchhouse/target/debug/.fingerprint/munge_macro-8e26809d933e7df0/lib-munge_macro", O_RDONLY|O_CLOEXEC) = 12
statx(12, "", AT_STATX_SYNC_AS_STAT|AT_EMPTY_PATH, STATX_ALL, {stx_mask=STATX_ALL|STATX_MNT_ID|STATX_SUBVOL, stx_attributes=0, stx_mode=S_IFREG|0644, stx_size=16, ...}) = 0
read(12, "a3b14c6daaa76745", 16)        = 16
read(12, "", 32)                        = 0
close(12)                               = 0
ioctl(2, TIOCGWINSZ, {ws_row=33, ws_col=60, ws_xpixel=600, ws_ypixel=726}) = 0
statx(AT_FDCWD, "/home/xolra0d/dev/databases/touchhouse/target/debug/.fingerprint/rend-2fafe8577d002c4a", AT_STATX_SYNC_AS_STAT, STATX_ALL, {stx_mask=STATX_ALL|STATX_MNT_ID|STATX_SUBVOL, stx_attributes=0, stx_mode=S_IFDIR|0755, stx_size=100, ...}) = 0
openat(AT_FDCWD, "/home/xolra0d/dev/databases/touchhouse/target/debug/.fingerprint/rend-2fafe8577d002c4a/lib-rend", O_RDONLY|O_CLOEXEC) = 12
statx(12, "", AT_STATX_SYNC_AS_STAT|AT_EMPTY_PATH, STATX_ALL, {stx_mask=STATX_ALL|STATX_MNT_ID|STATX_SUBVOL, stx_attributes=0, stx_mode=S_IFREG|0644, stx_size=16, ...}) = 0
read(12, "db6d3248e4eea23f", 16)        = 16
read(12, "", 32)                        = 0
close(12)                               = 0
ioctl(2, TIOCGWINSZ, {ws_row=33, ws_col=60, ws_xpixel=600, ws_ypixel=726}) = 0
statx(AT_FDCWD, "/home/xolra0d/dev/databases/touchhouse/target/debug/.fingerprint/rkyv_derive-467b9d1c34d2ca9a", AT_STATX_SYNC_AS_STAT, STATX_ALL, {stx_mask=STATX_ALL|STATX_MNT_ID|STATX_SUBVOL, stx_attributes=0, stx_mode=S_IFDIR|0755, stx_size=142, ...}) = 0
openat(AT_FDCWD, "/home/xolra0d/dev/databases/touchhouse/target/debug/.fingerprint/rkyv_derive-467b9d1c34d2ca9a/lib-rkyv_derive", O_RDONLY|O_CLOEXEC) = 12
statx(12, "", AT_STATX_SYNC_AS_STAT|AT_EMPTY_PATH, STATX_ALL, {stx_mask=STATX_ALL|STATX_MNT_ID|STATX_SUBVOL, stx_attributes=0, stx_mode=S_IFREG|0644, stx_size=16, ...}) = 0
read(12, "edbf4ec5ada53f54", 16)        = 16
read(12, "", 32)                        = 0
close(12)                               = 0
ioctl(2, TIOCGWINSZ, {ws_row=33, ws_col=60, ws_xpixel=600, ws_ypixel=726}) = 0
statx(AT_FDCWD, "/home/xolra0d/dev/databases/touchhouse/target/debug/.fingerprint/rmp-serde-706ac022cd2250bb", AT_STATX_SYNC_AS_STAT, STATX_ALL, {stx_mask=STATX_ALL|STATX_MNT_ID|STATX_SUBVOL, stx_attributes=0, stx_mode=S_IFDIR|0755, stx_size=130, ...}) = 0
openat(AT_FDCWD, "/home/xolra0d/dev/databases/touchhouse/target/debug/.fingerprint/rmp-serde-706ac022cd2250bb/lib-rmp_serde", O_RDONLY|O_CLOEXEC) = 12
statx(12, "", AT_STATX_SYNC_AS_STAT|AT_EMPTY_PATH, STATX_ALL, {stx_mask=STATX_ALL|STATX_MNT_ID|STATX_SUBVOL, stx_attributes=0, stx_mode=S_IFREG|0644, stx_size=16, ...}) = 0
read(12, "f361879214378756", 16)        = 16
read(12, "", 32)                        = 0
close(12)                               = 0
ioctl(2, TIOCGWINSZ, {ws_row=33, ws_col=60, ws_xpixel=600, ws_ypixel=726}) = 0
statx(AT_FDCWD, "/home/xolra0d/dev/databases/touchhouse/target/debug/.fingerprint/byteorder-62e10c80c1085550", AT_STATX_SYNC_AS_STAT, STATX_ALL, {stx_mask=STATX_ALL|STATX_MNT_ID|STATX_SUBVOL, stx_attributes=0, stx_mode=S_IFDIR|0755, stx_size=130, ...}) = 0
openat(AT_FDCWD, "/home/xolra0d/dev/databases/touchhouse/target/debug/.fingerprint/byteorder-62e10c80c1085550/lib-byteorder", O_RDONLY|O_CLOEXEC) = 12
statx(12, "", AT_STATX_SYNC_AS_STAT|AT_EMPTY_PATH, STATX_ALL, {stx_mask=STATX_ALL|STATX_MNT_ID|STATX_SUBVOL, stx_attributes=0, stx_mode=S_IFREG|0644, stx_size=16, ...}) = 0
read(12, "3b094d9a3b8dfa70", 16)        = 16
read(12, "", 32)                        = 0
close(12)                               = 0
ioctl(2, TIOCGWINSZ, {ws_row=33, ws_col=60, ws_xpixel=600, ws_ypixel=726}) = 0
statx(AT_FDCWD, "/home/xolra0d/dev/databases/touchhouse/target/debug/.fingerprint/rmp-7c368b6a1d5d1ef2", AT_STATX_SYNC_AS_STAT, STATX_ALL, {stx_mask=STATX_ALL|STATX_MNT_ID|STATX_SUBVOL, stx_attributes=0, stx_mode=S_IFDIR|0755, stx_size=94, ...}) = 0
openat(AT_FDCWD, "/home/xolra0d/dev/databases/touchhouse/target/debug/.fingerprint/rmp-7c368b6a1d5d1ef2/lib-rmp", O_RDONLY|O_CLOEXEC) = 12
statx(12, "", AT_STATX_SYNC_AS_STAT|AT_EMPTY_PATH, STATX_ALL, {stx_mask=STATX_ALL|STATX_MNT_ID|STATX_SUBVOL, stx_attributes=0, stx_mode=S_IFREG|0644, stx_size=16, ...}) = 0
read(12, "d999823a2388627e", 16)        = 16
read(12, "", 32)                        = 0
close(12)                               = 0
ioctl(2, TIOCGWINSZ, {ws_row=33, ws_col=60, ws_xpixel=600, ws_ypixel=726}) = 0
statx(AT_FDCWD, "/home/xolra0d/dev/databases/touchhouse/target/debug/.fingerprint/num-traits-57a86324ec3f24a8", AT_STATX_SYNC_AS_STAT, STATX_ALL, {stx_mask=STATX_ALL|STATX_MNT_ID|STATX_SUBVOL, stx_attributes=0, stx_mode=S_IFDIR|0755, stx_size=136, ...}) = 0
openat(AT_FDCWD, "/home/xolra0d/dev/databases/touchhouse/target/debug/.fingerprint/num-traits-57a86324ec3f24a8/lib-num_traits", O_RDONLY|O_CLOEXEC) = 12
statx(12, "", AT_STATX_SYNC_AS_STAT|AT_EMPTY_PATH, STATX_ALL, {stx_mask=STATX_ALL|STATX_MNT_ID|STATX_SUBVOL, stx_attributes=0, stx_mode=S_IFREG|0644, stx_size=16, ...}) = 0
read(12, "248e9b3adb7d2808", 16)        = 16
read(12, "", 32)                        = 0
close(12)                               = 0
brk(0x557068002000)                     = 0x557068002000
ioctl(2, TIOCGWINSZ, {ws_row=33, ws_col=60, ws_xpixel=600, ws_ypixel=726}) = 0
statx(AT_FDCWD, "/home/xolra0d/dev/databases/touchhouse/target/debug/.fingerprint/num-traits-414f22024e2c1dbc", AT_STATX_SYNC_AS_STAT, STATX_ALL, {stx_mask=STATX_ALL|STATX_MNT_ID|STATX_SUBVOL, stx_attributes=0, stx_mode=S_IFDIR|0755, stx_size=150, ...}) = 0
openat(AT_FDCWD, "/home/xolra0d/dev/databases/touchhouse/target/debug/build/num-traits-414f22024e2c1dbc/root-output", O_RDONLY|O_CLOEXEC) = 12
statx(12, "", AT_STATX_SYNC_AS_STAT|AT_EMPTY_PATH, STATX_ALL, {stx_mask=STATX_ALL|STATX_MNT_ID|STATX_SUBVOL, stx_attributes=0, stx_mode=S_IFREG|0644, stx_size=89, ...}) = 0
read(12, "/home/xolra0d/dev/databases/touc"..., 89) = 89
read(12, "", 32)                        = 0
close(12)                               = 0
openat(AT_FDCWD, "/home/xolra0d/dev/databases/touchhouse/target/debug/build/num-traits-414f22024e2c1dbc/output", O_RDONLY|O_CLOEXEC) = 12
statx(12, "", AT_STATX_SYNC_AS_STAT|AT_EMPTY_PATH, STATX_ALL, {stx_mask=STATX_ALL|STATX_MNT_ID|STATX_SUBVOL, stx_attributes=0, stx_mode=S_IFREG|0644, stx_size=103, ...}) = 0
read(12, "cargo:rustc-check-cfg=cfg(has_to"..., 103) = 103
read(12, "", 32)                        = 0
close(12)                               = 0
mkdir("/home/xolra0d/dev/databases/touchhouse/target/debug/build/num-traits-c8ee99d941d7a70f", 0777) = -1 EEXIST (File exists)
statx(AT_FDCWD, "/home/xolra0d/dev/databases/touchhouse/target/debug/build/num-traits-c8ee99d941d7a70f", AT_STATX_SYNC_AS_STAT, STATX_ALL, {stx_mask=STATX_ALL|STATX_MNT_ID|STATX_SUBVOL, stx_attributes=0, stx_mode=S_IFDIR|0755, stx_size=180, ...}) = 0
mkdir("/home/xolra0d/dev/databases/touchhouse/target/debug/build/num-traits-414f22024e2c1dbc/out", 0777) = -1 EEXIST (File exists)
statx(AT_FDCWD, "/home/xolra0d/dev/databases/touchhouse/target/debug/build/num-traits-414f22024e2c1dbc/out", AT_STATX_SYNC_AS_STAT, STATX_ALL, {stx_mask=STATX_ALL|STATX_MNT_ID|STATX_SUBVOL, stx_attributes=0, stx_mode=S_IFDIR|0755, stx_size=0, ...}) = 0
openat(AT_FDCWD, "/home/xolra0d/dev/databases/touchhouse/target/debug/.fingerprint/num-traits-414f22024e2c1dbc/run-build-script-build-script-build", O_RDONLY|O_CLOEXEC) = 12
statx(12, "", AT_STATX_SYNC_AS_STAT|AT_EMPTY_PATH, STATX_ALL, {stx_mask=STATX_ALL|STATX_MNT_ID|STATX_SUBVOL, stx_attributes=0, stx_mode=S_IFREG|0644, stx_size=16, ...}) = 0
read(12, "46fa1ff47bb93ce1", 16)        = 16
read(12, "", 32)                        = 0
close(12)                               = 0
statx(AT_FDCWD, "/home/xolra0d/dev/databases/touchhouse/target/debug/.fingerprint/num-traits-c8ee99d941d7a70f", AT_STATX_SYNC_AS_STAT, STATX_ALL, {stx_mask=STATX_ALL|STATX_MNT_ID|STATX_SUBVOL, stx_attributes=0, stx_mode=S_IFDIR|0755, stx_size=238, ...}) = 0
openat(AT_FDCWD, "/home/xolra0d/dev/databases/touchhouse/target/debug/.fingerprint/num-traits-c8ee99d941d7a70f/build-script-build-script-build", O_RDONLY|O_CLOEXEC) = 12
statx(12, "", AT_STATX_SYNC_AS_STAT|AT_EMPTY_PATH, STATX_ALL, {stx_mask=STATX_ALL|STATX_MNT_ID|STATX_SUBVOL, stx_attributes=0, stx_mode=S_IFREG|0644, stx_size=16, ...}) = 0
read(12, "d2fd1919a612908e", 16)        = 16
read(12, "", 32)                        = 0
close(12)                               = 0
ioctl(2, TIOCGWINSZ, {ws_row=33, ws_col=60, ws_xpixel=600, ws_ypixel=726}) = 0
statx(AT_FDCWD, "/home/xolra0d/dev/databases/touchhouse/target/debug/.fingerprint/autocfg-38d501c17e68b38c", AT_STATX_SYNC_AS_STAT, STATX_ALL, {stx_mask=STATX_ALL|STATX_MNT_ID|STATX_SUBVOL, stx_attributes=0, stx_mode=S_IFDIR|0755, stx_size=118, ...}) = 0
openat(AT_FDCWD, "/home/xolra0d/dev/databases/touchhouse/target/debug/.fingerprint/autocfg-38d501c17e68b38c/lib-autocfg", O_RDONLY|O_CLOEXEC) = 12
statx(12, "", AT_STATX_SYNC_AS_STAT|AT_EMPTY_PATH, STATX_ALL, {stx_mask=STATX_ALL|STATX_MNT_ID|STATX_SUBVOL, stx_attributes=0, stx_mode=S_IFREG|0644, stx_size=16, ...}) = 0
read(12, "821670b8048eedd0", 16)        = 16
read(12, "", 32)                        = 0
close(12)                               = 0
ioctl(2, TIOCGWINSZ, {ws_row=33, ws_col=60, ws_xpixel=600, ws_ypixel=726}) = 0
statx(AT_FDCWD, "/home/xolra0d/dev/databases/touchhouse/target/debug/.fingerprint/paste-577a69ce6fdefcf7", AT_STATX_SYNC_AS_STAT, STATX_ALL, {stx_mask=STATX_ALL|STATX_MNT_ID|STATX_SUBVOL, stx_attributes=0, stx_mode=S_IFDIR|0755, stx_size=106, ...}) = 0
openat(AT_FDCWD, "/home/xolra0d/dev/databases/touchhouse/target/debug/.fingerprint/paste-577a69ce6fdefcf7/lib-paste", O_RDONLY|O_CLOEXEC) = 12
statx(12, "", AT_STATX_SYNC_AS_STAT|AT_EMPTY_PATH, STATX_ALL, {stx_mask=STATX_ALL|STATX_MNT_ID|STATX_SUBVOL, stx_attributes=0, stx_mode=S_IFREG|0644, stx_size=16, ...}) = 0
read(12, "563f5283835c81fd", 16)        = 16
read(12, "", 32)                        = 0
close(12)                               = 0
ioctl(2, TIOCGWINSZ, {ws_row=33, ws_col=60, ws_xpixel=600, ws_ypixel=726}) = 0
statx(AT_FDCWD, "/home/xolra0d/dev/databases/touchhouse/target/debug/.fingerprint/paste-7a04688c692878f0", AT_STATX_SYNC_AS_STAT, STATX_ALL, {stx_mask=STATX_ALL|STATX_MNT_ID|STATX_SUBVOL, stx_attributes=0, stx_mode=S_IFDIR|0755, stx_size=150, ...}) = 0
openat(AT_FDCWD, "/home/xolra0d/dev/databases/touchhouse/target/debug/build/paste-7a04688c692878f0/root-output", O_RDONLY|O_CLOEXEC) = 12
statx(12, "", AT_STATX_SYNC_AS_STAT|AT_EMPTY_PATH, STATX_ALL, {stx_mask=STATX_ALL|STATX_MNT_ID|STATX_SUBVOL, stx_attributes=0, stx_mode=S_IFREG|0644, stx_size=84, ...}) = 0
read(12, "/home/xolra0d/dev/databases/touc"..., 84) = 84
read(12, "", 32)                        = 0
close(12)                               = 0
openat(AT_FDCWD, "/home/xolra0d/dev/databases/touchhouse/target/debug/build/paste-7a04688c692878f0/output", O_RDONLY|O_CLOEXEC) = 12
statx(12, "", AT_STATX_SYNC_AS_STAT|AT_EMPTY_PATH, STATX_ALL, {stx_mask=STATX_ALL|STATX_MNT_ID|STATX_SUBVOL, stx_attributes=0, stx_mode=S_IFREG|0644, stx_size=147, ...}) = 0
read(12, "cargo:rerun-if-changed=build.rs\n"..., 147) = 147
read(12, "", 32)                        = 0
close(12)                               = 0
mkdir("/home/xolra0d/dev/databases/touchhouse/target/debug/build/paste-c090709b5b0c5de5", 0777) = -1 EEXIST (File exists)
statx(AT_FDCWD, "/home/xolra0d/dev/databases/touchhouse/target/debug/build/paste-c090709b5b0c5de5", AT_STATX_SYNC_AS_STAT, STATX_ALL, {stx_mask=STATX_ALL|STATX_MNT_ID|STATX_SUBVOL, stx_attributes=0, stx_mode=S_IFDIR|0755, stx_size=180, ...}) = 0
mkdir("/home/xolra0d/dev/databases/touchhouse/target/debug/build/paste-7a04688c692878f0/out", 0777) = -1 EEXIST (File exists)
statx(AT_FDCWD, "/home/xolra0d/dev/databases/touchhouse/target/debug/build/paste-7a04688c692878f0/out", AT_STATX_SYNC_AS_STAT, STATX_ALL, {stx_mask=STATX_ALL|STATX_MNT_ID|STATX_SUBVOL, stx_attributes=0, stx_mode=S_IFDIR|0755, stx_size=0, ...}) = 0
openat(AT_FDCWD, "/home/xolra0d/dev/databases/touchhouse/target/debug/.fingerprint/paste-7a04688c692878f0/run-build-script-build-script-build", O_RDONLY|O_CLOEXEC) = 12
statx(12, "", AT_STATX_SYNC_AS_STAT|AT_EMPTY_PATH, STATX_ALL, {stx_mask=STATX_ALL|STATX_MNT_ID|STATX_SUBVOL, stx_attributes=0, stx_mode=S_IFREG|0644, stx_size=16, ...}) = 0
read(12, "01c5456f85beeb4e", 16)        = 16
read(12, "", 32)                        = 0
close(12)                               = 0
statx(AT_FDCWD, "/home/xolra0d/dev/databases/touchhouse/target/debug/.fingerprint/paste-c090709b5b0c5de5", AT_STATX_SYNC_AS_STAT, STATX_ALL, {stx_mask=STATX_ALL|STATX_MNT_ID|STATX_SUBVOL, stx_attributes=0, stx_mode=S_IFDIR|0755, stx_size=238, ...}) = 0
openat(AT_FDCWD, "/home/xolra0d/dev/databases/touchhouse/target/debug/.fingerprint/paste-c090709b5b0c5de5/build-script-build-script-build", O_RDONLY|O_CLOEXEC) = 12
statx(12, "", AT_STATX_SYNC_AS_STAT|AT_EMPTY_PATH, STATX_ALL, {stx_mask=STATX_ALL|STATX_MNT_ID|STATX_SUBVOL, stx_attributes=0, stx_mode=S_IFREG|0644, stx_size=16, ...}) = 0
read(12, "eaf72ac5a79505b4", 16)        = 16
read(12, "", 32)                        = 0
close(12)                               = 0
ioctl(2, TIOCGWINSZ, {ws_row=33, ws_col=60, ws_xpixel=600, ws_ypixel=726}) = 0
statx(AT_FDCWD, "/home/xolra0d/dev/databases/touchhouse/target/debug/.fingerprint/sqlparser-e29e2d04ead0b934", AT_STATX_SYNC_AS_STAT, STATX_ALL, {stx_mask=STATX_ALL|STATX_MNT_ID|STATX_SUBVOL, stx_attributes=0, stx_mode=S_IFDIR|0755, stx_size=130, ...}) = 0
openat(AT_FDCWD, "/home/xolra0d/dev/databases/touchhouse/target/debug/.fingerprint/sqlparser-e29e2d04ead0b934/lib-sqlparser", O_RDONLY|O_CLOEXEC) = 12
statx(12, "", AT_STATX_SYNC_AS_STAT|AT_EMPTY_PATH, STATX_ALL, {stx_mask=STATX_ALL|STATX_MNT_ID|STATX_SUBVOL, stx_attributes=0, stx_mode=S_IFREG|0644, stx_size=16, ...}) = 0
read(12, "403af35c40eef41c", 16)        = 16
read(12, "", 32)                        = 0
close(12)                               = 0
ioctl(2, TIOCGWINSZ, {ws_row=33, ws_col=60, ws_xpixel=600, ws_ypixel=726}) = 0
statx(AT_FDCWD, "/home/xolra0d/dev/databases/touchhouse/target/debug/.fingerprint/recursive-4aee691ee13520ec", AT_STATX_SYNC_AS_STAT, STATX_ALL, {stx_mask=STATX_ALL|STATX_MNT_ID|STATX_SUBVOL, stx_attributes=0, stx_mode=S_IFDIR|0755, stx_size=130, ...}) = 0
openat(AT_FDCWD, "/home/xolra0d/dev/databases/touchhouse/target/debug/.fingerprint/recursive-4aee691ee13520ec/lib-recursive", O_RDONLY|O_CLOEXEC) = 12
statx(12, "", AT_STATX_SYNC_AS_STAT|AT_EMPTY_PATH, STATX_ALL, {stx_mask=STATX_ALL|STATX_MNT_ID|STATX_SUBVOL, stx_attributes=0, stx_mode=S_IFREG|0644, stx_size=16, ...}) = 0
read(12, "db9ae4a16b7fbcc5", 16)        = 16
read(12, "", 32)                        = 0
close(12)                               = 0
brk(0x557068023000)                     = 0x557068023000
ioctl(2, TIOCGWINSZ, {ws_row=33, ws_col=60, ws_xpixel=600, ws_ypixel=726}) = 0
statx(AT_FDCWD, "/home/xolra0d/dev/databases/touchhouse/target/debug/.fingerprint/recursive-proc-macro-impl-e2af7c6d6d121bab", AT_STATX_SYNC_AS_STAT, STATX_ALL, {stx_mask=STATX_ALL|STATX_MNT_ID|STATX_SUBVOL, stx_attributes=0, stx_mode=S_IFDIR|0755, stx_size=226, ...}) = 0
openat(AT_FDCWD, "/home/xolra0d/dev/databases/touchhouse/target/debug/.fingerprint/recursive-proc-macro-impl-e2af7c6d6d121bab/lib-recursive_proc_macro_impl", O_RDONLY|O_CLOEXEC) = 12
statx(12, "", AT_STATX_SYNC_AS_STAT|AT_EMPTY_PATH, STATX_ALL, {stx_mask=STATX_ALL|STATX_MNT_ID|STATX_SUBVOL, stx_attributes=0, stx_mode=S_IFREG|0644, stx_size=16, ...}) = 0
read(12, "14c9427a25ab3796", 16)        = 16
read(12, "", 32)                        = 0
close(12)                               = 0
ioctl(2, TIOCGWINSZ, {ws_row=33, ws_col=60, ws_xpixel=600, ws_ypixel=726}) = 0
statx(AT_FDCWD, "/home/xolra0d/dev/databases/touchhouse/target/debug/.fingerprint/stacker-aa6847a1a347561c", AT_STATX_SYNC_AS_STAT, STATX_ALL, {stx_mask=STATX_ALL|STATX_MNT_ID|STATX_SUBVOL, stx_attributes=0, stx_mode=S_IFDIR|0755, stx_size=118, ...}) = 0
openat(AT_FDCWD, "/home/xolra0d/dev/databases/touchhouse/target/debug/.fingerprint/stacker-aa6847a1a347561c/lib-stacker", O_RDONLY|O_CLOEXEC) = 12
statx(12, "", AT_STATX_SYNC_AS_STAT|AT_EMPTY_PATH, STATX_ALL, {stx_mask=STATX_ALL|STATX_MNT_ID|STATX_SUBVOL, stx_attributes=0, stx_mode=S_IFREG|0644, stx_size=16, ...}) = 0
read(12, "b4a0038405acb58f", 16)        = 16
read(12, "", 32)                        = 0
close(12)                               = 0
ioctl(2, TIOCGWINSZ, {ws_row=33, ws_col=60, ws_xpixel=600, ws_ypixel=726}) = 0
statx(AT_FDCWD, "/home/xolra0d/dev/databases/touchhouse/target/debug/.fingerprint/psm-9f062d2b5fb86636", AT_STATX_SYNC_AS_STAT, STATX_ALL, {stx_mask=STATX_ALL|STATX_MNT_ID|STATX_SUBVOL, stx_attributes=0, stx_mode=S_IFDIR|0755, stx_size=94, ...}) = 0
openat(AT_FDCWD, "/home/xolra0d/dev/databases/touchhouse/target/debug/.fingerprint/psm-9f062d2b5fb86636/lib-psm", O_RDONLY|O_CLOEXEC) = 12
statx(12, "", AT_STATX_SYNC_AS_STAT|AT_EMPTY_PATH, STATX_ALL, {stx_mask=STATX_ALL|STATX_MNT_ID|STATX_SUBVOL, stx_attributes=0, stx_mode=S_IFREG|0644, stx_size=16, ...}) = 0
read(12, "7079250225ddd876", 16)        = 16
read(12, "", 32)                        = 0
close(12)                               = 0
ioctl(2, TIOCGWINSZ, {ws_row=33, ws_col=60, ws_xpixel=600, ws_ypixel=726}) = 0
statx(AT_FDCWD, "/home/xolra0d/dev/databases/touchhouse/target/debug/.fingerprint/psm-bd5379c3d93d8c19", AT_STATX_SYNC_AS_STAT, STATX_ALL, {stx_mask=STATX_ALL|STATX_MNT_ID|STATX_SUBVOL, stx_attributes=0, stx_mode=S_IFDIR|0755, stx_size=150, ...}) = 0
openat(AT_FDCWD, "/home/xolra0d/dev/databases/touchhouse/target/debug/build/psm-bd5379c3d93d8c19/root-output", O_RDONLY|O_CLOEXEC) = 12
statx(12, "", AT_STATX_SYNC_AS_STAT|AT_EMPTY_PATH, STATX_ALL, {stx_mask=STATX_ALL|STATX_MNT_ID|STATX_SUBVOL, stx_attributes=0, stx_mode=S_IFREG|0644, stx_size=82, ...}) = 0
read(12, "/home/xolra0d/dev/databases/touc"..., 82) = 82
read(12, "", 32)                        = 0
close(12)                               = 0
openat(AT_FDCWD, "/home/xolra0d/dev/databases/touchhouse/target/debug/build/psm-bd5379c3d93d8c19/output", O_RDONLY|O_CLOEXEC) = 12
statx(12, "", AT_STATX_SYNC_AS_STAT|AT_EMPTY_PATH, STATX_ALL, {stx_mask=STATX_ALL|STATX_MNT_ID|STATX_SUBVOL, stx_attributes=0, stx_mode=S_IFREG|0644, stx_size=1878, ...}) = 0
read(12, "cargo:rustc-check-cfg=cfg(switch"..., 1878) = 1878
read(12, "", 32)                        = 0
close(12)                               = 0
mkdir("/home/xolra0d/dev/databases/touchhouse/target/debug/build/psm-89a6876fe3ebfa59", 0777) = -1 EEXIST (File exists)
statx(AT_FDCWD, "/home/xolra0d/dev/databases/touchhouse/target/debug/build/psm-89a6876fe3ebfa59", AT_STATX_SYNC_AS_STAT, STATX_ALL, {stx_mask=STATX_ALL|STATX_MNT_ID|STATX_SUBVOL, stx_attributes=0, stx_mode=S_IFDIR|0755, stx_size=180, ...}) = 0
mkdir("/home/xolra0d/dev/databases/touchhouse/target/debug/build/psm-bd5379c3d93d8c19/out", 0777) = -1 EEXIST (File exists)
statx(AT_FDCWD, "/home/xolra0d/dev/databases/touchhouse/target/debug/build/psm-bd5379c3d93d8c19/out", AT_STATX_SYNC_AS_STAT, STATX_ALL, {stx_mask=STATX_ALL|STATX_MNT_ID|STATX_SUBVOL, stx_attributes=0, stx_mode=S_IFDIR|0755, stx_size=70, ...}) = 0
openat(AT_FDCWD, "/home/xolra0d/dev/databases/touchhouse/target/debug/.fingerprint/psm-bd5379c3d93d8c19/run-build-script-build-script-build", O_RDONLY|O_CLOEXEC) = 12
statx(12, "", AT_STATX_SYNC_AS_STAT|AT_EMPTY_PATH, STATX_ALL, {stx_mask=STATX_ALL|STATX_MNT_ID|STATX_SUBVOL, stx_attributes=0, stx_mode=S_IFREG|0644, stx_size=16, ...}) = 0
read(12, "f2f973dbb835bcb7", 16)        = 16
read(12, "", 32)                        = 0
close(12)                               = 0
statx(AT_FDCWD, "/home/xolra0d/dev/databases/touchhouse/target/debug/.fingerprint/psm-89a6876fe3ebfa59", AT_STATX_SYNC_AS_STAT, STATX_ALL, {stx_mask=STATX_ALL|STATX_MNT_ID|STATX_SUBVOL, stx_attributes=0, stx_mode=S_IFDIR|0755, stx_size=238, ...}) = 0
openat(AT_FDCWD, "/home/xolra0d/dev/databases/touchhouse/target/debug/.fingerprint/psm-89a6876fe3ebfa59/build-script-build-script-build", O_RDONLY|O_CLOEXEC) = 12
statx(12, "", AT_STATX_SYNC_AS_STAT|AT_EMPTY_PATH, STATX_ALL, {stx_mask=STATX_ALL|STATX_MNT_ID|STATX_SUBVOL, stx_attributes=0, stx_mode=S_IFREG|0644, stx_size=16, ...}) = 0
read(12, "2179eef29f4f9ac7", 16)        = 16
read(12, "", 32)                        = 0
close(12)                               = 0
ioctl(2, TIOCGWINSZ, {ws_row=33, ws_col=60, ws_xpixel=600, ws_ypixel=726}) = 0
statx(AT_FDCWD, "/home/xolra0d/dev/databases/touchhouse/target/debug/.fingerprint/stacker-58daa729ff351cb1", AT_STATX_SYNC_AS_STAT, STATX_ALL, {stx_mask=STATX_ALL|STATX_MNT_ID|STATX_SUBVOL, stx_attributes=0, stx_mode=S_IFDIR|0755, stx_size=150, ...}) = 0
openat(AT_FDCWD, "/home/xolra0d/dev/databases/touchhouse/target/debug/build/stacker-58daa729ff351cb1/root-output", O_RDONLY|O_CLOEXEC) = 12
statx(12, "", AT_STATX_SYNC_AS_STAT|AT_EMPTY_PATH, STATX_ALL, {stx_mask=STATX_ALL|STATX_MNT_ID|STATX_SUBVOL, stx_attributes=0, stx_mode=S_IFREG|0644, stx_size=86, ...}) = 0
read(12, "/home/xolra0d/dev/databases/touc"..., 86) = 86
read(12, "", 32)                        = 0
close(12)                               = 0
openat(AT_FDCWD, "/home/xolra0d/dev/databases/touchhouse/target/debug/build/stacker-58daa729ff351cb1/output", O_RDONLY|O_CLOEXEC) = 12
statx(12, "", AT_STATX_SYNC_AS_STAT|AT_EMPTY_PATH, STATX_ALL, {stx_mask=STATX_ALL|STATX_MNT_ID|STATX_SUBVOL, stx_attributes=0, stx_mode=S_IFREG|0644, stx_size=0, ...}) = 0
read(12, "", 32)                        = 0
close(12)                               = 0
mkdir("/home/xolra0d/dev/databases/touchhouse/target/debug/build/stacker-0ea011f9a182b54c", 0777) = -1 EEXIST (File exists)
statx(AT_FDCWD, "/home/xolra0d/dev/databases/touchhouse/target/debug/build/stacker-0ea011f9a182b54c", AT_STATX_SYNC_AS_STAT, STATX_ALL, {stx_mask=STATX_ALL|STATX_MNT_ID|STATX_SUBVOL, stx_attributes=0, stx_mode=S_IFDIR|0755, stx_size=180, ...}) = 0
mkdir("/home/xolra0d/dev/databases/touchhouse/target/debug/build/stacker-58daa729ff351cb1/out", 0777) = -1 EEXIST (File exists)
statx(AT_FDCWD, "/home/xolra0d/dev/databases/touchhouse/target/debug/build/stacker-58daa729ff351cb1/out", AT_STATX_SYNC_AS_STAT, STATX_ALL, {stx_mask=STATX_ALL|STATX_MNT_ID|STATX_SUBVOL, stx_attributes=0, stx_mode=S_IFDIR|0755, stx_size=0, ...}) = 0
openat(AT_FDCWD, "/home/xolra0d/dev/databases/touchhouse/target/debug/.fingerprint/stacker-58daa729ff351cb1/run-build-script-build-script-build", O_RDONLY|O_CLOEXEC) = 12
statx(12, "", AT_STATX_SYNC_AS_STAT|AT_EMPTY_PATH, STATX_ALL, {stx_mask=STATX_ALL|STATX_MNT_ID|STATX_SUBVOL, stx_attributes=0, stx_mode=S_IFREG|0644, stx_size=16, ...}) = 0
read(12, "c7886baa2e3c4876", 16)        = 16
read(12, "", 32)                        = 0
close(12)                               = 0
statx(AT_FDCWD, "/home/xolra0d/dev/databases/touchhouse/target/debug/.fingerprint/stacker-0ea011f9a182b54c", AT_STATX_SYNC_AS_STAT, STATX_ALL, {stx_mask=STATX_ALL|STATX_MNT_ID|STATX_SUBVOL, stx_attributes=0, stx_mode=S_IFDIR|0755, stx_size=238, ...}) = 0
openat(AT_FDCWD, "/home/xolra0d/dev/databases/touchhouse/target/debug/.fingerprint/stacker-0ea011f9a182b54c/build-script-build-script-build", O_RDONLY|O_CLOEXEC) = 12
statx(12, "", AT_STATX_SYNC_AS_STAT|AT_EMPTY_PATH, STATX_ALL, {stx_mask=STATX_ALL|STATX_MNT_ID|STATX_SUBVOL, stx_attributes=0, stx_mode=S_IFREG|0644, stx_size=16, ...}) = 0
read(12, "daabb9ba7d10356e", 16)        = 16
read(12, "", 32)                        = 0
close(12)                               = 0
brk(0x557068044000)                     = 0x557068044000
ioctl(2, TIOCGWINSZ, {ws_row=33, ws_col=60, ws_xpixel=600, ws_ypixel=726}) = 0
statx(AT_FDCWD, "/home/xolra0d/dev/databases/touchhouse/target/debug/.fingerprint/tokio-2a7bbe414e908c92", AT_STATX_SYNC_AS_STAT, STATX_ALL, {stx_mask=STATX_ALL|STATX_MNT_ID|STATX_SUBVOL, stx_attributes=0, stx_mode=S_IFDIR|0755, stx_size=106, ...}) = 0
openat(AT_FDCWD, "/home/xolra0d/dev/databases/touchhouse/target/debug/.fingerprint/tokio-2a7bbe414e908c92/lib-tokio", O_RDONLY|O_CLOEXEC) = 12
statx(12, "", AT_STATX_SYNC_AS_STAT|AT_EMPTY_PATH, STATX_ALL, {stx_mask=STATX_ALL|STATX_MNT_ID|STATX_SUBVOL, stx_attributes=0, stx_mode=S_IFREG|0644, stx_size=16, ...}) = 0
read(12, "056301281b09631f", 16)        = 16
read(12, "", 32)                        = 0
close(12)                               = 0
brk(0x557068065000)                     = 0x557068065000
ioctl(2, TIOCGWINSZ, {ws_row=33, ws_col=60, ws_xpixel=600, ws_ypixel=726}) = 0
statx(AT_FDCWD, "/home/xolra0d/dev/databases/touchhouse/target/debug/.fingerprint/mio-5c6e0a9d607858d9", AT_STATX_SYNC_AS_STAT, STATX_ALL, {stx_mask=STATX_ALL|STATX_MNT_ID|STATX_SUBVOL, stx_attributes=0, stx_mode=S_IFDIR|0755, stx_size=94, ...}) = 0
openat(AT_FDCWD, "/home/xolra0d/dev/databases/touchhouse/target/debug/.fingerprint/mio-5c6e0a9d607858d9/lib-mio", O_RDONLY|O_CLOEXEC) = 12
statx(12, "", AT_STATX_SYNC_AS_STAT|AT_EMPTY_PATH, STATX_ALL, {stx_mask=STATX_ALL|STATX_MNT_ID|STATX_SUBVOL, stx_attributes=0, stx_mode=S_IFREG|0644, stx_size=16, ...}) = 0
read(12, "9948617ba1ebed62", 16)        = 16
read(12, "", 32)                        = 0
close(12)                               = 0
ioctl(2, TIOCGWINSZ, {ws_row=33, ws_col=60, ws_xpixel=600, ws_ypixel=726}) = 0
statx(AT_FDCWD, "/home/xolra0d/dev/databases/touchhouse/target/debug/.fingerprint/socket2-a2aea621fc0c1d8c", AT_STATX_SYNC_AS_STAT, STATX_ALL, {stx_mask=STATX_ALL|STATX_MNT_ID|STATX_SUBVOL, stx_attributes=0, stx_mode=S_IFDIR|0755, stx_size=118, ...}) = 0
openat(AT_FDCWD, "/home/xolra0d/dev/databases/touchhouse/target/debug/.fingerprint/socket2-a2aea621fc0c1d8c/lib-socket2", O_RDONLY|O_CLOEXEC) = 12
statx(12, "", AT_STATX_SYNC_AS_STAT|AT_EMPTY_PATH, STATX_ALL, {stx_mask=STATX_ALL|STATX_MNT_ID|STATX_SUBVOL, stx_attributes=0, stx_mode=S_IFREG|0644, stx_size=16, ...}) = 0
read(12, "9d3b3500c965a668", 16)        = 16
read(12, "", 32)                        = 0
close(12)                               = 0
brk(0x557068086000)                     = 0x557068086000
ioctl(2, TIOCGWINSZ, {ws_row=33, ws_col=60, ws_xpixel=600, ws_ypixel=726}) = 0
statx(AT_FDCWD, "/home/xolra0d/dev/databases/touchhouse/target/debug/.fingerprint/tokio-macros-d556858d2d06dea4", AT_STATX_SYNC_AS_STAT, STATX_ALL, {stx_mask=STATX_ALL|STATX_MNT_ID|STATX_SUBVOL, stx_attributes=0, stx_mode=S_IFDIR|0755, stx_size=148, ...}) = 0
openat(AT_FDCWD, "/home/xolra0d/dev/databases/touchhouse/target/debug/.fingerprint/tokio-macros-d556858d2d06dea4/lib-tokio_macros", O_RDONLY|O_CLOEXEC) = 12
statx(12, "", AT_STATX_SYNC_AS_STAT|AT_EMPTY_PATH, STATX_ALL, {stx_mask=STATX_ALL|STATX_MNT_ID|STATX_SUBVOL, stx_attributes=0, stx_mode=S_IFREG|0644, stx_size=16, ...}) = 0
read(12, "940dec105dfb7004", 16)        = 16
read(12, "", 32)                        = 0
close(12)                               = 0
ioctl(2, TIOCGWINSZ, {ws_row=33, ws_col=60, ws_xpixel=600, ws_ypixel=726}) = 0
statx(AT_FDCWD, "/home/xolra0d/dev/databases/touchhouse/target/debug/.fingerprint/tokio-util-ba0182ae1afa6850", AT_STATX_SYNC_AS_STAT, STATX_ALL, {stx_mask=STATX_ALL|STATX_MNT_ID|STATX_SUBVOL, stx_attributes=0, stx_mode=S_IFDIR|0755, stx_size=136, ...}) = 0
openat(AT_FDCWD, "/home/xolra0d/dev/databases/touchhouse/target/debug/.fingerprint/tokio-util-ba0182ae1afa6850/lib-tokio_util", O_RDONLY|O_CLOEXEC) = 12
statx(12, "", AT_STATX_SYNC_AS_STAT|AT_EMPTY_PATH, STATX_ALL, {stx_mask=STATX_ALL|STATX_MNT_ID|STATX_SUBVOL, stx_attributes=0, stx_mode=S_IFREG|0644, stx_size=16, ...}) = 0
read(12, "5688500c4559f9f9", 16)        = 16
read(12, "", 32)                        = 0
close(12)                               = 0
ioctl(2, TIOCGWINSZ, {ws_row=33, ws_col=60, ws_xpixel=600, ws_ypixel=726}) = 0
statx(AT_FDCWD, "/home/xolra0d/dev/databases/touchhouse/target/debug/.fingerprint/bytes-3f778336d0e26e33", AT_STATX_SYNC_AS_STAT, STATX_ALL, {stx_mask=STATX_ALL|STATX_MNT_ID|STATX_SUBVOL, stx_attributes=0, stx_mode=S_IFDIR|0755, stx_size=106, ...}) = 0
openat(AT_FDCWD, "/home/xolra0d/dev/databases/touchhouse/target/debug/.fingerprint/bytes-3f778336d0e26e33/lib-bytes", O_RDONLY|O_CLOEXEC) = 12
statx(12, "", AT_STATX_SYNC_AS_STAT|AT_EMPTY_PATH, STATX_ALL, {stx_mask=STATX_ALL|STATX_MNT_ID|STATX_SUBVOL, stx_attributes=0, stx_mode=S_IFREG|0644, stx_size=16, ...}) = 0
read(12, "a056dce27b5522b6", 16)        = 16
read(12, "", 32)                        = 0
close(12)                               = 0
ioctl(2, TIOCGWINSZ, {ws_row=33, ws_col=60, ws_xpixel=600, ws_ypixel=726}) = 0
statx(AT_FDCWD, "/home/xolra0d/dev/databases/touchhouse/target/debug/.fingerprint/toml-4b1a9a7e1e4e8a1b", AT_STATX_SYNC_AS_STAT, STATX_ALL, {stx_mask=STATX_ALL|STATX_MNT_ID|STATX_SUBVOL, stx_attributes=0, stx_mode=S_IFDIR|0755, stx_size=100, ...}) = 0
openat(AT_FDCWD, "/home/xolra0d/dev/databases/touchhouse/target/debug/.fingerprint/toml-4b1a9a7e1e4e8a1b/lib-toml", O_RDONLY|O_CLOEXEC) = 12
statx(12, "", AT_STATX_SYNC_AS_STAT|AT_EMPTY_PATH, STATX_ALL, {stx_mask=STATX_ALL|STATX_MNT_ID|STATX_SUBVOL, stx_attributes=0, stx_mode=S_IFREG|0644, stx_size=16, ...}) = 0
read(12, "bf8aaa7697b55ebe", 16)        = 16
read(12, "", 32)                        = 0
close(12)                               = 0
brk(0x5570680a7000)                     = 0x5570680a7000
ioctl(2, TIOCGWINSZ, {ws_row=33, ws_col=60, ws_xpixel=600, ws_ypixel=726}) = 0
statx(AT_FDCWD, "/home/xolra0d/dev/databases/touchhouse/target/debug/.fingerprint/serde_spanned-2841245405b95ba7", AT_STATX_SYNC_AS_STAT, STATX_ALL, {stx_mask=STATX_ALL|STATX_MNT_ID|STATX_SUBVOL, stx_attributes=0, stx_mode=S_IFDIR|0755, stx_size=154, ...}) = 0
openat(AT_FDCWD, "/home/xolra0d/dev/databases/touchhouse/target/debug/.fingerprint/serde_spanned-2841245405b95ba7/lib-serde_spanned", O_RDONLY|O_CLOEXEC) = 12
statx(12, "", AT_STATX_SYNC_AS_STAT|AT_EMPTY_PATH, STATX_ALL, {stx_mask=STATX_ALL|STATX_MNT_ID|STATX_SUBVOL, stx_attributes=0, stx_mode=S_IFREG|0644, stx_size=16, ...}) = 0
read(12, "70f2807eae893710", 16)        = 16
read(12, "", 32)                        = 0
close(12)                               = 0
ioctl(2, TIOCGWINSZ, {ws_row=33, ws_col=60, ws_xpixel=600, ws_ypixel=726}) = 0
statx(AT_FDCWD, "/home/xolra0d/dev/databases/touchhouse/target/debug/.fingerprint/toml_datetime-aad8a6e1224c1cd2", AT_STATX_SYNC_AS_STAT, STATX_ALL, {stx_mask=STATX_ALL|STATX_MNT_ID|STATX_SUBVOL, stx_attributes=0, stx_mode=S_IFDIR|0755, stx_size=154, ...}) = 0
openat(AT_FDCWD, "/home/xolra0d/dev/databases/touchhouse/target/debug/.fingerprint/toml_datetime-aad8a6e1224c1cd2/lib-toml_datetime", O_RDONLY|O_CLOEXEC) = 12
statx(12, "", AT_STATX_SYNC_AS_STAT|AT_EMPTY_PATH, STATX_ALL, {stx_mask=STATX_ALL|STATX_MNT_ID|STATX_SUBVOL, stx_attributes=0, stx_mode=S_IFREG|0644, stx_size=16, ...}) = 0
read(12, "160a3c7afcdf9fe6", 16)        = 16
read(12, "", 32)                        = 0
close(12)                               = 0
brk(0x5570680c8000)                     = 0x5570680c8000
ioctl(2, TIOCGWINSZ, {ws_row=33, ws_col=60, ws_xpixel=600, ws_ypixel=726}) = 0
statx(AT_FDCWD, "/home/xolra0d/dev/databases/touchhouse/target/debug/.fingerprint/toml_parser-ec3a7bdf1b5506bc", AT_STATX_SYNC_AS_STAT, STATX_ALL, {stx_mask=STATX_ALL|STATX_MNT_ID|STATX_SUBVOL, stx_attributes=0, stx_mode=S_IFDIR|0755, stx_size=142, ...}) = 0
openat(AT_FDCWD, "/home/xolra0d/dev/databases/touchhouse/target/debug/.fingerprint/toml_parser-ec3a7bdf1b5506bc/lib-toml_parser", O_RDONLY|O_CLOEXEC) = 12
statx(12, "", AT_STATX_SYNC_AS_STAT|AT_EMPTY_PATH, STATX_ALL, {stx_mask=STATX_ALL|STATX_MNT_ID|STATX_SUBVOL, stx_attributes=0, stx_mode=S_IFREG|0644, stx_size=16, ...}) = 0
read(12, "76bb4de6c57f49ed", 16)        = 16
read(12, "", 32)                        = 0
close(12)                               = 0
ioctl(2, TIOCGWINSZ, {ws_row=33, ws_col=60, ws_xpixel=600, ws_ypixel=726}) = 0
statx(AT_FDCWD, "/home/xolra0d/dev/databases/touchhouse/target/debug/.fingerprint/winnow-23e4d8354977cf54", AT_STATX_SYNC_AS_STAT, STATX_ALL, {stx_mask=STATX_ALL|STATX_MNT_ID|STATX_SUBVOL, stx_attributes=0, stx_mode=S_IFDIR|0755, stx_size=112, ...}) = 0
openat(AT_FDCWD, "/home/xolra0d/dev/databases/touchhouse/target/debug/.fingerprint/winnow-23e4d8354977cf54/lib-winnow", O_RDONLY|O_CLOEXEC) = 12
statx(12, "", AT_STATX_SYNC_AS_STAT|AT_EMPTY_PATH, STATX_ALL, {stx_mask=STATX_ALL|STATX_MNT_ID|STATX_SUBVOL, stx_attributes=0, stx_mode=S_IFREG|0644, stx_size=16, ...}) = 0
read(12, "a73cfaaa5f35cf58", 16)        = 16
read(12, "", 32)                        = 0
close(12)                               = 0
brk(0x5570680e9000)                     = 0x5570680e9000
ioctl(2, TIOCGWINSZ, {ws_row=33, ws_col=60, ws_xpixel=600, ws_ypixel=726}) = 0
statx(AT_FDCWD, "/home/xolra0d/dev/databases/touchhouse/target/debug/.fingerprint/toml_writer-d580fba5eae89f14", AT_STATX_SYNC_AS_STAT, STATX_ALL, {stx_mask=STATX_ALL|STATX_MNT_ID|STATX_SUBVOL, stx_attributes=0, stx_mode=S_IFDIR|0755, stx_size=142, ...}) = 0
openat(AT_FDCWD, "/home/xolra0d/dev/databases/touchhouse/target/debug/.fingerprint/toml_writer-d580fba5eae89f14/lib-toml_writer", O_RDONLY|O_CLOEXEC) = 12
statx(12, "", AT_STATX_SYNC_AS_STAT|AT_EMPTY_PATH, STATX_ALL, {stx_mask=STATX_ALL|STATX_MNT_ID|STATX_SUBVOL, stx_attributes=0, stx_mode=S_IFREG|0644, stx_size=16, ...}) = 0
read(12, "d835e270c138e477", 16)        = 16
read(12, "", 32)                        = 0
close(12)                               = 0
ioctl(2, TIOCGWINSZ, {ws_row=33, ws_col=60, ws_xpixel=600, ws_ypixel=726}) = 0
statx(AT_FDCWD, "/home/xolra0d/dev/databases/touchhouse/target/debug/.fingerprint/touchhouse-f9d472b5962d079f", AT_STATX_SYNC_AS_STAT, STATX_ALL, {stx_mask=STATX_ALL|STATX_MNT_ID|STATX_SUBVOL, stx_attributes=0, stx_mode=S_IFDIR|0755, stx_size=136, ...}) = 0
statx(AT_FDCWD, "/home/xolra0d/dev/databases/touchhouse/target/debug/deps/touchhouse-f9d472b5962d079f", AT_STATX_SYNC_AS_STAT, STATX_ALL, {stx_mask=STATX_ALL|STATX_MNT_ID|STATX_SUBVOL, stx_attributes=0, stx_mode=S_IFREG|0755, stx_size=73756064, ...}) = 0
openat(AT_FDCWD, "/home/xolra0d/dev/databases/touchhouse/target/debug/.fingerprint/touchhouse-f9d472b5962d079f/dep-bin-touchhouse", O_RDONLY|O_CLOEXEC) = 12
statx(12, "", AT_STATX_SYNC_AS_STAT|AT_EMPTY_PATH, STATX_ALL, {stx_mask=STATX_ALL|STATX_MNT_ID|STATX_SUBVOL, stx_attributes=0, stx_mode=S_IFREG|0644, stx_size=31, ...}) = 0
read(12, "\1\0\0\0\377\1\1\0\0\0\0\v\0\0\0src/main.rs\0\0\0\0\0", 31) = 31
read(12, "", 32)                        = 0
close(12)                               = 0
statx(AT_FDCWD, "/home/xolra0d/dev/databases/touchhouse/target/debug/.fingerprint/touchhouse-f9d472b5962d079f/dep-bin-touchhouse", AT_STATX_SYNC_AS_STAT, STATX_ALL, {stx_mask=STATX_ALL|STATX_MNT_ID|STATX_SUBVOL, stx_attributes=0, stx_mode=S_IFREG|0644, stx_size=31, ...}) = 0
getcwd("/home/xolra0d/dev/databases/touchhouse", 512) = 39
statx(AT_FDCWD, "/home/xolra0d/dev/databases/touchhouse/src/main.rs", AT_STATX_SYNC_AS_STAT, STATX_ALL, {stx_mask=STATX_ALL|STATX_MNT_ID|STATX_SUBVOL, stx_attributes=0, stx_mode=S_IFREG|0644, stx_size=513, ...}) = 0
openat(AT_FDCWD, "/home/xolra0d/dev/databases/touchhouse/target/debug/.fingerprint/touchhouse-f9d472b5962d079f/bin-touchhouse", O_RDONLY|O_CLOEXEC) = 12
statx(12, "", AT_STATX_SYNC_AS_STAT|AT_EMPTY_PATH, STATX_ALL, {stx_mask=STATX_ALL|STATX_MNT_ID|STATX_SUBVOL, stx_attributes=0, stx_mode=S_IFREG|0644, stx_size=16, ...}) = 0
read(12, "f43946832845bb33", 16)        = 16
read(12, "", 32)                        = 0
close(12)                               = 0
ioctl(2, TIOCGWINSZ, {ws_row=33, ws_col=60, ws_xpixel=600, ws_ypixel=726}) = 0
brk(0x55706810a000)                     = 0x55706810a000
ioctl(2, TIOCGWINSZ, {ws_row=33, ws_col=60, ws_xpixel=600, ws_ypixel=726}) = 0
rt_sigaction(SIGUSR1, {sa_handler=0x55705508a3e0, sa_mask=[], sa_flags=SA_RESTORER|SA_SIGINFO, sa_restorer=0x7f4214a3e4d0}, NULL, 8) = 0
rt_sigaction(SIGRT_1, {sa_handler=0x7f4214a94070, sa_mask=[], sa_flags=SA_RESTORER|SA_ONSTACK|SA_RESTART|SA_SIGINFO, sa_restorer=0x7f4214a3e4d0}, NULL, 8) = 0
rt_sigprocmask(SIG_UNBLOCK, [RTMIN RT_1], NULL, 8) = 0
mmap(NULL, 2101248, PROT_READ|PROT_WRITE, MAP_PRIVATE|MAP_ANONYMOUS|MAP_STACK, -1, 0) = 0x7f42147ff000
madvise(0x7f42147ff000, 4096, MADV_GUARD_INSTALL) = 0
rt_sigprocmask(SIG_BLOCK, ~[], [], 8)   = 0
clone3({flags=CLONE_VM|CLONE_FS|CLONE_FILES|CLONE_SIGHAND|CLONE_THREAD|CLONE_SYSVSEM|CLONE_SETTLS|CLONE_PARENT_SETTID|CLONE_CHILD_CLEARTID, child_tid=0x7f42149ff990, parent_tid=0x7f42149ff990, exit_signal=0, stack=0x7f42147ff000, stack_size=0x1ffd00, tls=0x7f42149ff6c0} => {parent_tid=[1064963]}, 88) = 1064963
rt_sigprocmask(SIG_SETMASK, [], NULL, 8) = 0
futex(0x5570680eb8a8, FUTEX_WAKE_PRIVATE, 1) = 0
futex(0x5570680eb8a8, FUTEX_WAKE_PRIVATE, 1) = 0
futex(0x5570680eb8a8, FUTEX_WAKE_PRIVATE, 1) = 0
futex(0x5570680eb8a8, FUTEX_WAKE_PRIVATE, 1) = 0
futex(0x5570680eb8a8, FUTEX_WAKE_PRIVATE, 1) = 0
futex(0x5570680eb8a8, FUTEX_WAKE_PRIVATE, 1) = 0
futex(0x5570680eb8a8, FUTEX_WAKE_PRIVATE, 1) = 0
futex(0x5570680eb8a8, FUTEX_WAKE_PRIVATE, 1) = 1
futex(0x5570680eb8a8, FUTEX_WAKE_PRIVATE, 1) = 1
futex(0x5570680eb8a8, FUTEX_WAKE_PRIVATE, 1) = 1
futex(0x5570680eb8a8, FUTEX_WAKE_PRIVATE, 1) = 1
futex(0x5570680eb8a8, FUTEX_WAKE_PRIVATE, 1) = 1
futex(0x5570680eb8a8, FUTEX_WAKE_PRIVATE, 1) = 1
futex(0x5570680eb8a8, FUTEX_WAKE_PRIVATE, 1) = 1
futex(0x5570680eb8a8, FUTEX_WAKE_PRIVATE, 1) = 1
futex(0x5570680eb8a8, FUTEX_WAKE_PRIVATE, 1) = 1
futex(0x5570680eb8a8, FUTEX_WAKE_PRIVATE, 1) = 0
futex(0x5570680eb8a8, FUTEX_WAKE_PRIVATE, 1) = 1
futex(0x5570680eb8a8, FUTEX_WAKE_PRIVATE, 1) = 1
futex(0x5570680eb8a8, FUTEX_WAKE_PRIVATE, 1) = 1
futex(0x5570680eb8a8, FUTEX_WAKE_PRIVATE, 1) = 1
futex(0x5570680eb8a8, FUTEX_WAKE_PRIVATE, 1) = 0
futex(0x5570680eb8a8, FUTEX_WAKE_PRIVATE, 1) = 0
futex(0x5570680eb8a8, FUTEX_WAKE_PRIVATE, 1) = 0
futex(0x5570680eb8a8, FUTEX_WAKE_PRIVATE, 1) = 0
futex(0x5570680eb8a8, FUTEX_WAKE_PRIVATE, 1) = 0
futex(0x5570680eb8a8, FUTEX_WAKE_PRIVATE, 1) = 0
futex(0x5570680eb8a8, FUTEX_WAKE_PRIVATE, 1) = 0
futex(0x5570680eb8a8, FUTEX_WAKE_PRIVATE, 1) = 0
futex(0x5570680eb8a8, FUTEX_WAKE_PRIVATE, 1) = 0
futex(0x5570680eb8a8, FUTEX_WAKE_PRIVATE, 1) = 0
futex(0x5570680eb8a8, FUTEX_WAKE_PRIVATE, 1) = 0
futex(0x5570680eb8a8, FUTEX_WAKE_PRIVATE, 1) = 0
futex(0x5570680eb8a8, FUTEX_WAKE_PRIVATE, 1) = 0
futex(0x5570680eb8a8, FUTEX_WAKE_PRIVATE, 1) = 0
futex(0x5570680eb8a8, FUTEX_WAKE_PRIVATE, 1) = 0
futex(0x5570680eb8a8, FUTEX_WAKE_PRIVATE, 1) = 0
futex(0x5570680eb8a8, FUTEX_WAKE_PRIVATE, 1) = 0
futex(0x5570680eb8a8, FUTEX_WAKE_PRIVATE, 1) = 0
futex(0x5570680eb8a8, FUTEX_WAKE_PRIVATE, 1) = 0
futex(0x5570680eb8a8, FUTEX_WAKE_PRIVATE, 1) = 0
futex(0x5570680eb8a8, FUTEX_WAKE_PRIVATE, 1) = 0
futex(0x5570680eb8a8, FUTEX_WAKE_PRIVATE, 1) = 0
statx(AT_FDCWD, "/home/xolra0d/dev/databases/touchhouse/target/debug/.fingerprint/proc-macro2-14351e3615cfd962/output-build-script-build-script-build", AT_STATX_SYNC_AS_STAT, STATX_ALL, 0x7ffda6d4c020) = -1 ENOENT (No such file or directory)
statx(AT_FDCWD, "/home/xolra0d/dev/databases/touchhouse/target/debug/build/proc-macro2-14351e3615cfd962/build_script_build-14351e3615cfd962", AT_STATX_SYNC_AS_STAT, STATX_ALL, {stx_mask=STATX_ALL|STATX_MNT_ID|STATX_SUBVOL, stx_attributes=0, stx_mode=S_IFREG|0755, stx_size=4041928, ...}) = 0
openat(AT_FDCWD, "/home/xolra0d/dev/databases/touchhouse/target/debug/build/proc-macro2-14351e3615cfd962/build_script_build-14351e3615cfd962", O_RDONLY|O_CLOEXEC) = 12
statx(12, "", AT_STATX_SYNC_AS_STAT|AT_EMPTY_PATH, STATX_ALL, {stx_mask=STATX_ALL|STATX_MNT_ID|STATX_SUBVOL, stx_attributes=0, stx_mode=S_IFREG|0755, stx_size=4041928, ...}) = 0
openat(AT_FDCWD, "/home/xolra0d/dev/databases/touchhouse/target/debug/build/proc-macro2-14351e3615cfd962/build-script-build", O_RDONLY|O_CLOEXEC) = 13
statx(13, "", AT_STATX_SYNC_AS_STAT|AT_EMPTY_PATH, STATX_ALL, {stx_mask=STATX_ALL|STATX_MNT_ID|STATX_SUBVOL, stx_attributes=0, stx_mode=S_IFREG|0755, stx_size=4041928, ...}) = 0
close(13)                               = 0
close(12)                               = 0
statx(AT_FDCWD, "/home/xolra0d/dev/databases/touchhouse/target/debug/build/proc-macro2-14351e3615cfd962/build_script_build-14351e3615cfd962.dwp", AT_STATX_SYNC_AS_STAT, STATX_ALL, 0x7ffda6d4be10) = -1 ENOENT (No such file or directory)
futex(0x5570680f1400, FUTEX_WAKE_PRIVATE, 1) = 0
futex(0x5570680f1404, FUTEX_WAKE_PRIVATE, 2147483647) = 0
futex(0x5570680eb8a8, FUTEX_WAKE_PRIVATE, 1) = 0
futex(0x5570680f1400, FUTEX_WAKE_PRIVATE, 1) = 0
statx(AT_FDCWD, "/home/xolra0d/dev/databases/touchhouse/target/debug/.fingerprint/quote-359af793157c725c/output-build-script-build-script-build", AT_STATX_SYNC_AS_STAT, STATX_ALL, 0x7ffda6d4c020) = -1 ENOENT (No such file or directory)
statx(AT_FDCWD, "/home/xolra0d/dev/databases/touchhouse/target/debug/build/quote-359af793157c725c/build_script_build-359af793157c725c", AT_STATX_SYNC_AS_STAT, STATX_ALL, {stx_mask=STATX_ALL|STATX_MNT_ID|STATX_SUBVOL, stx_attributes=0, stx_mode=S_IFREG|0755, stx_size=3985896, ...}) = 0
openat(AT_FDCWD, "/home/xolra0d/dev/databases/touchhouse/target/debug/build/quote-359af793157c725c/build_script_build-359af793157c725c", O_RDONLY|O_CLOEXEC) = 12
statx(12, "", AT_STATX_SYNC_AS_STAT|AT_EMPTY_PATH, STATX_ALL, {stx_mask=STATX_ALL|STATX_MNT_ID|STATX_SUBVOL, stx_attributes=0, stx_mode=S_IFREG|0755, stx_size=3985896, ...}) = 0
openat(AT_FDCWD, "/home/xolra0d/dev/databases/touchhouse/target/debug/build/quote-359af793157c725c/build-script-build", O_RDONLY|O_CLOEXEC) = 13
statx(13, "", AT_STATX_SYNC_AS_STAT|AT_EMPTY_PATH, STATX_ALL, {stx_mask=STATX_ALL|STATX_MNT_ID|STATX_SUBVOL, stx_attributes=0, stx_mode=S_IFREG|0755, stx_size=3985896, ...}) = 0
close(13)                               = 0
close(12)                               = 0
statx(AT_FDCWD, "/home/xolra0d/dev/databases/touchhouse/target/debug/build/quote-359af793157c725c/build_script_build-359af793157c725c.dwp", AT_STATX_SYNC_AS_STAT, STATX_ALL, 0x7ffda6d4be10) = -1 ENOENT (No such file or directory)
futex(0x5570680f1400, FUTEX_WAKE_PRIVATE, 1) = 0
statx(AT_FDCWD, "/home/xolra0d/dev/databases/touchhouse/target/debug/.fingerprint/unicode-ident-d65fe7db1d8a401a/output-lib-unicode_ident", AT_STATX_SYNC_AS_STAT, STATX_ALL, 0x7ffda6d4c020) = -1 ENOENT (No such file or directory)
statx(AT_FDCWD, "/home/xolra0d/dev/databases/touchhouse/target/debug/deps/libunicode_ident-d65fe7db1d8a401a.rlib", AT_STATX_SYNC_AS_STAT, STATX_ALL, {stx_mask=STATX_ALL|STATX_MNT_ID|STATX_SUBVOL, stx_attributes=0, stx_mode=S_IFREG|0644, stx_size=56804, ...}) = 0
statx(AT_FDCWD, "/home/xolra0d/dev/databases/touchhouse/target/debug/deps/libunicode_ident-d65fe7db1d8a401a.rmeta", AT_STATX_SYNC_AS_STAT, STATX_ALL, {stx_mask=STATX_ALL|STATX_MNT_ID|STATX_SUBVOL, stx_attributes=0, stx_mode=S_IFREG|0644, stx_size=34425, ...}) = 0
futex(0x5570680f1400, FUTEX_WAKE_PRIVATE, 1) = 0
futex(0x5570680f1400, FUTEX_WAKE_PRIVATE, 1) = 0
statx(AT_FDCWD, "/home/xolra0d/dev/databases/touchhouse/target/debug/.fingerprint/libc-a2ae8c0c50a1f23c/output-build-script-build-script-build", AT_STATX_SYNC_AS_STAT, STATX_ALL, 0x7ffda6d4c020) = -1 ENOENT (No such file or directory)
statx(AT_FDCWD, "/home/xolra0d/dev/databases/touchhouse/target/debug/build/libc-a2ae8c0c50a1f23c/build_script_build-a2ae8c0c50a1f23c", AT_STATX_SYNC_AS_STAT, STATX_ALL, {stx_mask=STATX_ALL|STATX_MNT_ID|STATX_SUBVOL, stx_attributes=0, stx_mode=S_IFREG|0755, stx_size=4060856, ...}) = 0
openat(AT_FDCWD, "/home/xolra0d/dev/databases/touchhouse/target/debug/build/libc-a2ae8c0c50a1f23c/build_script_build-a2ae8c0c50a1f23c", O_RDONLY|O_CLOEXEC) = 12
statx(12, "", AT_STATX_SYNC_AS_STAT|AT_EMPTY_PATH, STATX_ALL, {stx_mask=STATX_ALL|STATX_MNT_ID|STATX_SUBVOL, stx_attributes=0, stx_mode=S_IFREG|0755, stx_size=4060856, ...}) = 0
openat(AT_FDCWD, "/home/xolra0d/dev/databases/touchhouse/target/debug/build/libc-a2ae8c0c50a1f23c/build-script-build", O_RDONLY|O_CLOEXEC) = 13
statx(13, "", AT_STATX_SYNC_AS_STAT|AT_EMPTY_PATH, STATX_ALL, {stx_mask=STATX_ALL|STATX_MNT_ID|STATX_SUBVOL, stx_attributes=0, stx_mode=S_IFREG|0755, stx_size=4060856, ...}) = 0
close(13)                               = 0
close(12)                               = 0
statx(AT_FDCWD, "/home/xolra0d/dev/databases/touchhouse/target/debug/build/libc-a2ae8c0c50a1f23c/build_script_build-a2ae8c0c50a1f23c.dwp", AT_STATX_SYNC_AS_STAT, STATX_ALL, 0x7ffda6d4be10) = -1 ENOENT (No such file or directory)
futex(0x5570680f1400, FUTEX_WAKE_PRIVATE, 1) = 0
statx(AT_FDCWD, "/home/xolra0d/dev/databases/touchhouse/target/debug/.fingerprint/shlex-3b90976fe851454e/output-lib-shlex", AT_STATX_SYNC_AS_STAT, STATX_ALL, 0x7ffda6d4c020) = -1 ENOENT (No such file or directory)
statx(AT_FDCWD, "/home/xolra0d/dev/databases/touchhouse/target/debug/deps/libshlex-3b90976fe851454e.rlib", AT_STATX_SYNC_AS_STAT, STATX_ALL, {stx_mask=STATX_ALL|STATX_MNT_ID|STATX_SUBVOL, stx_attributes=0, stx_mode=S_IFREG|0644, stx_size=134230, ...}) = 0
statx(AT_FDCWD, "/home/xolra0d/dev/databases/touchhouse/target/debug/deps/libshlex-3b90976fe851454e.rmeta", AT_STATX_SYNC_AS_STAT, STATX_ALL, {stx_mask=STATX_ALL|STATX_MNT_ID|STATX_SUBVOL, stx_attributes=0, stx_mode=S_IFREG|0644, stx_size=52755, ...}) = 0
futex(0x5570680f1400, FUTEX_WAKE_PRIVATE, 1) = 0
futex(0x5570680f1400, FUTEX_WAKE_PRIVATE, 1) = 0
statx(AT_FDCWD, "/home/xolra0d/dev/databases/touchhouse/target/debug/.fingerprint/find-msvc-tools-7abcf6e736b4452f/output-lib-find_msvc_tools", AT_STATX_SYNC_AS_STAT, STATX_ALL, 0x7ffda6d4c020) = -1 ENOENT (No such file or directory)
statx(AT_FDCWD, "/home/xolra0d/dev/databases/touchhouse/target/debug/deps/libfind_msvc_tools-7abcf6e736b4452f.rlib", AT_STATX_SYNC_AS_STAT, STATX_ALL, {stx_mask=STATX_ALL|STATX_MNT_ID|STATX_SUBVOL, stx_attributes=0, stx_mode=S_IFREG|0644, stx_size=305098, ...}) = 0
statx(AT_FDCWD, "/home/xolra0d/dev/databases/touchhouse/target/debug/deps/libfind_msvc_tools-7abcf6e736b4452f.rmeta", AT_STATX_SYNC_AS_STAT, STATX_ALL, {stx_mask=STATX_ALL|STATX_MNT_ID|STATX_SUBVOL, stx_attributes=0, stx_mode=S_IFREG|0644, stx_size=45116, ...}) = 0
futex(0x5570680f1400, FUTEX_WAKE_PRIVATE, 1) = 0
futex(0x5570680f1400, FUTEX_WAKE_PRIVATE, 1) = 0
statx(AT_FDCWD, "/home/xolra0d/dev/databases/touchhouse/target/debug/.fingerprint/cfg-if-5d5b6fb23568366e/output-lib-cfg_if", AT_STATX_SYNC_AS_STAT, STATX_ALL, 0x7ffda6d4c020) = -1 ENOENT (No such file or directory)
statx(AT_FDCWD, "/home/xolra0d/dev/databases/touchhouse/target/debug/deps/libcfg_if-5d5b6fb23568366e.rlib", AT_STATX_SYNC_AS_STAT, STATX_ALL, {stx_mask=STATX_ALL|STATX_MNT_ID|STATX_SUBVOL, stx_attributes=0, stx_mode=S_IFREG|0644, stx_size=6838, ...}) = 0
statx(AT_FDCWD, "/home/xolra0d/dev/databases/touchhouse/target/debug/deps/libcfg_if-5d5b6fb23568366e.rmeta", AT_STATX_SYNC_AS_STAT, STATX_ALL, {stx_mask=STATX_ALL|STATX_MNT_ID|STATX_SUBVOL, stx_attributes=0, stx_mode=S_IFREG|0644, stx_size=5333, ...}) = 0
futex(0x5570680f1400, FUTEX_WAKE_PRIVATE, 1) = 0
futex(0x5570680f1400, FUTEX_WAKE_PRIVATE, 1) = 0
statx(AT_FDCWD, "/home/xolra0d/dev/databases/touchhouse/target/debug/.fingerprint/serde_core-4b6b5d3d504b832f/output-build-script-build-script-build", AT_STATX_SYNC_AS_STAT, STATX_ALL, 0x7ffda6d4c020) = -1 ENOENT (No such file or directory)
statx(AT_FDCWD, "/home/xolra0d/dev/databases/touchhouse/target/debug/build/serde_core-4b6b5d3d504b832f/build_script_build-4b6b5d3d504b832f", AT_STATX_SYNC_AS_STAT, STATX_ALL, {stx_mask=STATX_ALL|STATX_MNT_ID|STATX_SUBVOL, stx_attributes=0, stx_mode=S_IFREG|0755, stx_size=4017952, ...}) = 0
openat(AT_FDCWD, "/home/xolra0d/dev/databases/touchhouse/target/debug/build/serde_core-4b6b5d3d504b832f/build_script_build-4b6b5d3d504b832f", O_RDONLY|O_CLOEXEC) = 12
statx(12, "", AT_STATX_SYNC_AS_STAT|AT_EMPTY_PATH, STATX_ALL, {stx_mask=STATX_ALL|STATX_MNT_ID|STATX_SUBVOL, stx_attributes=0, stx_mode=S_IFREG|0755, stx_size=4017952, ...}) = 0
openat(AT_FDCWD, "/home/xolra0d/dev/databases/touchhouse/target/debug/build/serde_core-4b6b5d3d504b832f/build-script-build", O_RDONLY|O_CLOEXEC) = 13
statx(13, "", AT_STATX_SYNC_AS_STAT|AT_EMPTY_PATH, STATX_ALL, {stx_mask=STATX_ALL|STATX_MNT_ID|STATX_SUBVOL, stx_attributes=0, stx_mode=S_IFREG|0755, stx_size=4017952, ...}) = 0
close(13)                               = 0
close(12)                               = 0
statx(AT_FDCWD, "/home/xolra0d/dev/databases/touchhouse/target/debug/build/serde_core-4b6b5d3d504b832f/build_script_build-4b6b5d3d504b832f.dwp", AT_STATX_SYNC_AS_STAT, STATX_ALL, 0x7ffda6d4be10) = -1 ENOENT (No such file or directory)
futex(0x5570680f1400, FUTEX_WAKE_PRIVATE, 1) = 0
statx(AT_FDCWD, "/home/xolra0d/dev/databases/touchhouse/target/debug/.fingerprint/memchr-e97ff5d644abd4b5/output-lib-memchr", AT_STATX_SYNC_AS_STAT, STATX_ALL, 0x7ffda6d4c020) = -1 ENOENT (No such file or directory)
statx(AT_FDCWD, "/home/xolra0d/dev/databases/touchhouse/target/debug/deps/libmemchr-e97ff5d644abd4b5.rlib", AT_STATX_SYNC_AS_STAT, STATX_ALL, {stx_mask=STATX_ALL|STATX_MNT_ID|STATX_SUBVOL, stx_attributes=0, stx_mode=S_IFREG|0644, stx_size=2552412, ...}) = 0
statx(AT_FDCWD, "/home/xolra0d/dev/databases/touchhouse/target/debug/deps/libmemchr-e97ff5d644abd4b5.rmeta", AT_STATX_SYNC_AS_STAT, STATX_ALL, {stx_mask=STATX_ALL|STATX_MNT_ID|STATX_SUBVOL, stx_attributes=0, stx_mode=S_IFREG|0644, stx_size=1271436, ...}) = 0
futex(0x5570680f1400, FUTEX_WAKE_PRIVATE, 1) = 0
futex(0x5570680f1400, FUTEX_WAKE_PRIVATE, 1) = 0
statx(AT_FDCWD, "/home/xolra0d/dev/databases/touchhouse/target/debug/.fingerprint/serde-49a10a9683562367/output-build-script-build-script-build", AT_STATX_SYNC_AS_STAT, STATX_ALL, 0x7ffda6d4c020) = -1 ENOENT (No such file or directory)
statx(AT_FDCWD, "/home/xolra0d/dev/databases/touchhouse/target/debug/build/serde-49a10a9683562367/build_script_build-49a10a9683562367", AT_STATX_SYNC_AS_STAT, STATX_ALL, {stx_mask=STATX_ALL|STATX_MNT_ID|STATX_SUBVOL, stx_attributes=0, stx_mode=S_IFREG|0755, stx_size=4015024, ...}) = 0
openat(AT_FDCWD, "/home/xolra0d/dev/databases/touchhouse/target/debug/build/serde-49a10a9683562367/build_script_build-49a10a9683562367", O_RDONLY|O_CLOEXEC) = 12
statx(12, "", AT_STATX_SYNC_AS_STAT|AT_EMPTY_PATH, STATX_ALL, {stx_mask=STATX_ALL|STATX_MNT_ID|STATX_SUBVOL, stx_attributes=0, stx_mode=S_IFREG|0755, stx_size=4015024, ...}) = 0
openat(AT_FDCWD, "/home/xolra0d/dev/databases/touchhouse/target/debug/build/serde-49a10a9683562367/build-script-build", O_RDONLY|O_CLOEXEC) = 13
statx(13, "", AT_STATX_SYNC_AS_STAT|AT_EMPTY_PATH, STATX_ALL, {stx_mask=STATX_ALL|STATX_MNT_ID|STATX_SUBVOL, stx_attributes=0, stx_mode=S_IFREG|0755, stx_size=4015024, ...}) = 0
close(13)                               = 0
close(12)                               = 0
statx(AT_FDCWD, "/home/xolra0d/dev/databases/touchhouse/target/debug/build/serde-49a10a9683562367/build_script_build-49a10a9683562367.dwp", AT_STATX_SYNC_AS_STAT, STATX_ALL, 0x7ffda6d4be10) = -1 ENOENT (No such file or directory)
futex(0x5570680f1400, FUTEX_WAKE_PRIVATE, 1) = 0
statx(AT_FDCWD, "/home/xolra0d/dev/databases/touchhouse/target/debug/.fingerprint/crossbeam-utils-3facd263110404aa/output-build-script-build-script-build", AT_STATX_SYNC_AS_STAT, STATX_ALL, 0x7ffda6d4c020) = -1 ENOENT (No such file or directory)
statx(AT_FDCWD, "/home/xolra0d/dev/databases/touchhouse/target/debug/build/crossbeam-utils-3facd263110404aa/build_script_build-3facd263110404aa", AT_STATX_SYNC_AS_STAT, STATX_ALL, {stx_mask=STATX_ALL|STATX_MNT_ID|STATX_SUBVOL, stx_attributes=0, stx_mode=S_IFREG|0755, stx_size=3945368, ...}) = 0
openat(AT_FDCWD, "/home/xolra0d/dev/databases/touchhouse/target/debug/build/crossbeam-utils-3facd263110404aa/build_script_build-3facd263110404aa", O_RDONLY|O_CLOEXEC) = 12
statx(12, "", AT_STATX_SYNC_AS_STAT|AT_EMPTY_PATH, STATX_ALL, {stx_mask=STATX_ALL|STATX_MNT_ID|STATX_SUBVOL, stx_attributes=0, stx_mode=S_IFREG|0755, stx_size=3945368, ...}) = 0
openat(AT_FDCWD, "/home/xolra0d/dev/databases/touchhouse/target/debug/build/crossbeam-utils-3facd263110404aa/build-script-build", O_RDONLY|O_CLOEXEC) = 13
statx(13, "", AT_STATX_SYNC_AS_STAT|AT_EMPTY_PATH, STATX_ALL, {stx_mask=STATX_ALL|STATX_MNT_ID|STATX_SUBVOL, stx_attributes=0, stx_mode=S_IFREG|0755, stx_size=3945368, ...}) = 0
close(13)                               = 0
close(12)                               = 0
statx(AT_FDCWD, "/home/xolra0d/dev/databases/touchhouse/target/debug/build/crossbeam-utils-3facd263110404aa/build_script_build-3facd263110404aa.dwp", AT_STATX_SYNC_AS_STAT, STATX_ALL, 0x7ffda6d4be10) = -1 ENOENT (No such file or directory)
futex(0x5570680f1400, FUTEX_WAKE_PRIVATE, 1) = 0
statx(AT_FDCWD, "/home/xolra0d/dev/databases/touchhouse/target/debug/.fingerprint/getrandom-c202808f8e6e5002/output-build-script-build-script-build", AT_STATX_SYNC_AS_STAT, STATX_ALL, 0x7ffda6d4c020) = -1 ENOENT (No such file or directory)
statx(AT_FDCWD, "/home/xolra0d/dev/databases/touchhouse/target/debug/build/getrandom-c202808f8e6e5002/build_script_build-c202808f8e6e5002", AT_STATX_SYNC_AS_STAT, STATX_ALL, {stx_mask=STATX_ALL|STATX_MNT_ID|STATX_SUBVOL, stx_attributes=0, stx_mode=S_IFREG|0755, stx_size=4028872, ...}) = 0
openat(AT_FDCWD, "/home/xolra0d/dev/databases/touchhouse/target/debug/build/getrandom-c202808f8e6e5002/build_script_build-c202808f8e6e5002", O_RDONLY|O_CLOEXEC) = 12
statx(12, "", AT_STATX_SYNC_AS_STAT|AT_EMPTY_PATH, STATX_ALL, {stx_mask=STATX_ALL|STATX_MNT_ID|STATX_SUBVOL, stx_attributes=0, stx_mode=S_IFREG|0755, stx_size=4028872, ...}) = 0
openat(AT_FDCWD, "/home/xolra0d/dev/databases/touchhouse/target/debug/build/getrandom-c202808f8e6e5002/build-script-build", O_RDONLY|O_CLOEXEC) = 13
statx(13, "", AT_STATX_SYNC_AS_STAT|AT_EMPTY_PATH, STATX_ALL, {stx_mask=STATX_ALL|STATX_MNT_ID|STATX_SUBVOL, stx_attributes=0, stx_mode=S_IFREG|0755, stx_size=4028872, ...}) = 0
close(13)                               = 0
close(12)                               = 0
statx(AT_FDCWD, "/home/xolra0d/dev/databases/touchhouse/target/debug/build/getrandom-c202808f8e6e5002/build_script_build-c202808f8e6e5002.dwp", AT_STATX_SYNC_AS_STAT, STATX_ALL, 0x7ffda6d4be10) = -1 ENOENT (No such file or directory)
futex(0x5570680f1400, FUTEX_WAKE_PRIVATE, 1) = 0
statx(AT_FDCWD, "/home/xolra0d/dev/databases/touchhouse/target/debug/.fingerprint/futures-sink-ace0766c9d921ae4/output-lib-futures_sink", AT_STATX_SYNC_AS_STAT, STATX_ALL, 0x7ffda6d4c020) = -1 ENOENT (No such file or directory)
statx(AT_FDCWD, "/home/xolra0d/dev/databases/touchhouse/target/debug/deps/libfutures_sink-ace0766c9d921ae4.rlib", AT_STATX_SYNC_AS_STAT, STATX_ALL, {stx_mask=STATX_ALL|STATX_MNT_ID|STATX_SUBVOL, stx_attributes=0, stx_mode=S_IFREG|0644, stx_size=32330, ...}) = 0
statx(AT_FDCWD, "/home/xolra0d/dev/databases/touchhouse/target/debug/deps/libfutures_sink-ace0766c9d921ae4.rmeta", AT_STATX_SYNC_AS_STAT, STATX_ALL, {stx_mask=STATX_ALL|STATX_MNT_ID|STATX_SUBVOL, stx_attributes=0, stx_mode=S_IFREG|0644, stx_size=30808, ...}) = 0
futex(0x5570680f1400, FUTEX_WAKE_PRIVATE, 1) = 0
futex(0x5570680f1400, FUTEX_WAKE_PRIVATE, 1) = 0
statx(AT_FDCWD, "/home/xolra0d/dev/databases/touchhouse/target/debug/.fingerprint/autocfg-38d501c17e68b38c/output-lib-autocfg", AT_STATX_SYNC_AS_STAT, STATX_ALL, 0x7ffda6d4c020) = -1 ENOENT (No such file or directory)
statx(AT_FDCWD, "/home/xolra0d/dev/databases/touchhouse/target/debug/deps/libautocfg-38d501c17e68b38c.rlib", AT_STATX_SYNC_AS_STAT, STATX_ALL, {stx_mask=STATX_ALL|STATX_MNT_ID|STATX_SUBVOL, stx_attributes=0, stx_mode=S_IFREG|0644, stx_size=673160, ...}) = 0
statx(AT_FDCWD, "/home/xolra0d/dev/databases/touchhouse/target/debug/deps/libautocfg-38d501c17e68b38c.rmeta", AT_STATX_SYNC_AS_STAT, STATX_ALL, {stx_mask=STATX_ALL|STATX_MNT_ID|STATX_SUBVOL, stx_attributes=0, stx_mode=S_IFREG|0644, stx_size=80961, ...}) = 0
futex(0x5570680f1400, FUTEX_WAKE_PRIVATE, 1) = 0
statx(AT_FDCWD, "/home/xolra0d/dev/databases/touchhouse/target/debug/.fingerprint/futures-core-51107a6a42de01b4/output-lib-futures_core", AT_STATX_SYNC_AS_STAT, STATX_ALL, 0x7ffda6d4c020) = -1 ENOENT (No such file or directory)
statx(AT_FDCWD, "/home/xolra0d/dev/databases/touchhouse/target/debug/deps/libfutures_core-51107a6a42de01b4.rlib", AT_STATX_SYNC_AS_STAT, STATX_ALL, {stx_mask=STATX_ALL|STATX_MNT_ID|STATX_SUBVOL, stx_attributes=0, stx_mode=S_IFREG|0644, stx_size=117442, ...}) = 0
statx(AT_FDCWD, "/home/xolra0d/dev/databases/touchhouse/target/debug/deps/libfutures_core-51107a6a42de01b4.rmeta", AT_STATX_SYNC_AS_STAT, STATX_ALL, {stx_mask=STATX_ALL|STATX_MNT_ID|STATX_SUBVOL, stx_attributes=0, stx_mode=S_IFREG|0644, stx_size=58043, ...}) = 0
futex(0x5570680f1400, FUTEX_WAKE_PRIVATE, 1) = 0
futex(0x5570680f1400, FUTEX_WAKE_PRIVATE, 1) = 0
statx(AT_FDCWD, "/home/xolra0d/dev/databases/touchhouse/target/debug/.fingerprint/pin-project-lite-2e126e1d3701b224/output-lib-pin_project_lite", AT_STATX_SYNC_AS_STAT, STATX_ALL, 0x7ffda6d4c020) = -1 ENOENT (No such file or directory)
statx(AT_FDCWD, "/home/xolra0d/dev/databases/touchhouse/target/debug/deps/libpin_project_lite-2e126e1d3701b224.rlib", AT_STATX_SYNC_AS_STAT, STATX_ALL, {stx_mask=STATX_ALL|STATX_MNT_ID|STATX_SUBVOL, stx_attributes=0, stx_mode=S_IFREG|0644, stx_size=95810, ...}) = 0
statx(AT_FDCWD, "/home/xolra0d/dev/databases/touchhouse/target/debug/deps/libpin_project_lite-2e126e1d3701b224.rmeta", AT_STATX_SYNC_AS_STAT, STATX_ALL, {stx_mask=STATX_ALL|STATX_MNT_ID|STATX_SUBVOL, stx_attributes=0, stx_mode=S_IFREG|0644, stx_size=94279, ...}) = 0
futex(0x5570680f1400, FUTEX_WAKE_PRIVATE, 1) = 0
futex(0x5570680f1400, FUTEX_WAKE_PRIVATE, 1) = 0
statx(AT_FDCWD, "/home/xolra0d/dev/databases/touchhouse/target/debug/.fingerprint/paste-c090709b5b0c5de5/output-build-script-build-script-build", AT_STATX_SYNC_AS_STAT, STATX_ALL, 0x7ffda6d4c020) = -1 ENOENT (No such file or directory)
statx(AT_FDCWD, "/home/xolra0d/dev/databases/touchhouse/target/debug/build/paste-c090709b5b0c5de5/build_script_build-c090709b5b0c5de5", AT_STATX_SYNC_AS_STAT, STATX_ALL, {stx_mask=STATX_ALL|STATX_MNT_ID|STATX_SUBVOL, stx_attributes=0, stx_mode=S_IFREG|0755, stx_size=3986320, ...}) = 0
openat(AT_FDCWD, "/home/xolra0d/dev/databases/touchhouse/target/debug/build/paste-c090709b5b0c5de5/build_script_build-c090709b5b0c5de5", O_RDONLY|O_CLOEXEC) = 12
statx(12, "", AT_STATX_SYNC_AS_STAT|AT_EMPTY_PATH, STATX_ALL, {stx_mask=STATX_ALL|STATX_MNT_ID|STATX_SUBVOL, stx_attributes=0, stx_mode=S_IFREG|0755, stx_size=3986320, ...}) = 0
openat(AT_FDCWD, "/home/xolra0d/dev/databases/touchhouse/target/debug/build/paste-c090709b5b0c5de5/build-script-build", O_RDONLY|O_CLOEXEC) = 13
statx(13, "", AT_STATX_SYNC_AS_STAT|AT_EMPTY_PATH, STATX_ALL, {stx_mask=STATX_ALL|STATX_MNT_ID|STATX_SUBVOL, stx_attributes=0, stx_mode=S_IFREG|0755, stx_size=3986320, ...}) = 0
close(13)                               = 0
close(12)                               = 0
statx(AT_FDCWD, "/home/xolra0d/dev/databases/touchhouse/target/debug/build/paste-c090709b5b0c5de5/build_script_build-c090709b5b0c5de5.dwp", AT_STATX_SYNC_AS_STAT, STATX_ALL, 0x7ffda6d4be10) = -1 ENOENT (No such file or directory)
futex(0x5570680f1400, FUTEX_WAKE_PRIVATE, 1) = 0
statx(AT_FDCWD, "/home/xolra0d/dev/databases/touchhouse/target/debug/.fingerprint/regex-syntax-c0df0650e2113103/output-lib-regex_syntax", AT_STATX_SYNC_AS_STAT, STATX_ALL, 0x7ffda6d4c020) = -1 ENOENT (No such file or directory)
statx(AT_FDCWD, "/home/xolra0d/dev/databases/touchhouse/target/debug/deps/libregex_syntax-c0df0650e2113103.rlib", AT_STATX_SYNC_AS_STAT, STATX_ALL, {stx_mask=STATX_ALL|STATX_MNT_ID|STATX_SUBVOL, stx_attributes=0, stx_mode=S_IFREG|0644, stx_size=9959574, ...}) = 0
statx(AT_FDCWD, "/home/xolra0d/dev/databases/touchhouse/target/debug/deps/libregex_syntax-c0df0650e2113103.rmeta", AT_STATX_SYNC_AS_STAT, STATX_ALL, {stx_mask=STATX_ALL|STATX_MNT_ID|STATX_SUBVOL, stx_attributes=0, stx_mode=S_IFREG|0644, stx_size=1456573, ...}) = 0
futex(0x5570680f1400, FUTEX_WAKE_PRIVATE, 1) = 0
futex(0x5570680f1400, FUTEX_WAKE_PRIVATE, 1) = 0
statx(AT_FDCWD, "/home/xolra0d/dev/databases/touchhouse/target/debug/.fingerprint/futures-task-ed65d84addaaa1fb/output-lib-futures_task", AT_STATX_SYNC_AS_STAT, STATX_ALL, 0x7ffda6d4c020) = -1 ENOENT (No such file or directory)
statx(AT_FDCWD, "/home/xolra0d/dev/databases/touchhouse/target/debug/deps/libfutures_task-ed65d84addaaa1fb.rlib", AT_STATX_SYNC_AS_STAT, STATX_ALL, {stx_mask=STATX_ALL|STATX_MNT_ID|STATX_SUBVOL, stx_attributes=0, stx_mode=S_IFREG|0644, stx_size=175864, ...}) = 0
statx(AT_FDCWD, "/home/xolra0d/dev/databases/touchhouse/target/debug/deps/libfutures_task-ed65d84addaaa1fb.rmeta", AT_STATX_SYNC_AS_STAT, STATX_ALL, {stx_mask=STATX_ALL|STATX_MNT_ID|STATX_SUBVOL, stx_attributes=0, stx_mode=S_IFREG|0644, stx_size=90862, ...}) = 0
futex(0x5570680f1400, FUTEX_WAKE_PRIVATE, 1) = 0
futex(0x5570680f1400, FUTEX_WAKE_PRIVATE, 1) = 0
statx(AT_FDCWD, "/home/xolra0d/dev/databases/touchhouse/target/debug/.fingerprint/pin-utils-073730525382c2a0/output-lib-pin_utils", AT_STATX_SYNC_AS_STAT, STATX_ALL, 0x7ffda6d4c020) = -1 ENOENT (No such file or directory)
statx(AT_FDCWD, "/home/xolra0d/dev/databases/touchhouse/target/debug/deps/libpin_utils-073730525382c2a0.rlib", AT_STATX_SYNC_AS_STAT, STATX_ALL, {stx_mask=STATX_ALL|STATX_MNT_ID|STATX_SUBVOL, stx_attributes=0, stx_mode=S_IFREG|0644, stx_size=11052, ...}) = 0
statx(AT_FDCWD, "/home/xolra0d/dev/databases/touchhouse/target/debug/deps/libpin_utils-073730525382c2a0.rmeta", AT_STATX_SYNC_AS_STAT, STATX_ALL, {stx_mask=STATX_ALL|STATX_MNT_ID|STATX_SUBVOL, stx_attributes=0, stx_mode=S_IFREG|0644, stx_size=9534, ...}) = 0
futex(0x5570680f1400, FUTEX_WAKE_PRIVATE, 1) = 0
futex(0x5570680f1400, FUTEX_WAKE_PRIVATE, 1) = 0
statx(AT_FDCWD, "/home/xolra0d/dev/databases/touchhouse/target/debug/.fingerprint/parking_lot_core-a1f54925c42d264a/output-build-script-build-script-build", AT_STATX_SYNC_AS_STAT, STATX_ALL, 0x7ffda6d4c020) = -1 ENOENT (No such file or directory)
statx(AT_FDCWD, "/home/xolra0d/dev/databases/touchhouse/target/debug/build/parking_lot_core-a1f54925c42d264a/build_script_build-a1f54925c42d264a", AT_STATX_SYNC_AS_STAT, STATX_ALL, {stx_mask=STATX_ALL|STATX_MNT_ID|STATX_SUBVOL, stx_attributes=0, stx_mode=S_IFREG|0755, stx_size=3913624, ...}) = 0
openat(AT_FDCWD, "/home/xolra0d/dev/databases/touchhouse/target/debug/build/parking_lot_core-a1f54925c42d264a/build_script_build-a1f54925c42d264a", O_RDONLY|O_CLOEXEC) = 12
statx(12, "", AT_STATX_SYNC_AS_STAT|AT_EMPTY_PATH, STATX_ALL, {stx_mask=STATX_ALL|STATX_MNT_ID|STATX_SUBVOL, stx_attributes=0, stx_mode=S_IFREG|0755, stx_size=3913624, ...}) = 0
openat(AT_FDCWD, "/home/xolra0d/dev/databases/touchhouse/target/debug/build/parking_lot_core-a1f54925c42d264a/build-script-build", O_RDONLY|O_CLOEXEC) = 13
statx(13, "", AT_STATX_SYNC_AS_STAT|AT_EMPTY_PATH, STATX_ALL, {stx_mask=STATX_ALL|STATX_MNT_ID|STATX_SUBVOL, stx_attributes=0, stx_mode=S_IFREG|0755, stx_size=3913624, ...}) = 0
close(13)                               = 0
close(12)                               = 0
statx(AT_FDCWD, "/home/xolra0d/dev/databases/touchhouse/target/debug/build/parking_lot_core-a1f54925c42d264a/build_script_build-a1f54925c42d264a.dwp", AT_STATX_SYNC_AS_STAT, STATX_ALL, 0x7ffda6d4be10) = -1 ENOENT (No such file or directory)
futex(0x5570680f1400, FUTEX_WAKE_PRIVATE, 1) = 0
statx(AT_FDCWD, "/home/xolra0d/dev/databases/touchhouse/target/debug/.fingerprint/utf8parse-517ef49b4e1f5802/output-lib-utf8parse", AT_STATX_SYNC_AS_STAT, STATX_ALL, 0x7ffda6d4c020) = -1 ENOENT (No such file or directory)
statx(AT_FDCWD, "/home/xolra0d/dev/databases/touchhouse/target/debug/deps/libutf8parse-517ef49b4e1f5802.rlib", AT_STATX_SYNC_AS_STAT, STATX_ALL, {stx_mask=STATX_ALL|STATX_MNT_ID|STATX_SUBVOL, stx_attributes=0, stx_mode=S_IFREG|0644, stx_size=34730, ...}) = 0
statx(AT_FDCWD, "/home/xolra0d/dev/databases/touchhouse/target/debug/deps/libutf8parse-517ef49b4e1f5802.rmeta", AT_STATX_SYNC_AS_STAT, STATX_ALL, {stx_mask=STATX_ALL|STATX_MNT_ID|STATX_SUBVOL, stx_attributes=0, stx_mode=S_IFREG|0644, stx_size=30545, ...}) = 0
futex(0x5570680f1400, FUTEX_WAKE_PRIVATE, 1) = 0
futex(0x5570680f1400, FUTEX_WAKE_PRIVATE, 1) = 0
futex(0x5570680f1404, FUTEX_WAKE_PRIVATE, 2147483647) = 0
futex(0x5570680eb8a8, FUTEX_WAKE_PRIVATE, 1) = 0
futex(0x5570680eb8a8, FUTEX_WAKE_PRIVATE, 1) = 0
futex(0x5570680eb8a8, FUTEX_WAKE_PRIVATE, 1) = 0
futex(0x5570680eb8a8, FUTEX_WAKE_PRIVATE, 1) = 0
futex(0x5570680eb8a8, FUTEX_WAKE_PRIVATE, 1) = 0
futex(0x5570680eb8a8, FUTEX_WAKE_PRIVATE, 1) = 0
futex(0x5570680eb8a8, FUTEX_WAKE_PRIVATE, 1) = 0
futex(0x5570680eb8a8, FUTEX_WAKE_PRIVATE, 1) = 0
futex(0x5570680eb8a8, FUTEX_WAKE_PRIVATE, 1) = 0
futex(0x5570680eb8a8, FUTEX_WAKE_PRIVATE, 1) = 0
futex(0x5570680eb8a8, FUTEX_WAKE_PRIVATE, 1) = 0
futex(0x5570680eb8a8, FUTEX_WAKE_PRIVATE, 1) = 0
futex(0x5570680eb8a8, FUTEX_WAKE_PRIVATE, 1) = 0
futex(0x5570680eb8a8, FUTEX_WAKE_PRIVATE, 1) = 0
statx(AT_FDCWD, "/home/xolra0d/dev/databases/touchhouse/target/debug/.fingerprint/proc-macro2-af8d234f1477174d/output-lib-proc_macro2", AT_STATX_SYNC_AS_STAT, STATX_ALL, 0x7ffda6d4c020) = -1 ENOENT (No such file or directory)
statx(AT_FDCWD, "/home/xolra0d/dev/databases/touchhouse/target/debug/deps/libproc_macro2-af8d234f1477174d.rlib", AT_STATX_SYNC_AS_STAT, STATX_ALL, {stx_mask=STATX_ALL|STATX_MNT_ID|STATX_SUBVOL, stx_attributes=0, stx_mode=S_IFREG|0644, stx_size=1192310, ...}) = 0
statx(AT_FDCWD, "/home/xolra0d/dev/databases/touchhouse/target/debug/deps/libproc_macro2-af8d234f1477174d.rmeta", AT_STATX_SYNC_AS_STAT, STATX_ALL, {stx_mask=STATX_ALL|STATX_MNT_ID|STATX_SUBVOL, stx_attributes=0, stx_mode=S_IFREG|0644, stx_size=329860, ...}) = 0
futex(0x5570680f1400, FUTEX_WAKE_PRIVATE, 1) = 0
futex(0x5570680f1400, FUTEX_WAKE_PRIVATE, 1) = 0
futex(0x5570680f1400, FUTEX_WAKE_PRIVATE, 1) = 0
futex(0x5570680f1400, FUTEX_WAKE_PRIVATE, 1) = 0
statx(AT_FDCWD, "/home/xolra0d/dev/databases/touchhouse/target/debug/.fingerprint/cc-26a351ee80f4ae87/output-lib-cc", AT_STATX_SYNC_AS_STAT, STATX_ALL, 0x7ffda6d4c020) = -1 ENOENT (No such file or directory)
statx(AT_FDCWD, "/home/xolra0d/dev/databases/touchhouse/target/debug/deps/libcc-26a351ee80f4ae87.rlib", AT_STATX_SYNC_AS_STAT, STATX_ALL, {stx_mask=STATX_ALL|STATX_MNT_ID|STATX_SUBVOL, stx_attributes=0, stx_mode=S_IFREG|0644, stx_size=2842150, ...}) = 0
statx(AT_FDCWD, "/home/xolra0d/dev/databases/touchhouse/target/debug/deps/libcc-26a351ee80f4ae87.rmeta", AT_STATX_SYNC_AS_STAT, STATX_ALL, {stx_mask=STATX_ALL|STATX_MNT_ID|STATX_SUBVOL, stx_attributes=0, stx_mode=S_IFREG|0644, stx_size=408620, ...}) = 0
futex(0x5570680f1400, FUTEX_WAKE_PRIVATE, 1) = 0
futex(0x5570680f1400, FUTEX_WAKE_PRIVATE, 1) = 0
futex(0x5570680f1400, FUTEX_WAKE_PRIVATE, 1) = 0
futex(0x5570680f1400, FUTEX_WAKE_PRIVATE, 1) = 0
futex(0x5570680f1400, FUTEX_WAKE_PRIVATE, 1) = 0
statx(AT_FDCWD, "/home/xolra0d/dev/databases/touchhouse/target/debug/.fingerprint/aho-corasick-6938f3446a0301b6/output-lib-aho_corasick", AT_STATX_SYNC_AS_STAT, STATX_ALL, 0x7ffda6d4c020) = -1 ENOENT (No such file or directory)
statx(AT_FDCWD, "/home/xolra0d/dev/databases/touchhouse/target/debug/deps/libaho_corasick-6938f3446a0301b6.rlib", AT_STATX_SYNC_AS_STAT, STATX_ALL, {stx_mask=STATX_ALL|STATX_MNT_ID|STATX_SUBVOL, stx_attributes=0, stx_mode=S_IFREG|0644, stx_size=10498704, ...}) = 0
statx(AT_FDCWD, "/home/xolra0d/dev/databases/touchhouse/target/debug/deps/libaho_corasick-6938f3446a0301b6.rmeta", AT_STATX_SYNC_AS_STAT, STATX_ALL, {stx_mask=STATX_ALL|STATX_MNT_ID|STATX_SUBVOL, stx_attributes=0, stx_mode=S_IFREG|0644, stx_size=1844326, ...}) = 0
futex(0x5570680f1400, FUTEX_WAKE_PRIVATE, 1) = 0
futex(0x5570680f1400, FUTEX_WAKE_PRIVATE, 1) = 0
statx(AT_FDCWD, "/home/xolra0d/dev/databases/touchhouse/target/debug/.fingerprint/num-traits-c8ee99d941d7a70f/output-build-script-build-script-build", AT_STATX_SYNC_AS_STAT, STATX_ALL, 0x7ffda6d4c020) = -1 ENOENT (No such file or directory)
statx(AT_FDCWD, "/home/xolra0d/dev/databases/touchhouse/target/debug/build/num-traits-c8ee99d941d7a70f/build_script_build-c8ee99d941d7a70f", AT_STATX_SYNC_AS_STAT, STATX_ALL, {stx_mask=STATX_ALL|STATX_MNT_ID|STATX_SUBVOL, stx_attributes=0, stx_mode=S_IFREG|0755, stx_size=4179784, ...}) = 0
openat(AT_FDCWD, "/home/xolra0d/dev/databases/touchhouse/target/debug/build/num-traits-c8ee99d941d7a70f/build_script_build-c8ee99d941d7a70f", O_RDONLY|O_CLOEXEC) = 12
statx(12, "", AT_STATX_SYNC_AS_STAT|AT_EMPTY_PATH, STATX_ALL, {stx_mask=STATX_ALL|STATX_MNT_ID|STATX_SUBVOL, stx_attributes=0, stx_mode=S_IFREG|0755, stx_size=4179784, ...}) = 0
openat(AT_FDCWD, "/home/xolra0d/dev/databases/touchhouse/target/debug/build/num-traits-c8ee99d941d7a70f/build-script-build", O_RDONLY|O_CLOEXEC) = 13
statx(13, "", AT_STATX_SYNC_AS_STAT|AT_EMPTY_PATH, STATX_ALL, {stx_mask=STATX_ALL|STATX_MNT_ID|STATX_SUBVOL, stx_attributes=0, stx_mode=S_IFREG|0755, stx_size=4179784, ...}) = 0
close(13)                               = 0
close(12)                               = 0
statx(AT_FDCWD, "/home/xolra0d/dev/databases/touchhouse/target/debug/build/num-traits-c8ee99d941d7a70f/build_script_build-c8ee99d941d7a70f.dwp", AT_STATX_SYNC_AS_STAT, STATX_ALL, 0x7ffda6d4be10) = -1 ENOENT (No such file or directory)
futex(0x5570680f1400, FUTEX_WAKE_PRIVATE, 1) = 0
futex(0x5570680f1400, FUTEX_WAKE_PRIVATE, 1) = 0
statx(AT_FDCWD, "/home/xolra0d/dev/databases/touchhouse/target/debug/.fingerprint/futures-channel-96dadfa40e61a835/output-lib-futures_channel", AT_STATX_SYNC_AS_STAT, STATX_ALL, 0x7ffda6d4c020) = -1 ENOENT (No such file or directory)
statx(AT_FDCWD, "/home/xolra0d/dev/databases/touchhouse/target/debug/deps/libfutures_channel-96dadfa40e61a835.rlib", AT_STATX_SYNC_AS_STAT, STATX_ALL, {stx_mask=STATX_ALL|STATX_MNT_ID|STATX_SUBVOL, stx_attributes=0, stx_mode=S_IFREG|0644, stx_size=262154, ...}) = 0
statx(AT_FDCWD, "/home/xolra0d/dev/databases/touchhouse/target/debug/deps/libfutures_channel-96dadfa40e61a835.rmeta", AT_STATX_SYNC_AS_STAT, STATX_ALL, {stx_mask=STATX_ALL|STATX_MNT_ID|STATX_SUBVOL, stx_attributes=0, stx_mode=S_IFREG|0644, stx_size=233481, ...}) = 0
futex(0x5570680f1400, FUTEX_WAKE_PRIVATE, 1) = 0
futex(0x5570680f1400, FUTEX_WAKE_PRIVATE, 1) = 0
statx(AT_FDCWD, "/home/xolra0d/dev/databases/touchhouse/target/debug/.fingerprint/slab-4d8cc6521daa22bd/output-lib-slab", AT_STATX_SYNC_AS_STAT, STATX_ALL, 0x7ffda6d4c020) = -1 ENOENT (No such file or directory)
statx(AT_FDCWD, "/home/xolra0d/dev/databases/touchhouse/target/debug/deps/libslab-4d8cc6521daa22bd.rlib", AT_STATX_SYNC_AS_STAT, STATX_ALL, {stx_mask=STATX_ALL|STATX_MNT_ID|STATX_SUBVOL, stx_attributes=0, stx_mode=S_IFREG|0644, stx_size=148856, ...}) = 0
statx(AT_FDCWD, "/home/xolra0d/dev/databases/touchhouse/target/debug/deps/libslab-4d8cc6521daa22bd.rmeta", AT_STATX_SYNC_AS_STAT, STATX_ALL, {stx_mask=STATX_ALL|STATX_MNT_ID|STATX_SUBVOL, stx_attributes=0, stx_mode=S_IFREG|0644, stx_size=141989, ...}) = 0
futex(0x5570680f1400, FUTEX_WAKE_PRIVATE, 1) = 0
futex(0x5570680f1400, FUTEX_WAKE_PRIVATE, 1) = 0
statx(AT_FDCWD, "/home/xolra0d/dev/databases/touchhouse/target/debug/.fingerprint/rayon-core-1bc1ef21b7aae4c0/output-build-script-build-script-build", AT_STATX_SYNC_AS_STAT, STATX_ALL, 0x7ffda6d4c020) = -1 ENOENT (No such file or directory)
statx(AT_FDCWD, "/home/xolra0d/dev/databases/touchhouse/target/debug/build/rayon-core-1bc1ef21b7aae4c0/build_script_build-1bc1ef21b7aae4c0", AT_STATX_SYNC_AS_STAT, STATX_ALL, {stx_mask=STATX_ALL|STATX_MNT_ID|STATX_SUBVOL, stx_attributes=0, stx_mode=S_IFREG|0755, stx_size=3878200, ...}) = 0
openat(AT_FDCWD, "/home/xolra0d/dev/databases/touchhouse/target/debug/build/rayon-core-1bc1ef21b7aae4c0/build_script_build-1bc1ef21b7aae4c0", O_RDONLY|O_CLOEXEC) = 12
statx(12, "", AT_STATX_SYNC_AS_STAT|AT_EMPTY_PATH, STATX_ALL, {stx_mask=STATX_ALL|STATX_MNT_ID|STATX_SUBVOL, stx_attributes=0, stx_mode=S_IFREG|0755, stx_size=3878200, ...}) = 0
openat(AT_FDCWD, "/home/xolra0d/dev/databases/touchhouse/target/debug/build/rayon-core-1bc1ef21b7aae4c0/build-script-build", O_RDONLY|O_CLOEXEC) = 13
statx(13, "", AT_STATX_SYNC_AS_STAT|AT_EMPTY_PATH, STATX_ALL, {stx_mask=STATX_ALL|STATX_MNT_ID|STATX_SUBVOL, stx_attributes=0, stx_mode=S_IFREG|0755, stx_size=3878200, ...}) = 0
close(13)                               = 0
close(12)                               = 0
statx(AT_FDCWD, "/home/xolra0d/dev/databases/touchhouse/target/debug/build/rayon-core-1bc1ef21b7aae4c0/build_script_build-1bc1ef21b7aae4c0.dwp", AT_STATX_SYNC_AS_STAT, STATX_ALL, 0x7ffda6d4be10) = -1 ENOENT (No such file or directory)
futex(0x5570680f1400, FUTEX_WAKE_PRIVATE, 1) = 0
statx(AT_FDCWD, "/home/xolra0d/dev/databases/touchhouse/target/debug/.fingerprint/futures-io-c30d8397f181e843/output-lib-futures_io", AT_STATX_SYNC_AS_STAT, STATX_ALL, 0x7ffda6d4c020) = -1 ENOENT (No such file or directory)
statx(AT_FDCWD, "/home/xolra0d/dev/databases/touchhouse/target/debug/deps/libfutures_io-c30d8397f181e843.rlib", AT_STATX_SYNC_AS_STAT, STATX_ALL, {stx_mask=STATX_ALL|STATX_MNT_ID|STATX_SUBVOL, stx_attributes=0, stx_mode=S_IFREG|0644, stx_size=206658, ...}) = 0
statx(AT_FDCWD, "/home/xolra0d/dev/databases/touchhouse/target/debug/deps/libfutures_io-c30d8397f181e843.rmeta", AT_STATX_SYNC_AS_STAT, STATX_ALL, {stx_mask=STATX_ALL|STATX_MNT_ID|STATX_SUBVOL, stx_attributes=0, stx_mode=S_IFREG|0644, stx_size=66745, ...}) = 0
futex(0x5570680f1400, FUTEX_WAKE_PRIVATE, 1) = 0
futex(0x5570680f1400, FUTEX_WAKE_PRIVATE, 1) = 0
statx(AT_FDCWD, "/home/xolra0d/dev/databases/touchhouse/target/debug/.fingerprint/simdutf8-3d9ea1debb77eb74/output-lib-simdutf8", AT_STATX_SYNC_AS_STAT, STATX_ALL, 0x7ffda6d4c020) = -1 ENOENT (No such file or directory)
statx(AT_FDCWD, "/home/xolra0d/dev/databases/touchhouse/target/debug/deps/libsimdutf8-3d9ea1debb77eb74.rlib", AT_STATX_SYNC_AS_STAT, STATX_ALL, {stx_mask=STATX_ALL|STATX_MNT_ID|STATX_SUBVOL, stx_attributes=0, stx_mode=S_IFREG|0644, stx_size=143366, ...}) = 0
statx(AT_FDCWD, "/home/xolra0d/dev/databases/touchhouse/target/debug/deps/libsimdutf8-3d9ea1debb77eb74.rmeta", AT_STATX_SYNC_AS_STAT, STATX_ALL, {stx_mask=STATX_ALL|STATX_MNT_ID|STATX_SUBVOL, stx_attributes=0, stx_mode=S_IFREG|0644, stx_size=121436, ...}) = 0
futex(0x5570680f1400, FUTEX_WAKE_PRIVATE, 1) = 0
futex(0x5570680f1400, FUTEX_WAKE_PRIVATE, 1) = 0
statx(AT_FDCWD, "/home/xolra0d/dev/databases/touchhouse/target/debug/.fingerprint/log-8ed15adbf13f2eaf/output-lib-log", AT_STATX_SYNC_AS_STAT, STATX_ALL, 0x7ffda6d4c020) = -1 ENOENT (No such file or directory)
statx(AT_FDCWD, "/home/xolra0d/dev/databases/touchhouse/target/debug/deps/liblog-8ed15adbf13f2eaf.rlib", AT_STATX_SYNC_AS_STAT, STATX_ALL, {stx_mask=STATX_ALL|STATX_MNT_ID|STATX_SUBVOL, stx_attributes=0, stx_mode=S_IFREG|0644, stx_size=368918, ...}) = 0
statx(AT_FDCWD, "/home/xolra0d/dev/databases/touchhouse/target/debug/deps/liblog-8ed15adbf13f2eaf.rmeta", AT_STATX_SYNC_AS_STAT, STATX_ALL, {stx_mask=STATX_ALL|STATX_MNT_ID|STATX_SUBVOL, stx_attributes=0, stx_mode=S_IFREG|0644, stx_size=201213, ...}) = 0
futex(0x5570680f1400, FUTEX_WAKE_PRIVATE, 1) = 0
futex(0x5570680f1400, FUTEX_WAKE_PRIVATE, 1) = 0
futex(0x5570680f1400, FUTEX_WAKE_PRIVATE, 1) = 0
statx(AT_FDCWD, "/home/xolra0d/dev/databases/touchhouse/target/debug/.fingerprint/anstyle-parse-87c0183a65e5c70e/output-lib-anstyle_parse", AT_STATX_SYNC_AS_STAT, STATX_ALL, 0x7ffda6d4c020) = -1 ENOENT (No such file or directory)
statx(AT_FDCWD, "/home/xolra0d/dev/databases/touchhouse/target/debug/deps/libanstyle_parse-87c0183a65e5c70e.rlib", AT_STATX_SYNC_AS_STAT, STATX_ALL, {stx_mask=STATX_ALL|STATX_MNT_ID|STATX_SUBVOL, stx_attributes=0, stx_mode=S_IFREG|0644, stx_size=247754, ...}) = 0
statx(AT_FDCWD, "/home/xolra0d/dev/databases/touchhouse/target/debug/deps/libanstyle_parse-87c0183a65e5c70e.rmeta", AT_STATX_SYNC_AS_STAT, STATX_ALL, {stx_mask=STATX_ALL|STATX_MNT_ID|STATX_SUBVOL, stx_attributes=0, stx_mode=S_IFREG|0644, stx_size=166468, ...}) = 0
futex(0x5570680f1400, FUTEX_WAKE_PRIVATE, 1) = 0
futex(0x5570680f1400, FUTEX_WAKE_PRIVATE, 1) = 0
statx(AT_FDCWD, "/home/xolra0d/dev/databases/touchhouse/target/debug/.fingerprint/smallvec-4c1e029acc7d9e07/output-lib-smallvec", AT_STATX_SYNC_AS_STAT, STATX_ALL, 0x7ffda6d4c020) = -1 ENOENT (No such file or directory)
statx(AT_FDCWD, "/home/xolra0d/dev/databases/touchhouse/target/debug/deps/libsmallvec-4c1e029acc7d9e07.rlib", AT_STATX_SYNC_AS_STAT, STATX_ALL, {stx_mask=STATX_ALL|STATX_MNT_ID|STATX_SUBVOL, stx_attributes=0, stx_mode=S_IFREG|0644, stx_size=280680, ...}) = 0
statx(AT_FDCWD, "/home/xolra0d/dev/databases/touchhouse/target/debug/deps/libsmallvec-4c1e029acc7d9e07.rmeta", AT_STATX_SYNC_AS_STAT, STATX_ALL, {stx_mask=STATX_ALL|STATX_MNT_ID|STATX_SUBVOL, stx_attributes=0, stx_mode=S_IFREG|0644, stx_size=248679, ...}) = 0
futex(0x5570680f1400, FUTEX_WAKE_PRIVATE, 1) = 0
futex(0x5570680f1400, FUTEX_WAKE_PRIVATE, 1) = 0
statx(AT_FDCWD, "/home/xolra0d/dev/databases/touchhouse/target/debug/.fingerprint/colorchoice-1583d52e88a79c92/output-lib-colorchoice", AT_STATX_SYNC_AS_STAT, STATX_ALL, 0x7ffda6d4c020) = -1 ENOENT (No such file or directory)
statx(AT_FDCWD, "/home/xolra0d/dev/databases/touchhouse/target/debug/deps/libcolorchoice-1583d52e88a79c92.rlib", AT_STATX_SYNC_AS_STAT, STATX_ALL, {stx_mask=STATX_ALL|STATX_MNT_ID|STATX_SUBVOL, stx_attributes=0, stx_mode=S_IFREG|0644, stx_size=42782, ...}) = 0
statx(AT_FDCWD, "/home/xolra0d/dev/databases/touchhouse/target/debug/deps/libcolorchoice-1583d52e88a79c92.rmeta", AT_STATX_SYNC_AS_STAT, STATX_ALL, {stx_mask=STATX_ALL|STATX_MNT_ID|STATX_SUBVOL, stx_attributes=0, stx_mode=S_IFREG|0644, stx_size=12496, ...}) = 0
futex(0x5570680f1400, FUTEX_WAKE_PRIVATE, 1) = 0
futex(0x5570680f1400, FUTEX_WAKE_PRIVATE, 1) = 0
statx(AT_FDCWD, "/home/xolra0d/dev/databases/touchhouse/target/debug/.fingerprint/winnow-23e4d8354977cf54/output-lib-winnow", AT_STATX_SYNC_AS_STAT, STATX_ALL, 0x7ffda6d4c020) = -1 ENOENT (No such file or directory)
statx(AT_FDCWD, "/home/xolra0d/dev/databases/touchhouse/target/debug/deps/libwinnow-23e4d8354977cf54.rlib", AT_STATX_SYNC_AS_STAT, STATX_ALL, {stx_mask=STATX_ALL|STATX_MNT_ID|STATX_SUBVOL, stx_attributes=0, stx_mode=S_IFREG|0644, stx_size=3533032, ...}) = 0
statx(AT_FDCWD, "/home/xolra0d/dev/databases/touchhouse/target/debug/deps/libwinnow-23e4d8354977cf54.rmeta", AT_STATX_SYNC_AS_STAT, STATX_ALL, {stx_mask=STATX_ALL|STATX_MNT_ID|STATX_SUBVOL, stx_attributes=0, stx_mode=S_IFREG|0644, stx_size=3176723, ...}) = 0
futex(0x5570680f1400, FUTEX_WAKE_PRIVATE, 1) = 0
futex(0x5570680f1400, FUTEX_WAKE_PRIVATE, 1) = 0
futex(0x5570680f1404, FUTEX_WAKE_PRIVATE, 2147483647) = 0
futex(0x5570680eb8a8, FUTEX_WAKE_PRIVATE, 1) = 0
futex(0x5570680eb8a8, FUTEX_WAKE_PRIVATE, 1) = 0
futex(0x5570680eb8a8, FUTEX_WAKE_PRIVATE, 1) = 0
futex(0x5570680eb8a8, FUTEX_WAKE_PRIVATE, 1) = 0
futex(0x5570680eb8a8, FUTEX_WAKE_PRIVATE, 1) = 0
futex(0x5570680eb8a8, FUTEX_WAKE_PRIVATE, 1) = 0
futex(0x5570680eb8a8, FUTEX_WAKE_PRIVATE, 1) = 0
futex(0x5570680eb8a8, FUTEX_WAKE_PRIVATE, 1) = 0
futex(0x5570680eb8a8, FUTEX_WAKE_PRIVATE, 1) = 0
futex(0x5570680eb8a8, FUTEX_WAKE_PRIVATE, 1) = 0
futex(0x5570680eb8a8, FUTEX_WAKE_PRIVATE, 1) = 0
futex(0x5570680eb8a8, FUTEX_WAKE_PRIVATE, 1) = 0
statx(AT_FDCWD, "/home/xolra0d/dev/databases/touchhouse/target/debug/.fingerprint/quote-02fd0fd45c0c67d3/output-lib-quote", AT_STATX_SYNC_AS_STAT, STATX_ALL, 0x7ffda6d4c020) = -1 ENOENT (No such file or directory)
statx(AT_FDCWD, "/home/xolra0d/dev/databases/touchhouse/target/debug/deps/libquote-02fd0fd45c0c67d3.rlib", AT_STATX_SYNC_AS_STAT, STATX_ALL, {stx_mask=STATX_ALL|STATX_MNT_ID|STATX_SUBVOL, stx_attributes=0, stx_mode=S_IFREG|0644, stx_size=553018, ...}) = 0
statx(AT_FDCWD, "/home/xolra0d/dev/databases/touchhouse/target/debug/deps/libquote-02fd0fd45c0c67d3.rmeta", AT_STATX_SYNC_AS_STAT, STATX_ALL, {stx_mask=STATX_ALL|STATX_MNT_ID|STATX_SUBVOL, stx_attributes=0, stx_mode=S_IFREG|0644, stx_size=269299, ...}) = 0
futex(0x5570680f1400, FUTEX_WAKE_PRIVATE, 1) = 0
futex(0x5570680f1400, FUTEX_WAKE_PRIVATE, 1) = 0
statx(AT_FDCWD, "/home/xolra0d/dev/databases/touchhouse/target/debug/.fingerprint/libc-3fe167bac929cc8a/output-lib-libc", AT_STATX_SYNC_AS_STAT, STATX_ALL, 0x7ffda6d4c020) = -1 ENOENT (No such file or directory)
statx(AT_FDCWD, "/home/xolra0d/dev/databases/touchhouse/target/debug/deps/liblibc-3fe167bac929cc8a.rlib", AT_STATX_SYNC_AS_STAT, STATX_ALL, {stx_mask=STATX_ALL|STATX_MNT_ID|STATX_SUBVOL, stx_attributes=0, stx_mode=S_IFREG|0644, stx_size=4100692, ...}) = 0
statx(AT_FDCWD, "/home/xolra0d/dev/databases/touchhouse/target/debug/deps/liblibc-3fe167bac929cc8a.rmeta", AT_STATX_SYNC_AS_STAT, STATX_ALL, {stx_mask=STATX_ALL|STATX_MNT_ID|STATX_SUBVOL, stx_attributes=0, stx_mode=S_IFREG|0644, stx_size=4055857, ...}) = 0
futex(0x5570680f1400, FUTEX_WAKE_PRIVATE, 1) = 0
futex(0x5570680f1400, FUTEX_WAKE_PRIVATE, 1) = 0
statx(AT_FDCWD, "/home/xolra0d/dev/databases/touchhouse/target/debug/.fingerprint/serde_core-d4a722a22773e376/output-lib-serde_core", AT_STATX_SYNC_AS_STAT, STATX_ALL, 0x7ffda6d4c020) = -1 ENOENT (No such file or directory)
statx(AT_FDCWD, "/home/xolra0d/dev/databases/touchhouse/target/debug/deps/libserde_core-d4a722a22773e376.rlib", AT_STATX_SYNC_AS_STAT, STATX_ALL, {stx_mask=STATX_ALL|STATX_MNT_ID|STATX_SUBVOL, stx_attributes=0, stx_mode=S_IFREG|0644, stx_size=5266698, ...}) = 0
statx(AT_FDCWD, "/home/xolra0d/dev/databases/touchhouse/target/debug/deps/libserde_core-d4a722a22773e376.rmeta", AT_STATX_SYNC_AS_STAT, STATX_ALL, {stx_mask=STATX_ALL|STATX_MNT_ID|STATX_SUBVOL, stx_attributes=0, stx_mode=S_IFREG|0644, stx_size=4740216, ...}) = 0
futex(0x5570680f1400, FUTEX_WAKE_PRIVATE, 1) = 0
futex(0x5570680f1400, FUTEX_WAKE_PRIVATE, 1) = 0
statx(AT_FDCWD, "/home/xolra0d/dev/databases/touchhouse/target/debug/.fingerprint/crossbeam-utils-8775055eb4b1a9f1/output-lib-crossbeam_utils", AT_STATX_SYNC_AS_STAT, STATX_ALL, 0x7ffda6d4c020) = -1 ENOENT (No such file or directory)
statx(AT_FDCWD, "/home/xolra0d/dev/databases/touchhouse/target/debug/deps/libcrossbeam_utils-8775055eb4b1a9f1.rlib", AT_STATX_SYNC_AS_STAT, STATX_ALL, {stx_mask=STATX_ALL|STATX_MNT_ID|STATX_SUBVOL, stx_attributes=0, stx_mode=S_IFREG|0644, stx_size=1310284, ...}) = 0
statx(AT_FDCWD, "/home/xolra0d/dev/databases/touchhouse/target/debug/deps/libcrossbeam_utils-8775055eb4b1a9f1.rmeta", AT_STATX_SYNC_AS_STAT, STATX_ALL, {stx_mask=STATX_ALL|STATX_MNT_ID|STATX_SUBVOL, stx_attributes=0, stx_mode=S_IFREG|0644, stx_size=773344, ...}) = 0
futex(0x5570680f1400, FUTEX_WAKE_PRIVATE, 1) = 0
futex(0x5570680f1400, FUTEX_WAKE_PRIVATE, 1) = 0
statx(AT_FDCWD, "/home/xolra0d/dev/databases/touchhouse/target/debug/.fingerprint/psm-89a6876fe3ebfa59/output-build-script-build-script-build", AT_STATX_SYNC_AS_STAT, STATX_ALL, 0x7ffda6d4c020) = -1 ENOENT (No such file or directory)
statx(AT_FDCWD, "/home/xolra0d/dev/databases/touchhouse/target/debug/build/psm-89a6876fe3ebfa59/build_script_build-89a6876fe3ebfa59", AT_STATX_SYNC_AS_STAT, STATX_ALL, {stx_mask=STATX_ALL|STATX_MNT_ID|STATX_SUBVOL, stx_attributes=0, stx_mode=S_IFREG|0755, stx_size=5060160, ...}) = 0
openat(AT_FDCWD, "/home/xolra0d/dev/databases/touchhouse/target/debug/build/psm-89a6876fe3ebfa59/build_script_build-89a6876fe3ebfa59", O_RDONLY|O_CLOEXEC) = 12
statx(12, "", AT_STATX_SYNC_AS_STAT|AT_EMPTY_PATH, STATX_ALL, {stx_mask=STATX_ALL|STATX_MNT_ID|STATX_SUBVOL, stx_attributes=0, stx_mode=S_IFREG|0755, stx_size=5060160, ...}) = 0
openat(AT_FDCWD, "/home/xolra0d/dev/databases/touchhouse/target/debug/build/psm-89a6876fe3ebfa59/build-script-build", O_RDONLY|O_CLOEXEC) = 13
statx(13, "", AT_STATX_SYNC_AS_STAT|AT_EMPTY_PATH, STATX_ALL, {stx_mask=STATX_ALL|STATX_MNT_ID|STATX_SUBVOL, stx_attributes=0, stx_mode=S_IFREG|0755, stx_size=5060160, ...}) = 0
close(13)                               = 0
close(12)                               = 0
statx(AT_FDCWD, "/home/xolra0d/dev/databases/touchhouse/target/debug/build/psm-89a6876fe3ebfa59/build_script_build-89a6876fe3ebfa59.dwp", AT_STATX_SYNC_AS_STAT, STATX_ALL, 0x7ffda6d4be10) = -1 ENOENT (No such file or directory)
futex(0x5570680f1400, FUTEX_WAKE_PRIVATE, 1) = 0
statx(AT_FDCWD, "/home/xolra0d/dev/databases/touchhouse/target/debug/.fingerprint/stacker-0ea011f9a182b54c/output-build-script-build-script-build", AT_STATX_SYNC_AS_STAT, STATX_ALL, 0x7ffda6d4c020) = -1 ENOENT (No such file or directory)
statx(AT_FDCWD, "/home/xolra0d/dev/databases/touchhouse/target/debug/build/stacker-0ea011f9a182b54c/build_script_build-0ea011f9a182b54c", AT_STATX_SYNC_AS_STAT, STATX_ALL, {stx_mask=STATX_ALL|STATX_MNT_ID|STATX_SUBVOL, stx_attributes=0, stx_mode=S_IFREG|0755, stx_size=5049704, ...}) = 0
openat(AT_FDCWD, "/home/xolra0d/dev/databases/touchhouse/target/debug/build/stacker-0ea011f9a182b54c/build_script_build-0ea011f9a182b54c", O_RDONLY|O_CLOEXEC) = 12
statx(12, "", AT_STATX_SYNC_AS_STAT|AT_EMPTY_PATH, STATX_ALL, {stx_mask=STATX_ALL|STATX_MNT_ID|STATX_SUBVOL, stx_attributes=0, stx_mode=S_IFREG|0755, stx_size=5049704, ...}) = 0
openat(AT_FDCWD, "/home/xolra0d/dev/databases/touchhouse/target/debug/build/stacker-0ea011f9a182b54c/build-script-build", O_RDONLY|O_CLOEXEC) = 13
statx(13, "", AT_STATX_SYNC_AS_STAT|AT_EMPTY_PATH, STATX_ALL, {stx_mask=STATX_ALL|STATX_MNT_ID|STATX_SUBVOL, stx_attributes=0, stx_mode=S_IFREG|0755, stx_size=5049704, ...}) = 0
close(13)                               = 0
close(12)                               = 0
statx(AT_FDCWD, "/home/xolra0d/dev/databases/touchhouse/target/debug/build/stacker-0ea011f9a182b54c/build_script_build-0ea011f9a182b54c.dwp", AT_STATX_SYNC_AS_STAT, STATX_ALL, 0x7ffda6d4be10) = -1 ENOENT (No such file or directory)
futex(0x5570680f1400, FUTEX_WAKE_PRIVATE, 1) = 0
futex(0x5570680f1400, FUTEX_WAKE_PRIVATE, 1) = 0
statx(AT_FDCWD, "/home/xolra0d/dev/databases/touchhouse/target/debug/.fingerprint/lz4-sys-cc8226347c842b2e/output-build-script-build-script-build", AT_STATX_SYNC_AS_STAT, STATX_ALL, 0x7ffda6d4c020) = -1 ENOENT (No such file or directory)
statx(AT_FDCWD, "/home/xolra0d/dev/databases/touchhouse/target/debug/build/lz4-sys-cc8226347c842b2e/build_script_build-cc8226347c842b2e", AT_STATX_SYNC_AS_STAT, STATX_ALL, {stx_mask=STATX_ALL|STATX_MNT_ID|STATX_SUBVOL, stx_attributes=0, stx_mode=S_IFREG|0755, stx_size=5094936, ...}) = 0
openat(AT_FDCWD, "/home/xolra0d/dev/databases/touchhouse/target/debug/build/lz4-sys-cc8226347c842b2e/build_script_build-cc8226347c842b2e", O_RDONLY|O_CLOEXEC) = 12
statx(12, "", AT_STATX_SYNC_AS_STAT|AT_EMPTY_PATH, STATX_ALL, {stx_mask=STATX_ALL|STATX_MNT_ID|STATX_SUBVOL, stx_attributes=0, stx_mode=S_IFREG|0755, stx_size=5094936, ...}) = 0
openat(AT_FDCWD, "/home/xolra0d/dev/databases/touchhouse/target/debug/build/lz4-sys-cc8226347c842b2e/build-script-build", O_RDONLY|O_CLOEXEC) = 13
statx(13, "", AT_STATX_SYNC_AS_STAT|AT_EMPTY_PATH, STATX_ALL, {stx_mask=STATX_ALL|STATX_MNT_ID|STATX_SUBVOL, stx_attributes=0, stx_mode=S_IFREG|0755, stx_size=5094936, ...}) = 0
close(13)                               = 0
close(12)                               = 0
statx(AT_FDCWD, "/home/xolra0d/dev/databases/touchhouse/target/debug/build/lz4-sys-cc8226347c842b2e/build_script_build-cc8226347c842b2e.dwp", AT_STATX_SYNC_AS_STAT, STATX_ALL, 0x7ffda6d4be10) = -1 ENOENT (No such file or directory)
futex(0x5570680f1400, FUTEX_WAKE_PRIVATE, 1) = 0
statx(AT_FDCWD, "/home/xolra0d/dev/databases/touchhouse/target/debug/.fingerprint/regex-automata-ccd48dc2fa4c8b2b/output-lib-regex_automata", AT_STATX_SYNC_AS_STAT, STATX_ALL, 0x7ffda6d4c020) = -1 ENOENT (No such file or directory)
statx(AT_FDCWD, "/home/xolra0d/dev/databases/touchhouse/target/debug/deps/libregex_automata-ccd48dc2fa4c8b2b.rlib", AT_STATX_SYNC_AS_STAT, STATX_ALL, {stx_mask=STATX_ALL|STATX_MNT_ID|STATX_SUBVOL, stx_attributes=0, stx_mode=S_IFREG|0644, stx_size=16561856, ...}) = 0
statx(AT_FDCWD, "/home/xolra0d/dev/databases/touchhouse/target/debug/deps/libregex_automata-ccd48dc2fa4c8b2b.rmeta", AT_STATX_SYNC_AS_STAT, STATX_ALL, {stx_mask=STATX_ALL|STATX_MNT_ID|STATX_SUBVOL, stx_attributes=0, stx_mode=S_IFREG|0644, stx_size=3219850, ...}) = 0
futex(0x5570680f1400, FUTEX_WAKE_PRIVATE, 1) = 0
futex(0x5570680f1400, FUTEX_WAKE_PRIVATE, 1) = 0
statx(AT_FDCWD, "/home/xolra0d/dev/databases/touchhouse/target/debug/.fingerprint/paste-577a69ce6fdefcf7/output-lib-paste", AT_STATX_SYNC_AS_STAT, STATX_ALL, 0x7ffda6d4c020) = -1 ENOENT (No such file or directory)
statx(AT_FDCWD, "/home/xolra0d/dev/databases/touchhouse/target/debug/deps/libpaste-577a69ce6fdefcf7.so", AT_STATX_SYNC_AS_STAT, STATX_ALL, {stx_mask=STATX_ALL|STATX_MNT_ID|STATX_SUBVOL, stx_attributes=0, stx_mode=S_IFREG|0755, stx_size=5018320, ...}) = 0
statx(AT_FDCWD, "/home/xolra0d/dev/databases/touchhouse/target/debug/deps/libpaste-577a69ce6fdefcf7.so.dwp", AT_STATX_SYNC_AS_STAT, STATX_ALL, 0x7ffda6d4be10) = -1 ENOENT (No such file or directory)
futex(0x5570680f1400, FUTEX_WAKE_PRIVATE, 1) = 0
futex(0x5570680f1400, FUTEX_WAKE_PRIVATE, 1) = 0
statx(AT_FDCWD, "/home/xolra0d/dev/databases/touchhouse/target/debug/.fingerprint/byteorder-62e10c80c1085550/output-lib-byteorder", AT_STATX_SYNC_AS_STAT, STATX_ALL, 0x7ffda6d4c020) = -1 ENOENT (No such file or directory)
statx(AT_FDCWD, "/home/xolra0d/dev/databases/touchhouse/target/debug/deps/libbyteorder-62e10c80c1085550.rlib", AT_STATX_SYNC_AS_STAT, STATX_ALL, {stx_mask=STATX_ALL|STATX_MNT_ID|STATX_SUBVOL, stx_attributes=0, stx_mode=S_IFREG|0644, stx_size=295632, ...}) = 0
statx(AT_FDCWD, "/home/xolra0d/dev/databases/touchhouse/target/debug/deps/libbyteorder-62e10c80c1085550.rmeta", AT_STATX_SYNC_AS_STAT, STATX_ALL, {stx_mask=STATX_ALL|STATX_MNT_ID|STATX_SUBVOL, stx_attributes=0, stx_mode=S_IFREG|0644, stx_size=283210, ...}) = 0
futex(0x5570680f1400, FUTEX_WAKE_PRIVATE, 1) = 0
futex(0x5570680f1400, FUTEX_WAKE_PRIVATE, 1) = 0
statx(AT_FDCWD, "/home/xolra0d/dev/databases/touchhouse/target/debug/.fingerprint/anstyle-query-836541f5101d717c/output-lib-anstyle_query", AT_STATX_SYNC_AS_STAT, STATX_ALL, 0x7ffda6d4c020) = -1 ENOENT (No such file or directory)
statx(AT_FDCWD, "/home/xolra0d/dev/databases/touchhouse/target/debug/deps/libanstyle_query-836541f5101d717c.rlib", AT_STATX_SYNC_AS_STAT, STATX_ALL, {stx_mask=STATX_ALL|STATX_MNT_ID|STATX_SUBVOL, stx_attributes=0, stx_mode=S_IFREG|0644, stx_size=21120, ...}) = 0
statx(AT_FDCWD, "/home/xolra0d/dev/databases/touchhouse/target/debug/deps/libanstyle_query-836541f5101d717c.rmeta", AT_STATX_SYNC_AS_STAT, STATX_ALL, {stx_mask=STATX_ALL|STATX_MNT_ID|STATX_SUBVOL, stx_attributes=0, stx_mode=S_IFREG|0644, stx_size=10985, ...}) = 0
futex(0x5570680f1400, FUTEX_WAKE_PRIVATE, 1) = 0
futex(0x5570680f1400, FUTEX_WAKE_PRIVATE, 1) = 0
statx(AT_FDCWD, "/home/xolra0d/dev/databases/touchhouse/target/debug/.fingerprint/crc32fast-a1aeaaf666d10f76/output-build-script-build-script-build", AT_STATX_SYNC_AS_STAT, STATX_ALL, 0x7ffda6d4c020) = -1 ENOENT (No such file or directory)
statx(AT_FDCWD, "/home/xolra0d/dev/databases/touchhouse/target/debug/build/crc32fast-a1aeaaf666d10f76/build_script_build-a1aeaaf666d10f76", AT_STATX_SYNC_AS_STAT, STATX_ALL, {stx_mask=STATX_ALL|STATX_MNT_ID|STATX_SUBVOL, stx_attributes=0, stx_mode=S_IFREG|0755, stx_size=3986872, ...}) = 0
openat(AT_FDCWD, "/home/xolra0d/dev/databases/touchhouse/target/debug/build/crc32fast-a1aeaaf666d10f76/build_script_build-a1aeaaf666d10f76", O_RDONLY|O_CLOEXEC) = 12
statx(12, "", AT_STATX_SYNC_AS_STAT|AT_EMPTY_PATH, STATX_ALL, {stx_mask=STATX_ALL|STATX_MNT_ID|STATX_SUBVOL, stx_attributes=0, stx_mode=S_IFREG|0755, stx_size=3986872, ...}) = 0
openat(AT_FDCWD, "/home/xolra0d/dev/databases/touchhouse/target/debug/build/crc32fast-a1aeaaf666d10f76/build-script-build", O_RDONLY|O_CLOEXEC) = 13
statx(13, "", AT_STATX_SYNC_AS_STAT|AT_EMPTY_PATH, STATX_ALL, {stx_mask=STATX_ALL|STATX_MNT_ID|STATX_SUBVOL, stx_attributes=0, stx_mode=S_IFREG|0755, stx_size=3986872, ...}) = 0
close(13)                               = 0
close(12)                               = 0
statx(AT_FDCWD, "/home/xolra0d/dev/databases/touchhouse/target/debug/build/crc32fast-a1aeaaf666d10f76/build_script_build-a1aeaaf666d10f76.dwp", AT_STATX_SYNC_AS_STAT, STATX_ALL, 0x7ffda6d4be10) = -1 ENOENT (No such file or directory)
futex(0x5570680f1400, FUTEX_WAKE_PRIVATE, 1) = 0
statx(AT_FDCWD, "/home/xolra0d/dev/databases/touchhouse/target/debug/.fingerprint/is_terminal_polyfill-fc0a41207cd029ef/output-lib-is_terminal_polyfill", AT_STATX_SYNC_AS_STAT, STATX_ALL, 0x7ffda6d4c020) = -1 ENOENT (No such file or directory)
statx(AT_FDCWD, "/home/xolra0d/dev/databases/touchhouse/target/debug/deps/libis_terminal_polyfill-fc0a41207cd029ef.rlib", AT_STATX_SYNC_AS_STAT, STATX_ALL, {stx_mask=STATX_ALL|STATX_MNT_ID|STATX_SUBVOL, stx_attributes=0, stx_mode=S_IFREG|0644, stx_size=10906, ...}) = 0
statx(AT_FDCWD, "/home/xolra0d/dev/databases/touchhouse/target/debug/deps/libis_terminal_polyfill-fc0a41207cd029ef.rmeta", AT_STATX_SYNC_AS_STAT, STATX_ALL, {stx_mask=STATX_ALL|STATX_MNT_ID|STATX_SUBVOL, stx_attributes=0, stx_mode=S_IFREG|0644, stx_size=9354, ...}) = 0
futex(0x5570680f1400, FUTEX_WAKE_PRIVATE, 1) = 0
futex(0x5570680f1400, FUTEX_WAKE_PRIVATE, 1) = 0
statx(AT_FDCWD, "/home/xolra0d/dev/databases/touchhouse/target/debug/.fingerprint/scopeguard-84f01c100fc6352c/output-lib-scopeguard", AT_STATX_SYNC_AS_STAT, STATX_ALL, 0x7ffda6d4c020) = -1 ENOENT (No such file or directory)
statx(AT_FDCWD, "/home/xolra0d/dev/databases/touchhouse/target/debug/deps/libscopeguard-84f01c100fc6352c.rlib", AT_STATX_SYNC_AS_STAT, STATX_ALL, {stx_mask=STATX_ALL|STATX_MNT_ID|STATX_SUBVOL, stx_attributes=0, stx_mode=S_IFREG|0644, stx_size=27014, ...}) = 0
statx(AT_FDCWD, "/home/xolra0d/dev/databases/touchhouse/target/debug/deps/libscopeguard-84f01c100fc6352c.rmeta", AT_STATX_SYNC_AS_STAT, STATX_ALL, {stx_mask=STATX_ALL|STATX_MNT_ID|STATX_SUBVOL, stx_attributes=0, stx_mode=S_IFREG|0644, stx_size=25491, ...}) = 0
futex(0x5570680f1400, FUTEX_WAKE_PRIVATE, 1) = 0
futex(0x5570680f1400, FUTEX_WAKE_PRIVATE, 1) = 0
statx(AT_FDCWD, "/home/xolra0d/dev/databases/touchhouse/target/debug/.fingerprint/unicode-xid-152610e5b2c52995/output-lib-unicode_xid", AT_STATX_SYNC_AS_STAT, STATX_ALL, 0x7ffda6d4c020) = -1 ENOENT (No such file or directory)
statx(AT_FDCWD, "/home/xolra0d/dev/databases/touchhouse/target/debug/deps/libunicode_xid-152610e5b2c52995.rlib", AT_STATX_SYNC_AS_STAT, STATX_ALL, {stx_mask=STATX_ALL|STATX_MNT_ID|STATX_SUBVOL, stx_attributes=0, stx_mode=S_IFREG|0644, stx_size=46426, ...}) = 0
statx(AT_FDCWD, "/home/xolra0d/dev/databases/touchhouse/target/debug/deps/libunicode_xid-152610e5b2c52995.rmeta", AT_STATX_SYNC_AS_STAT, STATX_ALL, {stx_mask=STATX_ALL|STATX_MNT_ID|STATX_SUBVOL, stx_attributes=0, stx_mode=S_IFREG|0644, stx_size=22894, ...}) = 0
futex(0x5570680f1400, FUTEX_WAKE_PRIVATE, 1) = 0
statx(AT_FDCWD, "/home/xolra0d/dev/databases/touchhouse/target/debug/.fingerprint/anstyle-1ae31c6d77d8a279/output-lib-anstyle", AT_STATX_SYNC_AS_STAT, STATX_ALL, 0x7ffda6d4c020) = -1 ENOENT (No such file or directory)
statx(AT_FDCWD, "/home/xolra0d/dev/databases/touchhouse/target/debug/deps/libanstyle-1ae31c6d77d8a279.rlib", AT_STATX_SYNC_AS_STAT, STATX_ALL, {stx_mask=STATX_ALL|STATX_MNT_ID|STATX_SUBVOL, stx_attributes=0, stx_mode=S_IFREG|0644, stx_size=323592, ...}) = 0
statx(AT_FDCWD, "/home/xolra0d/dev/databases/touchhouse/target/debug/deps/libanstyle-1ae31c6d77d8a279.rmeta", AT_STATX_SYNC_AS_STAT, STATX_ALL, {stx_mask=STATX_ALL|STATX_MNT_ID|STATX_SUBVOL, stx_attributes=0, stx_mode=S_IFREG|0644, stx_size=204540, ...}) = 0
futex(0x5570680f1400, FUTEX_WAKE_PRIVATE, 1) = 0
futex(0x5570680f1400, FUTEX_WAKE_PRIVATE, 1) = 0
statx(AT_FDCWD, "/home/xolra0d/dev/databases/touchhouse/target/debug/.fingerprint/toml_parser-ec3a7bdf1b5506bc/output-lib-toml_parser", AT_STATX_SYNC_AS_STAT, STATX_ALL, 0x7ffda6d4c020) = -1 ENOENT (No such file or directory)
statx(AT_FDCWD, "/home/xolra0d/dev/databases/touchhouse/target/debug/deps/libtoml_parser-ec3a7bdf1b5506bc.rlib", AT_STATX_SYNC_AS_STAT, STATX_ALL, {stx_mask=STATX_ALL|STATX_MNT_ID|STATX_SUBVOL, stx_attributes=0, stx_mode=S_IFREG|0644, stx_size=2230050, ...}) = 0
statx(AT_FDCWD, "/home/xolra0d/dev/databases/touchhouse/target/debug/deps/libtoml_parser-ec3a7bdf1b5506bc.rmeta", AT_STATX_SYNC_AS_STAT, STATX_ALL, {stx_mask=STATX_ALL|STATX_MNT_ID|STATX_SUBVOL, stx_attributes=0, stx_mode=S_IFREG|0644, stx_size=303980, ...}) = 0
futex(0x5570680f1400, FUTEX_WAKE_PRIVATE, 1) = 0
futex(0x5570680f1400, FUTEX_WAKE_PRIVATE, 1) = 0
statx(AT_FDCWD, "/home/xolra0d/dev/databases/touchhouse/target/debug/.fingerprint/hashbrown-cbbd24a2ce592317/output-lib-hashbrown", AT_STATX_SYNC_AS_STAT, STATX_ALL, 0x7ffda6d4c020) = -1 ENOENT (No such file or directory)
statx(AT_FDCWD, "/home/xolra0d/dev/databases/touchhouse/target/debug/deps/libhashbrown-cbbd24a2ce592317.rlib", AT_STATX_SYNC_AS_STAT, STATX_ALL, {stx_mask=STATX_ALL|STATX_MNT_ID|STATX_SUBVOL, stx_attributes=0, stx_mode=S_IFREG|0644, stx_size=1296550, ...}) = 0
statx(AT_FDCWD, "/home/xolra0d/dev/databases/touchhouse/target/debug/deps/libhashbrown-cbbd24a2ce592317.rmeta", AT_STATX_SYNC_AS_STAT, STATX_ALL, {stx_mask=STATX_ALL|STATX_MNT_ID|STATX_SUBVOL, stx_attributes=0, stx_mode=S_IFREG|0644, stx_size=1196928, ...}) = 0
futex(0x5570680f1400, FUTEX_WAKE_PRIVATE, 1) = 0
futex(0x5570680f1400, FUTEX_WAKE_PRIVATE, 1) = 0
statx(AT_FDCWD, "/home/xolra0d/dev/databases/touchhouse/target/debug/.fingerprint/toml_writer-d580fba5eae89f14/output-lib-toml_writer", AT_STATX_SYNC_AS_STAT, STATX_ALL, 0x7ffda6d4c020) = -1 ENOENT (No such file or directory)
statx(AT_FDCWD, "/home/xolra0d/dev/databases/touchhouse/target/debug/deps/libtoml_writer-d580fba5eae89f14.rlib", AT_STATX_SYNC_AS_STAT, STATX_ALL, {stx_mask=STATX_ALL|STATX_MNT_ID|STATX_SUBVOL, stx_attributes=0, stx_mode=S_IFREG|0644, stx_size=250132, ...}) = 0
statx(AT_FDCWD, "/home/xolra0d/dev/databases/touchhouse/target/debug/deps/libtoml_writer-d580fba5eae89f14.rmeta", AT_STATX_SYNC_AS_STAT, STATX_ALL, {stx_mask=STATX_ALL|STATX_MNT_ID|STATX_SUBVOL, stx_attributes=0, stx_mode=S_IFREG|0644, stx_size=187650, ...}) = 0
futex(0x5570680f1400, FUTEX_WAKE_PRIVATE, 1) = 0
futex(0x5570680f1400, FUTEX_WAKE_PRIVATE, 1) = 0
statx(AT_FDCWD, "/home/xolra0d/dev/databases/touchhouse/target/debug/.fingerprint/hashbrown-8b489f7b53493603/output-lib-hashbrown", AT_STATX_SYNC_AS_STAT, STATX_ALL, 0x7ffda6d4c020) = -1 ENOENT (No such file or directory)
statx(AT_FDCWD, "/home/xolra0d/dev/databases/touchhouse/target/debug/deps/libhashbrown-8b489f7b53493603.rlib", AT_STATX_SYNC_AS_STAT, STATX_ALL, {stx_mask=STATX_ALL|STATX_MNT_ID|STATX_SUBVOL, stx_attributes=0, stx_mode=S_IFREG|0644, stx_size=1186220, ...}) = 0
statx(AT_FDCWD, "/home/xolra0d/dev/databases/touchhouse/target/debug/deps/libhashbrown-8b489f7b53493603.rmeta", AT_STATX_SYNC_AS_STAT, STATX_ALL, {stx_mask=STATX_ALL|STATX_MNT_ID|STATX_SUBVOL, stx_attributes=0, stx_mode=S_IFREG|0644, stx_size=1098889, ...}) = 0
futex(0x5570680f1400, FUTEX_WAKE_PRIVATE, 1) = 0
futex(0x5570680f1400, FUTEX_WAKE_PRIVATE, 1) = 0
futex(0x5570680f1404, FUTEX_WAKE_PRIVATE, 2147483647) = 0
futex(0x5570680eb8a8, FUTEX_WAKE_PRIVATE, 1) = 0
futex(0x5570680eb8a8, FUTEX_WAKE_PRIVATE, 1) = 0
futex(0x5570680eb8a8, FUTEX_WAKE_PRIVATE, 1) = 0
futex(0x5570680eb8a8, FUTEX_WAKE_PRIVATE, 1) = 0
futex(0x5570680eb8a8, FUTEX_WAKE_PRIVATE, 1) = 0
futex(0x5570680eb8a8, FUTEX_WAKE_PRIVATE, 1) = 0
futex(0x5570680eb8a8, FUTEX_WAKE_PRIVATE, 1) = 0
futex(0x5570680eb8a8, FUTEX_WAKE_PRIVATE, 1) = 0
futex(0x5570680eb8a8, FUTEX_WAKE_PRIVATE, 1) = 0
futex(0x5570680eb8a8, FUTEX_WAKE_PRIVATE, 1) = 0
futex(0x5570680eb8a8, FUTEX_WAKE_PRIVATE, 1) = 0
futex(0x5570680eb8a8, FUTEX_WAKE_PRIVATE, 1) = 0
futex(0x5570680eb8a8, FUTEX_WAKE_PRIVATE, 1) = 0
futex(0x5570680eb8a8, FUTEX_WAKE_PRIVATE, 1) = 0
futex(0x5570680eb8a8, FUTEX_WAKE_PRIVATE, 1) = 0
futex(0x5570680eb8a8, FUTEX_WAKE_PRIVATE, 1) = 0
futex(0x5570680eb8a8, FUTEX_WAKE_PRIVATE, 1) = 0
statx(AT_FDCWD, "/home/xolra0d/dev/databases/touchhouse/target/debug/.fingerprint/syn-8cddfc127d36ab0c/output-lib-syn", AT_STATX_SYNC_AS_STAT, STATX_ALL, 0x7ffda6d4c020) = -1 ENOENT (No such file or directory)
statx(AT_FDCWD, "/home/xolra0d/dev/databases/touchhouse/target/debug/deps/libsyn-8cddfc127d36ab0c.rlib", AT_STATX_SYNC_AS_STAT, STATX_ALL, {stx_mask=STATX_ALL|STATX_MNT_ID|STATX_SUBVOL, stx_attributes=0, stx_mode=S_IFREG|0644, stx_size=11222794, ...}) = 0
statx(AT_FDCWD, "/home/xolra0d/dev/databases/touchhouse/target/debug/deps/libsyn-8cddfc127d36ab0c.rmeta", AT_STATX_SYNC_AS_STAT, STATX_ALL, {stx_mask=STATX_ALL|STATX_MNT_ID|STATX_SUBVOL, stx_attributes=0, stx_mode=S_IFREG|0644, stx_size=3702354, ...}) = 0
futex(0x5570680f1400, FUTEX_WAKE_PRIVATE, 1) = 0
futex(0x5570680f1400, FUTEX_WAKE_PRIVATE, 1) = 0
statx(AT_FDCWD, "/home/xolra0d/dev/databases/touchhouse/target/debug/.fingerprint/getrandom-5f96ad8d58ab5416/output-lib-getrandom", AT_STATX_SYNC_AS_STAT, STATX_ALL, 0x7ffda6d4c020) = -1 ENOENT (No such file or directory)
statx(AT_FDCWD, "/home/xolra0d/dev/databases/touchhouse/target/debug/deps/libgetrandom-5f96ad8d58ab5416.rlib", AT_STATX_SYNC_AS_STAT, STATX_ALL, {stx_mask=STATX_ALL|STATX_MNT_ID|STATX_SUBVOL, stx_attributes=0, stx_mode=S_IFREG|0644, stx_size=236452, ...}) = 0
statx(AT_FDCWD, "/home/xolra0d/dev/databases/touchhouse/target/debug/deps/libgetrandom-5f96ad8d58ab5416.rmeta", AT_STATX_SYNC_AS_STAT, STATX_ALL, {stx_mask=STATX_ALL|STATX_MNT_ID|STATX_SUBVOL, stx_attributes=0, stx_mode=S_IFREG|0644, stx_size=90427, ...}) = 0
futex(0x5570680f1400, FUTEX_WAKE_PRIVATE, 1) = 0
futex(0x5570680f1400, FUTEX_WAKE_PRIVATE, 1) = 0
statx(AT_FDCWD, "/home/xolra0d/dev/databases/touchhouse/target/debug/.fingerprint/crossbeam-epoch-3f303a1308604a37/output-lib-crossbeam_epoch", AT_STATX_SYNC_AS_STAT, STATX_ALL, 0x7ffda6d4c020) = -1 ENOENT (No such file or directory)
statx(AT_FDCWD, "/home/xolra0d/dev/databases/touchhouse/target/debug/deps/libcrossbeam_epoch-3f303a1308604a37.rlib", AT_STATX_SYNC_AS_STAT, STATX_ALL, {stx_mask=STATX_ALL|STATX_MNT_ID|STATX_SUBVOL, stx_attributes=0, stx_mode=S_IFREG|0644, stx_size=858500, ...}) = 0
statx(AT_FDCWD, "/home/xolra0d/dev/databases/touchhouse/target/debug/deps/libcrossbeam_epoch-3f303a1308604a37.rmeta", AT_STATX_SYNC_AS_STAT, STATX_ALL, {stx_mask=STATX_ALL|STATX_MNT_ID|STATX_SUBVOL, stx_attributes=0, stx_mode=S_IFREG|0644, stx_size=323286, ...}) = 0
futex(0x5570680f1400, FUTEX_WAKE_PRIVATE, 1) = 0
futex(0x5570680f1400, FUTEX_WAKE_PRIVATE, 1) = 0
futex(0x5570680f1400, FUTEX_WAKE_PRIVATE, 1) = 0
futex(0x5570680f1400, FUTEX_WAKE_PRIVATE, 1) = 0
statx(AT_FDCWD, "/home/xolra0d/dev/databases/touchhouse/target/debug/.fingerprint/mio-5c6e0a9d607858d9/output-lib-mio", AT_STATX_SYNC_AS_STAT, STATX_ALL, 0x7ffda6d4c020) = -1 ENOENT (No such file or directory)
statx(AT_FDCWD, "/home/xolra0d/dev/databases/touchhouse/target/debug/deps/libmio-5c6e0a9d607858d9.rlib", AT_STATX_SYNC_AS_STAT, STATX_ALL, {stx_mask=STATX_ALL|STATX_MNT_ID|STATX_SUBVOL, stx_attributes=0, stx_mode=S_IFREG|0644, stx_size=1803620, ...}) = 0
statx(AT_FDCWD, "/home/xolra0d/dev/databases/touchhouse/target/debug/deps/libmio-5c6e0a9d607858d9.rmeta", AT_STATX_SYNC_AS_STAT, STATX_ALL, {stx_mask=STATX_ALL|STATX_MNT_ID|STATX_SUBVOL, stx_attributes=0, stx_mode=S_IFREG|0644, stx_size=420973, ...}) = 0
futex(0x5570680f1400, FUTEX_WAKE_PRIVATE, 1) = 0
futex(0x5570680f1400, FUTEX_WAKE_PRIVATE, 1) = 0
statx(AT_FDCWD, "/home/xolra0d/dev/databases/touchhouse/target/debug/.fingerprint/num-traits-57a86324ec3f24a8/output-lib-num_traits", AT_STATX_SYNC_AS_STAT, STATX_ALL, 0x7ffda6d4c020) = -1 ENOENT (No such file or directory)
statx(AT_FDCWD, "/home/xolra0d/dev/databases/touchhouse/target/debug/deps/libnum_traits-57a86324ec3f24a8.rlib", AT_STATX_SYNC_AS_STAT, STATX_ALL, {stx_mask=STATX_ALL|STATX_MNT_ID|STATX_SUBVOL, stx_attributes=0, stx_mode=S_IFREG|0644, stx_size=1964216, ...}) = 0
statx(AT_FDCWD, "/home/xolra0d/dev/databases/touchhouse/target/debug/deps/libnum_traits-57a86324ec3f24a8.rmeta", AT_STATX_SYNC_AS_STAT, STATX_ALL, {stx_mask=STATX_ALL|STATX_MNT_ID|STATX_SUBVOL, stx_attributes=0, stx_mode=S_IFREG|0644, stx_size=1783327, ...}) = 0
futex(0x5570680f1400, FUTEX_WAKE_PRIVATE, 1) = 0
futex(0x5570680f1400, FUTEX_WAKE_PRIVATE, 1) = 0
statx(AT_FDCWD, "/home/xolra0d/dev/databases/touchhouse/target/debug/.fingerprint/regex-564aff327faad77c/output-lib-regex", AT_STATX_SYNC_AS_STAT, STATX_ALL, 0x7ffda6d4c020) = -1 ENOENT (No such file or directory)
statx(AT_FDCWD, "/home/xolra0d/dev/databases/touchhouse/target/debug/deps/libregex-564aff327faad77c.rlib", AT_STATX_SYNC_AS_STAT, STATX_ALL, {stx_mask=STATX_ALL|STATX_MNT_ID|STATX_SUBVOL, stx_attributes=0, stx_mode=S_IFREG|0644, stx_size=1600722, ...}) = 0
statx(AT_FDCWD, "/home/xolra0d/dev/databases/touchhouse/target/debug/deps/libregex-564aff327faad77c.rmeta", AT_STATX_SYNC_AS_STAT, STATX_ALL, {stx_mask=STATX_ALL|STATX_MNT_ID|STATX_SUBVOL, stx_attributes=0, stx_mode=S_IFREG|0644, stx_size=652562, ...}) = 0
futex(0x5570680f1400, FUTEX_WAKE_PRIVATE, 1) = 0
futex(0x5570680f1400, FUTEX_WAKE_PRIVATE, 1) = 0
statx(AT_FDCWD, "/home/xolra0d/dev/databases/touchhouse/target/debug/.fingerprint/socket2-a2aea621fc0c1d8c/output-lib-socket2", AT_STATX_SYNC_AS_STAT, STATX_ALL, 0x7ffda6d4c020) = -1 ENOENT (No such file or directory)
statx(AT_FDCWD, "/home/xolra0d/dev/databases/touchhouse/target/debug/deps/libsocket2-a2aea621fc0c1d8c.rlib", AT_STATX_SYNC_AS_STAT, STATX_ALL, {stx_mask=STATX_ALL|STATX_MNT_ID|STATX_SUBVOL, stx_attributes=0, stx_mode=S_IFREG|0644, stx_size=1826956, ...}) = 0
statx(AT_FDCWD, "/home/xolra0d/dev/databases/touchhouse/target/debug/deps/libsocket2-a2aea621fc0c1d8c.rmeta", AT_STATX_SYNC_AS_STAT, STATX_ALL, {stx_mask=STATX_ALL|STATX_MNT_ID|STATX_SUBVOL, stx_attributes=0, stx_mode=S_IFREG|0644, stx_size=393126, ...}) = 0
futex(0x5570680f1400, FUTEX_WAKE_PRIVATE, 1) = 0
futex(0x5570680f1400, FUTEX_WAKE_PRIVATE, 1) = 0
statx(AT_FDCWD, "/home/xolra0d/dev/databases/touchhouse/target/debug/.fingerprint/serde_spanned-2841245405b95ba7/output-lib-serde_spanned", AT_STATX_SYNC_AS_STAT, STATX_ALL, 0x7ffda6d4c020) = -1 ENOENT (No such file or directory)
statx(AT_FDCWD, "/home/xolra0d/dev/databases/touchhouse/target/debug/deps/libserde_spanned-2841245405b95ba7.rlib", AT_STATX_SYNC_AS_STAT, STATX_ALL, {stx_mask=STATX_ALL|STATX_MNT_ID|STATX_SUBVOL, stx_attributes=0, stx_mode=S_IFREG|0644, stx_size=88704, ...}) = 0
statx(AT_FDCWD, "/home/xolra0d/dev/databases/touchhouse/target/debug/deps/libserde_spanned-2841245405b95ba7.rmeta", AT_STATX_SYNC_AS_STAT, STATX_ALL, {stx_mask=STATX_ALL|STATX_MNT_ID|STATX_SUBVOL, stx_attributes=0, stx_mode=S_IFREG|0644, stx_size=43778, ...}) = 0
futex(0x5570680f1400, FUTEX_WAKE_PRIVATE, 1) = 0
futex(0x5570680f1400, FUTEX_WAKE_PRIVATE, 1) = 0
futex(0x5570680f1400, FUTEX_WAKE_PRIVATE, 1) = 0
statx(AT_FDCWD, "/home/xolra0d/dev/databases/touchhouse/target/debug/.fingerprint/lock_api-010fe42e762642f2/output-lib-lock_api", AT_STATX_SYNC_AS_STAT, STATX_ALL, 0x7ffda6d4c020) = -1 ENOENT (No such file or directory)
statx(AT_FDCWD, "/home/xolra0d/dev/databases/touchhouse/target/debug/deps/liblock_api-010fe42e762642f2.rlib", AT_STATX_SYNC_AS_STAT, STATX_ALL, {stx_mask=STATX_ALL|STATX_MNT_ID|STATX_SUBVOL, stx_attributes=0, stx_mode=S_IFREG|0644, stx_size=386572, ...}) = 0
statx(AT_FDCWD, "/home/xolra0d/dev/databases/touchhouse/target/debug/deps/liblock_api-010fe42e762642f2.rmeta", AT_STATX_SYNC_AS_STAT, STATX_ALL, {stx_mask=STATX_ALL|STATX_MNT_ID|STATX_SUBVOL, stx_attributes=0, stx_mode=S_IFREG|0644, stx_size=378546, ...}) = 0
futex(0x5570680f1400, FUTEX_WAKE_PRIVATE, 1) = 0
futex(0x5570680f1400, FUTEX_WAKE_PRIVATE, 1) = 0
statx(AT_FDCWD, "/home/xolra0d/dev/databases/touchhouse/target/debug/.fingerprint/anstream-971496cb4ca963be/output-lib-anstream", AT_STATX_SYNC_AS_STAT, STATX_ALL, 0x7ffda6d4c020) = -1 ENOENT (No such file or directory)
statx(AT_FDCWD, "/home/xolra0d/dev/databases/touchhouse/target/debug/deps/libanstream-971496cb4ca963be.rlib", AT_STATX_SYNC_AS_STAT, STATX_ALL, {stx_mask=STATX_ALL|STATX_MNT_ID|STATX_SUBVOL, stx_attributes=0, stx_mode=S_IFREG|0644, stx_size=747718, ...}) = 0
statx(AT_FDCWD, "/home/xolra0d/dev/databases/touchhouse/target/debug/deps/libanstream-971496cb4ca963be.rmeta", AT_STATX_SYNC_AS_STAT, STATX_ALL, {stx_mask=STATX_ALL|STATX_MNT_ID|STATX_SUBVOL, stx_attributes=0, stx_mode=S_IFREG|0644, stx_size=223427, ...}) = 0
futex(0x5570680f1400, FUTEX_WAKE_PRIVATE, 1) = 0
futex(0x5570680f1400, FUTEX_WAKE_PRIVATE, 1) = 0
statx(AT_FDCWD, "/home/xolra0d/dev/databases/touchhouse/target/debug/.fingerprint/toml_datetime-aad8a6e1224c1cd2/output-lib-toml_datetime", AT_STATX_SYNC_AS_STAT, STATX_ALL, 0x7ffda6d4c020) = -1 ENOENT (No such file or directory)
statx(AT_FDCWD, "/home/xolra0d/dev/databases/touchhouse/target/debug/deps/libtoml_datetime-aad8a6e1224c1cd2.rlib", AT_STATX_SYNC_AS_STAT, STATX_ALL, {stx_mask=STATX_ALL|STATX_MNT_ID|STATX_SUBVOL, stx_attributes=0, stx_mode=S_IFREG|0644, stx_size=675390, ...}) = 0
statx(AT_FDCWD, "/home/xolra0d/dev/databases/touchhouse/target/debug/deps/libtoml_datetime-aad8a6e1224c1cd2.rmeta", AT_STATX_SYNC_AS_STAT, STATX_ALL, {stx_mask=STATX_ALL|STATX_MNT_ID|STATX_SUBVOL, stx_attributes=0, stx_mode=S_IFREG|0644, stx_size=145444, ...}) = 0
futex(0x5570680f1400, FUTEX_WAKE_PRIVATE, 1) = 0
futex(0x5570680f1400, FUTEX_WAKE_PRIVATE, 1) = 0
statx(AT_FDCWD, "/home/xolra0d/dev/databases/touchhouse/target/debug/.fingerprint/parking_lot_core-f7828bb05a5f82bb/output-lib-parking_lot_core", AT_STATX_SYNC_AS_STAT, STATX_ALL, 0x7ffda6d4c020) = -1 ENOENT (No such file or directory)
statx(AT_FDCWD, "/home/xolra0d/dev/databases/touchhouse/target/debug/deps/libparking_lot_core-f7828bb05a5f82bb.rlib", AT_STATX_SYNC_AS_STAT, STATX_ALL, {stx_mask=STATX_ALL|STATX_MNT_ID|STATX_SUBVOL, stx_attributes=0, stx_mode=S_IFREG|0644, stx_size=486982, ...}) = 0
statx(AT_FDCWD, "/home/xolra0d/dev/databases/touchhouse/target/debug/deps/libparking_lot_core-f7828bb05a5f82bb.rmeta", AT_STATX_SYNC_AS_STAT, STATX_ALL, {stx_mask=STATX_ALL|STATX_MNT_ID|STATX_SUBVOL, stx_attributes=0, stx_mode=S_IFREG|0644, stx_size=165290, ...}) = 0
futex(0x5570680f1400, FUTEX_WAKE_PRIVATE, 1) = 0
futex(0x5570680f1400, FUTEX_WAKE_PRIVATE, 1) = 0
statx(AT_FDCWD, "/home/xolra0d/dev/databases/touchhouse/target/debug/.fingerprint/jiff-ed41c4c842571787/output-lib-jiff", AT_STATX_SYNC_AS_STAT, STATX_ALL, 0x7ffda6d4c020) = -1 ENOENT (No such file or directory)
statx(AT_FDCWD, "/home/xolra0d/dev/databases/touchhouse/target/debug/deps/libjiff-ed41c4c842571787.rlib", AT_STATX_SYNC_AS_STAT, STATX_ALL, {stx_mask=STATX_ALL|STATX_MNT_ID|STATX_SUBVOL, stx_attributes=0, stx_mode=S_IFREG|0644, stx_size=19577366, ...}) = 0
statx(AT_FDCWD, "/home/xolra0d/dev/databases/touchhouse/target/debug/deps/libjiff-ed41c4c842571787.rmeta", AT_STATX_SYNC_AS_STAT, STATX_ALL, {stx_mask=STATX_ALL|STATX_MNT_ID|STATX_SUBVOL, stx_attributes=0, stx_mode=S_IFREG|0644, stx_size=6710398, ...}) = 0
futex(0x5570680f1400, FUTEX_WAKE_PRIVATE, 1) = 0
futex(0x5570680f1400, FUTEX_WAKE_PRIVATE, 1) = 0
statx(AT_FDCWD, "/home/xolra0d/dev/databases/touchhouse/target/debug/.fingerprint/once_cell-b5726b916b3362ce/output-lib-once_cell", AT_STATX_SYNC_AS_STAT, STATX_ALL, 0x7ffda6d4c020) = -1 ENOENT (No such file or directory)
statx(AT_FDCWD, "/home/xolra0d/dev/databases/touchhouse/target/debug/deps/libonce_cell-b5726b916b3362ce.rlib", AT_STATX_SYNC_AS_STAT, STATX_ALL, {stx_mask=STATX_ALL|STATX_MNT_ID|STATX_SUBVOL, stx_attributes=0, stx_mode=S_IFREG|0644, stx_size=290198, ...}) = 0
statx(AT_FDCWD, "/home/xolra0d/dev/databases/touchhouse/target/debug/deps/libonce_cell-b5726b916b3362ce.rmeta", AT_STATX_SYNC_AS_STAT, STATX_ALL, {stx_mask=STATX_ALL|STATX_MNT_ID|STATX_SUBVOL, stx_attributes=0, stx_mode=S_IFREG|0644, stx_size=192810, ...}) = 0
futex(0x5570680f1400, FUTEX_WAKE_PRIVATE, 1) = 0
futex(0x5570680f1400, FUTEX_WAKE_PRIVATE, 1) = 0
statx(AT_FDCWD, "/home/xolra0d/dev/databases/touchhouse/target/debug/.fingerprint/bytes-3f778336d0e26e33/output-lib-bytes", AT_STATX_SYNC_AS_STAT, STATX_ALL, 0x7ffda6d4c020) = -1 ENOENT (No such file or directory)
statx(AT_FDCWD, "/home/xolra0d/dev/databases/touchhouse/target/debug/deps/libbytes-3f778336d0e26e33.rlib", AT_STATX_SYNC_AS_STAT, STATX_ALL, {stx_mask=STATX_ALL|STATX_MNT_ID|STATX_SUBVOL, stx_attributes=0, stx_mode=S_IFREG|0644, stx_size=1789734, ...}) = 0
statx(AT_FDCWD, "/home/xolra0d/dev/databases/touchhouse/target/debug/deps/libbytes-3f778336d0e26e33.rmeta", AT_STATX_SYNC_AS_STAT, STATX_ALL, {stx_mask=STATX_ALL|STATX_MNT_ID|STATX_SUBVOL, stx_attributes=0, stx_mode=S_IFREG|0644, stx_size=850904, ...}) = 0
futex(0x5570680f1400, FUTEX_WAKE_PRIVATE, 1) = 0
futex(0x5570680f1400, FUTEX_WAKE_PRIVATE, 1) = 0
statx(AT_FDCWD, "/home/xolra0d/dev/databases/touchhouse/target/debug/.fingerprint/either-759c95520ab132d8/output-lib-either", AT_STATX_SYNC_AS_STAT, STATX_ALL, 0x7ffda6d4c020) = -1 ENOENT (No such file or directory)
statx(AT_FDCWD, "/home/xolra0d/dev/databases/touchhouse/target/debug/deps/libeither-759c95520ab132d8.rlib", AT_STATX_SYNC_AS_STAT, STATX_ALL, {stx_mask=STATX_ALL|STATX_MNT_ID|STATX_SUBVOL, stx_attributes=0, stx_mode=S_IFREG|0644, stx_size=195934, ...}) = 0
statx(AT_FDCWD, "/home/xolra0d/dev/databases/touchhouse/target/debug/deps/libeither-759c95520ab132d8.rmeta", AT_STATX_SYNC_AS_STAT, STATX_ALL, {stx_mask=STATX_ALL|STATX_MNT_ID|STATX_SUBVOL, stx_attributes=0, stx_mode=S_IFREG|0644, stx_size=194432, ...}) = 0
futex(0x5570680f1400, FUTEX_WAKE_PRIVATE, 1) = 0
futex(0x5570680f1400, FUTEX_WAKE_PRIVATE, 1) = 0
statx(AT_FDCWD, "/home/xolra0d/dev/databases/touchhouse/target/debug/.fingerprint/memmap2-bfc3934b8ce5ded7/output-lib-memmap2", AT_STATX_SYNC_AS_STAT, STATX_ALL, 0x7ffda6d4c020) = -1 ENOENT (No such file or directory)
statx(AT_FDCWD, "/home/xolra0d/dev/databases/touchhouse/target/debug/deps/libmemmap2-bfc3934b8ce5ded7.rlib", AT_STATX_SYNC_AS_STAT, STATX_ALL, {stx_mask=STATX_ALL|STATX_MNT_ID|STATX_SUBVOL, stx_attributes=0, stx_mode=S_IFREG|0644, stx_size=363176, ...}) = 0
statx(AT_FDCWD, "/home/xolra0d/dev/databases/touchhouse/target/debug/deps/libmemmap2-bfc3934b8ce5ded7.rmeta", AT_STATX_SYNC_AS_STAT, STATX_ALL, {stx_mask=STATX_ALL|STATX_MNT_ID|STATX_SUBVOL, stx_attributes=0, stx_mode=S_IFREG|0644, stx_size=143441, ...}) = 0
futex(0x5570680f1400, FUTEX_WAKE_PRIVATE, 1) = 0
futex(0x5570680f1400, FUTEX_WAKE_PRIVATE, 1) = 0
futex(0x5570680f1404, FUTEX_WAKE_PRIVATE, 2147483647) = 0
futex(0x5570680eb8a8, FUTEX_WAKE_PRIVATE, 1) = 0
futex(0x5570680eb8a8, FUTEX_WAKE_PRIVATE, 1) = 0
futex(0x5570680eb8a8, FUTEX_WAKE_PRIVATE, 1) = 0
futex(0x5570680eb8a8, FUTEX_WAKE_PRIVATE, 1) = 0
futex(0x5570680eb8a8, FUTEX_WAKE_PRIVATE, 1) = 0
futex(0x5570680eb8a8, FUTEX_WAKE_PRIVATE, 1) = 0
futex(0x5570680eb8a8, FUTEX_WAKE_PRIVATE, 1) = 0
futex(0x5570680eb8a8, FUTEX_WAKE_PRIVATE, 1) = 0
futex(0x5570680eb8a8, FUTEX_WAKE_PRIVATE, 1) = 0
futex(0x5570680eb8a8, FUTEX_WAKE_PRIVATE, 1) = 0
futex(0x5570680eb8a8, FUTEX_WAKE_PRIVATE, 1) = 0
futex(0x5570680eb8a8, FUTEX_WAKE_PRIVATE, 1) = 0
futex(0x5570680eb8a8, FUTEX_WAKE_PRIVATE, 1) = 0
futex(0x5570680eb8a8, FUTEX_WAKE_PRIVATE, 1) = 0
futex(0x5570680eb8a8, FUTEX_WAKE_PRIVATE, 1) = 0
futex(0x5570680eb8a8, FUTEX_WAKE_PRIVATE, 1) = 0
statx(AT_FDCWD, "/home/xolra0d/dev/databases/touchhouse/target/debug/.fingerprint/serde_derive-e594e789a3549dad/output-lib-serde_derive", AT_STATX_SYNC_AS_STAT, STATX_ALL, 0x7ffda6d4c020) = -1 ENOENT (No such file or directory)
statx(AT_FDCWD, "/home/xolra0d/dev/databases/touchhouse/target/debug/deps/libserde_derive-e594e789a3549dad.so", AT_STATX_SYNC_AS_STAT, STATX_ALL, {stx_mask=STATX_ALL|STATX_MNT_ID|STATX_SUBVOL, stx_attributes=0, stx_mode=S_IFREG|0755, stx_size=9058016, ...}) = 0
statx(AT_FDCWD, "/home/xolra0d/dev/databases/touchhouse/target/debug/deps/libserde_derive-e594e789a3549dad.so.dwp", AT_STATX_SYNC_AS_STAT, STATX_ALL, 0x7ffda6d4be10) = -1 ENOENT (No such file or directory)
futex(0x5570680f1400, FUTEX_WAKE_PRIVATE, 1) = 0
statx(AT_FDCWD, "/home/xolra0d/dev/databases/touchhouse/target/debug/.fingerprint/ptr_meta_derive-af962ff10cf8b15b/output-lib-ptr_meta_derive", AT_STATX_SYNC_AS_STAT, STATX_ALL, 0x7ffda6d4c020) = -1 ENOENT (No such file or directory)
statx(AT_FDCWD, "/home/xolra0d/dev/databases/touchhouse/target/debug/deps/libptr_meta_derive-af962ff10cf8b15b.so", AT_STATX_SYNC_AS_STAT, STATX_ALL, {stx_mask=STATX_ALL|STATX_MNT_ID|STATX_SUBVOL, stx_attributes=0, stx_mode=S_IFREG|0755, stx_size=7389464, ...}) = 0
statx(AT_FDCWD, "/home/xolra0d/dev/databases/touchhouse/target/debug/deps/libptr_meta_derive-af962ff10cf8b15b.so.dwp", AT_STATX_SYNC_AS_STAT, STATX_ALL, 0x7ffda6d4be10) = -1 ENOENT (No such file or directory)
futex(0x5570680f1400, FUTEX_WAKE_PRIVATE, 1) = 0
statx(AT_FDCWD, "/home/xolra0d/dev/databases/touchhouse/target/debug/.fingerprint/bytecheck_derive-3b815607574d7eff/output-lib-bytecheck_derive", AT_STATX_SYNC_AS_STAT, STATX_ALL, 0x7ffda6d4c020) = -1 ENOENT (No such file or directory)
statx(AT_FDCWD, "/home/xolra0d/dev/databases/touchhouse/target/debug/deps/libbytecheck_derive-3b815607574d7eff.so", AT_STATX_SYNC_AS_STAT, STATX_ALL, {stx_mask=STATX_ALL|STATX_MNT_ID|STATX_SUBVOL, stx_attributes=0, stx_mode=S_IFREG|0755, stx_size=7522224, ...}) = 0
statx(AT_FDCWD, "/home/xolra0d/dev/databases/touchhouse/target/debug/deps/libbytecheck_derive-3b815607574d7eff.so.dwp", AT_STATX_SYNC_AS_STAT, STATX_ALL, 0x7ffda6d4be10) = -1 ENOENT (No such file or directory)
futex(0x5570680f1400, FUTEX_WAKE_PRIVATE, 1) = 0
statx(AT_FDCWD, "/home/xolra0d/dev/databases/touchhouse/target/debug/.fingerprint/futures-macro-3836c120171616ca/output-lib-futures_macro", AT_STATX_SYNC_AS_STAT, STATX_ALL, 0x7ffda6d4c020) = -1 ENOENT (No such file or directory)
statx(AT_FDCWD, "/home/xolra0d/dev/databases/touchhouse/target/debug/deps/libfutures_macro-3836c120171616ca.so", AT_STATX_SYNC_AS_STAT, STATX_ALL, {stx_mask=STATX_ALL|STATX_MNT_ID|STATX_SUBVOL, stx_attributes=0, stx_mode=S_IFREG|0755, stx_size=7319568, ...}) = 0
statx(AT_FDCWD, "/home/xolra0d/dev/databases/touchhouse/target/debug/deps/libfutures_macro-3836c120171616ca.so.dwp", AT_STATX_SYNC_AS_STAT, STATX_ALL, 0x7ffda6d4be10) = -1 ENOENT (No such file or directory)
futex(0x5570680f1400, FUTEX_WAKE_PRIVATE, 1) = 0
statx(AT_FDCWD, "/home/xolra0d/dev/databases/touchhouse/target/debug/.fingerprint/psm-9f062d2b5fb86636/output-lib-psm", AT_STATX_SYNC_AS_STAT, STATX_ALL, 0x7ffda6d4c020) = -1 ENOENT (No such file or directory)
statx(AT_FDCWD, "/home/xolra0d/dev/databases/touchhouse/target/debug/deps/libpsm-9f062d2b5fb86636.rlib", AT_STATX_SYNC_AS_STAT, STATX_ALL, {stx_mask=STATX_ALL|STATX_MNT_ID|STATX_SUBVOL, stx_attributes=0, stx_mode=S_IFREG|0644, stx_size=38904, ...}) = 0
statx(AT_FDCWD, "/home/xolra0d/dev/databases/touchhouse/target/debug/deps/libpsm-9f062d2b5fb86636.rmeta", AT_STATX_SYNC_AS_STAT, STATX_ALL, {stx_mask=STATX_ALL|STATX_MNT_ID|STATX_SUBVOL, stx_attributes=0, stx_mode=S_IFREG|0644, stx_size=22930, ...}) = 0
futex(0x5570680f1400, FUTEX_WAKE_PRIVATE, 1) = 0
futex(0x5570680f1400, FUTEX_WAKE_PRIVATE, 1) = 0
statx(AT_FDCWD, "/home/xolra0d/dev/databases/touchhouse/target/debug/.fingerprint/recursive-proc-macro-impl-e2af7c6d6d121bab/output-lib-recursive_proc_macro_impl", AT_STATX_SYNC_AS_STAT, STATX_ALL, 0x7ffda6d4c020) = -1 ENOENT (No such file or directory)
statx(AT_FDCWD, "/home/xolra0d/dev/databases/touchhouse/target/debug/deps/librecursive_proc_macro_impl-e2af7c6d6d121bab.so", AT_STATX_SYNC_AS_STAT, STATX_ALL, {stx_mask=STATX_ALL|STATX_MNT_ID|STATX_SUBVOL, stx_attributes=0, stx_mode=S_IFREG|0755, stx_size=7314936, ...}) = 0
statx(AT_FDCWD, "/home/xolra0d/dev/databases/touchhouse/target/debug/deps/librecursive_proc_macro_impl-e2af7c6d6d121bab.so.dwp", AT_STATX_SYNC_AS_STAT, STATX_ALL, 0x7ffda6d4be10) = -1 ENOENT (No such file or directory)
futex(0x5570680f1400, FUTEX_WAKE_PRIVATE, 1) = 0
statx(AT_FDCWD, "/home/xolra0d/dev/databases/touchhouse/target/debug/.fingerprint/munge_macro-8e26809d933e7df0/output-lib-munge_macro", AT_STATX_SYNC_AS_STAT, STATX_ALL, 0x7ffda6d4c020) = -1 ENOENT (No such file or directory)
statx(AT_FDCWD, "/home/xolra0d/dev/databases/touchhouse/target/debug/deps/libmunge_macro-8e26809d933e7df0.so", AT_STATX_SYNC_AS_STAT, STATX_ALL, {stx_mask=STATX_ALL|STATX_MNT_ID|STATX_SUBVOL, stx_attributes=0, stx_mode=S_IFREG|0755, stx_size=7495568, ...}) = 0
statx(AT_FDCWD, "/home/xolra0d/dev/databases/touchhouse/target/debug/deps/libmunge_macro-8e26809d933e7df0.so.dwp", AT_STATX_SYNC_AS_STAT, STATX_ALL, 0x7ffda6d4be10) = -1 ENOENT (No such file or directory)
futex(0x5570680f1400, FUTEX_WAKE_PRIVATE, 1) = 0
statx(AT_FDCWD, "/home/xolra0d/dev/databases/touchhouse/target/debug/.fingerprint/tokio-macros-d556858d2d06dea4/output-lib-tokio_macros", AT_STATX_SYNC_AS_STAT, STATX_ALL, 0x7ffda6d4c020) = -1 ENOENT (No such file or directory)
statx(AT_FDCWD, "/home/xolra0d/dev/databases/touchhouse/target/debug/deps/libtokio_macros-d556858d2d06dea4.so", AT_STATX_SYNC_AS_STAT, STATX_ALL, {stx_mask=STATX_ALL|STATX_MNT_ID|STATX_SUBVOL, stx_attributes=0, stx_mode=S_IFREG|0755, stx_size=7614864, ...}) = 0
statx(AT_FDCWD, "/home/xolra0d/dev/databases/touchhouse/target/debug/deps/libtokio_macros-d556858d2d06dea4.so.dwp", AT_STATX_SYNC_AS_STAT, STATX_ALL, 0x7ffda6d4be10) = -1 ENOENT (No such file or directory)
futex(0x5570680f1400, FUTEX_WAKE_PRIVATE, 1) = 0
statx(AT_FDCWD, "/home/xolra0d/dev/databases/touchhouse/target/debug/.fingerprint/crossbeam-deque-6995d016e26db07f/output-lib-crossbeam_deque", AT_STATX_SYNC_AS_STAT, STATX_ALL, 0x7ffda6d4c020) = -1 ENOENT (No such file or directory)
statx(AT_FDCWD, "/home/xolra0d/dev/databases/touchhouse/target/debug/deps/libcrossbeam_deque-6995d016e26db07f.rlib", AT_STATX_SYNC_AS_STAT, STATX_ALL, {stx_mask=STATX_ALL|STATX_MNT_ID|STATX_SUBVOL, stx_attributes=0, stx_mode=S_IFREG|0644, stx_size=183224, ...}) = 0
statx(AT_FDCWD, "/home/xolra0d/dev/databases/touchhouse/target/debug/deps/libcrossbeam_deque-6995d016e26db07f.rmeta", AT_STATX_SYNC_AS_STAT, STATX_ALL, {stx_mask=STATX_ALL|STATX_MNT_ID|STATX_SUBVOL, stx_attributes=0, stx_mode=S_IFREG|0644, stx_size=181696, ...}) = 0
futex(0x5570680f1400, FUTEX_WAKE_PRIVATE, 1) = 0
futex(0x5570680f1400, FUTEX_WAKE_PRIVATE, 1) = 0
statx(AT_FDCWD, "/home/xolra0d/dev/databases/touchhouse/target/debug/.fingerprint/derive_more-impl-4db099c97dff6db6/output-lib-derive_more_impl", AT_STATX_SYNC_AS_STAT, STATX_ALL, 0x7ffda6d4c020) = -1 ENOENT (No such file or directory)
statx(AT_FDCWD, "/home/xolra0d/dev/databases/touchhouse/target/debug/deps/libderive_more_impl-4db099c97dff6db6.so", AT_STATX_SYNC_AS_STAT, STATX_ALL, {stx_mask=STATX_ALL|STATX_MNT_ID|STATX_SUBVOL, stx_attributes=0, stx_mode=S_IFREG|0755, stx_size=8118472, ...}) = 0
statx(AT_FDCWD, "/home/xolra0d/dev/databases/touchhouse/target/debug/deps/libderive_more_impl-4db099c97dff6db6.so.dwp", AT_STATX_SYNC_AS_STAT, STATX_ALL, 0x7ffda6d4be10) = -1 ENOENT (No such file or directory)
futex(0x5570680f1400, FUTEX_WAKE_PRIVATE, 1) = 0
statx(AT_FDCWD, "/home/xolra0d/dev/databases/touchhouse/target/debug/.fingerprint/rkyv_derive-467b9d1c34d2ca9a/output-lib-rkyv_derive", AT_STATX_SYNC_AS_STAT, STATX_ALL, 0x7ffda6d4c020) = -1 ENOENT (No such file or directory)
statx(AT_FDCWD, "/home/xolra0d/dev/databases/touchhouse/target/debug/deps/librkyv_derive-467b9d1c34d2ca9a.so", AT_STATX_SYNC_AS_STAT, STATX_ALL, {stx_mask=STATX_ALL|STATX_MNT_ID|STATX_SUBVOL, stx_attributes=0, stx_mode=S_IFREG|0755, stx_size=8217016, ...}) = 0
statx(AT_FDCWD, "/home/xolra0d/dev/databases/touchhouse/target/debug/deps/librkyv_derive-467b9d1c34d2ca9a.so.dwp", AT_STATX_SYNC_AS_STAT, STATX_ALL, 0x7ffda6d4be10) = -1 ENOENT (No such file or directory)
futex(0x5570680f1400, FUTEX_WAKE_PRIVATE, 1) = 0
statx(AT_FDCWD, "/home/xolra0d/dev/databases/touchhouse/target/debug/.fingerprint/lz4-sys-3b8cce267f53af1b/output-lib-lz4_sys", AT_STATX_SYNC_AS_STAT, STATX_ALL, 0x7ffda6d4c020) = -1 ENOENT (No such file or directory)
statx(AT_FDCWD, "/home/xolra0d/dev/databases/touchhouse/target/debug/deps/liblz4_sys-3b8cce267f53af1b.rlib", AT_STATX_SYNC_AS_STAT, STATX_ALL, {stx_mask=STATX_ALL|STATX_MNT_ID|STATX_SUBVOL, stx_attributes=0, stx_mode=S_IFREG|0644, stx_size=4421238, ...}) = 0
statx(AT_FDCWD, "/home/xolra0d/dev/databases/touchhouse/target/debug/deps/liblz4_sys-3b8cce267f53af1b.rmeta", AT_STATX_SYNC_AS_STAT, STATX_ALL, {stx_mask=STATX_ALL|STATX_MNT_ID|STATX_SUBVOL, stx_attributes=0, stx_mode=S_IFREG|0644, stx_size=41875, ...}) = 0
futex(0x5570680f1400, FUTEX_WAKE_PRIVATE, 1) = 0
futex(0x5570680f1400, FUTEX_WAKE_PRIVATE, 1) = 0
statx(AT_FDCWD, "/home/xolra0d/dev/databases/touchhouse/target/debug/.fingerprint/rmp-7c368b6a1d5d1ef2/output-lib-rmp", AT_STATX_SYNC_AS_STAT, STATX_ALL, 0x7ffda6d4c020) = -1 ENOENT (No such file or directory)
statx(AT_FDCWD, "/home/xolra0d/dev/databases/touchhouse/target/debug/deps/librmp-7c368b6a1d5d1ef2.rlib", AT_STATX_SYNC_AS_STAT, STATX_ALL, {stx_mask=STATX_ALL|STATX_MNT_ID|STATX_SUBVOL, stx_attributes=0, stx_mode=S_IFREG|0644, stx_size=608990, ...}) = 0
statx(AT_FDCWD, "/home/xolra0d/dev/databases/touchhouse/target/debug/deps/librmp-7c368b6a1d5d1ef2.rmeta", AT_STATX_SYNC_AS_STAT, STATX_ALL, {stx_mask=STATX_ALL|STATX_MNT_ID|STATX_SUBVOL, stx_attributes=0, stx_mode=S_IFREG|0644, stx_size=380633, ...}) = 0
futex(0x5570680f1400, FUTEX_WAKE_PRIVATE, 1) = 0
futex(0x5570680f1400, FUTEX_WAKE_PRIVATE, 1) = 0
statx(AT_FDCWD, "/home/xolra0d/dev/databases/touchhouse/target/debug/.fingerprint/env_filter-4114b92787b77690/output-lib-env_filter", AT_STATX_SYNC_AS_STAT, STATX_ALL, 0x7ffda6d4c020) = -1 ENOENT (No such file or directory)
statx(AT_FDCWD, "/home/xolra0d/dev/databases/touchhouse/target/debug/deps/libenv_filter-4114b92787b77690.rlib", AT_STATX_SYNC_AS_STAT, STATX_ALL, {stx_mask=STATX_ALL|STATX_MNT_ID|STATX_SUBVOL, stx_attributes=0, stx_mode=S_IFREG|0644, stx_size=1277964, ...}) = 0
statx(AT_FDCWD, "/home/xolra0d/dev/databases/touchhouse/target/debug/deps/libenv_filter-4114b92787b77690.rmeta", AT_STATX_SYNC_AS_STAT, STATX_ALL, {stx_mask=STATX_ALL|STATX_MNT_ID|STATX_SUBVOL, stx_attributes=0, stx_mode=S_IFREG|0644, stx_size=45603, ...}) = 0
futex(0x5570680f1400, FUTEX_WAKE_PRIVATE, 1) = 0
futex(0x5570680f1400, FUTEX_WAKE_PRIVATE, 1) = 0
statx(AT_FDCWD, "/home/xolra0d/dev/databases/touchhouse/target/debug/.fingerprint/dashmap-7cef67cfb66c0894/output-lib-dashmap", AT_STATX_SYNC_AS_STAT, STATX_ALL, 0x7ffda6d4c020) = -1 ENOENT (No such file or directory)
statx(AT_FDCWD, "/home/xolra0d/dev/databases/touchhouse/target/debug/deps/libdashmap-7cef67cfb66c0894.rlib", AT_STATX_SYNC_AS_STAT, STATX_ALL, {stx_mask=STATX_ALL|STATX_MNT_ID|STATX_SUBVOL, stx_attributes=0, stx_mode=S_IFREG|0644, stx_size=1038024, ...}) = 0
statx(AT_FDCWD, "/home/xolra0d/dev/databases/touchhouse/target/debug/deps/libdashmap-7cef67cfb66c0894.rmeta", AT_STATX_SYNC_AS_STAT, STATX_ALL, {stx_mask=STATX_ALL|STATX_MNT_ID|STATX_SUBVOL, stx_attributes=0, stx_mode=S_IFREG|0644, stx_size=453727, ...}) = 0
futex(0x5570680f1400, FUTEX_WAKE_PRIVATE, 1) = 0
futex(0x5570680f1400, FUTEX_WAKE_PRIVATE, 1) = 0
statx(AT_FDCWD, "/home/xolra0d/dev/databases/touchhouse/target/debug/.fingerprint/crc32fast-d17678f8d9b25d49/output-lib-crc32fast", AT_STATX_SYNC_AS_STAT, STATX_ALL, 0x7ffda6d4c020) = -1 ENOENT (No such file or directory)
statx(AT_FDCWD, "/home/xolra0d/dev/databases/touchhouse/target/debug/deps/libcrc32fast-d17678f8d9b25d49.rlib", AT_STATX_SYNC_AS_STAT, STATX_ALL, {stx_mask=STATX_ALL|STATX_MNT_ID|STATX_SUBVOL, stx_attributes=0, stx_mode=S_IFREG|0644, stx_size=222002, ...}) = 0
statx(AT_FDCWD, "/home/xolra0d/dev/databases/touchhouse/target/debug/deps/libcrc32fast-d17678f8d9b25d49.rmeta", AT_STATX_SYNC_AS_STAT, STATX_ALL, {stx_mask=STATX_ALL|STATX_MNT_ID|STATX_SUBVOL, stx_attributes=0, stx_mode=S_IFREG|0644, stx_size=46065, ...}) = 0
futex(0x5570680f1400, FUTEX_WAKE_PRIVATE, 1) = 0
futex(0x5570680f1400, FUTEX_WAKE_PRIVATE, 1) = 0
statx(AT_FDCWD, "/home/xolra0d/dev/databases/touchhouse/target/debug/.fingerprint/toml-4b1a9a7e1e4e8a1b/output-lib-toml", AT_STATX_SYNC_AS_STAT, STATX_ALL, 0x7ffda6d4c020) = -1 ENOENT (No such file or directory)
statx(AT_FDCWD, "/home/xolra0d/dev/databases/touchhouse/target/debug/deps/libtoml-4b1a9a7e1e4e8a1b.rlib", AT_STATX_SYNC_AS_STAT, STATX_ALL, {stx_mask=STATX_ALL|STATX_MNT_ID|STATX_SUBVOL, stx_attributes=0, stx_mode=S_IFREG|0644, stx_size=7601860, ...}) = 0
statx(AT_FDCWD, "/home/xolra0d/dev/databases/touchhouse/target/debug/deps/libtoml-4b1a9a7e1e4e8a1b.rmeta", AT_STATX_SYNC_AS_STAT, STATX_ALL, {stx_mask=STATX_ALL|STATX_MNT_ID|STATX_SUBVOL, stx_attributes=0, stx_mode=S_IFREG|0644, stx_size=1046363, ...}) = 0
futex(0x5570680f1400, FUTEX_WAKE_PRIVATE, 1) = 0
futex(0x5570680f1400, FUTEX_WAKE_PRIVATE, 1) = 0
futex(0x5570680f1404, FUTEX_WAKE_PRIVATE, 2147483647) = 0
futex(0x5570680eb8a8, FUTEX_WAKE_PRIVATE, 1) = 0
futex(0x5570680eb8a8, FUTEX_WAKE_PRIVATE, 1) = 0
futex(0x5570680eb8a8, FUTEX_WAKE_PRIVATE, 1) = 0
futex(0x5570680eb8a8, FUTEX_WAKE_PRIVATE, 1) = 0
futex(0x5570680eb8a8, FUTEX_WAKE_PRIVATE, 1) = 0
futex(0x5570680eb8a8, FUTEX_WAKE_PRIVATE, 1) = 0
futex(0x5570680eb8a8, FUTEX_WAKE_PRIVATE, 1) = 0
futex(0x5570680eb8a8, FUTEX_WAKE_PRIVATE, 1) = 0
futex(0x5570680eb8a8, FUTEX_WAKE_PRIVATE, 1) = 0
statx(AT_FDCWD, "/home/xolra0d/dev/databases/touchhouse/target/debug/.fingerprint/serde-23032d66a8145585/output-lib-serde", AT_STATX_SYNC_AS_STAT, STATX_ALL, 0x7ffda6d4c020) = -1 ENOENT (No such file or directory)
statx(AT_FDCWD, "/home/xolra0d/dev/databases/touchhouse/target/debug/deps/libserde-23032d66a8145585.rlib", AT_STATX_SYNC_AS_STAT, STATX_ALL, {stx_mask=STATX_ALL|STATX_MNT_ID|STATX_SUBVOL, stx_attributes=0, stx_mode=S_IFREG|0644, stx_size=1165284, ...}) = 0
statx(AT_FDCWD, "/home/xolra0d/dev/databases/touchhouse/target/debug/deps/libserde-23032d66a8145585.rmeta", AT_STATX_SYNC_AS_STAT, STATX_ALL, {stx_mask=STATX_ALL|STATX_MNT_ID|STATX_SUBVOL, stx_attributes=0, stx_mode=S_IFREG|0644, stx_size=831271, ...}) = 0
futex(0x5570680f1400, FUTEX_WAKE_PRIVATE, 1) = 0
futex(0x5570680f1400, FUTEX_WAKE_PRIVATE, 1) = 0
statx(AT_FDCWD, "/home/xolra0d/dev/databases/touchhouse/target/debug/.fingerprint/ptr_meta-ffb0ca94c49728c3/output-lib-ptr_meta", AT_STATX_SYNC_AS_STAT, STATX_ALL, 0x7ffda6d4c020) = -1 ENOENT (No such file or directory)
statx(AT_FDCWD, "/home/xolra0d/dev/databases/touchhouse/target/debug/deps/libptr_meta-ffb0ca94c49728c3.rlib", AT_STATX_SYNC_AS_STAT, STATX_ALL, {stx_mask=STATX_ALL|STATX_MNT_ID|STATX_SUBVOL, stx_attributes=0, stx_mode=S_IFREG|0644, stx_size=38322, ...}) = 0
statx(AT_FDCWD, "/home/xolra0d/dev/databases/touchhouse/target/debug/deps/libptr_meta-ffb0ca94c49728c3.rmeta", AT_STATX_SYNC_AS_STAT, STATX_ALL, {stx_mask=STATX_ALL|STATX_MNT_ID|STATX_SUBVOL, stx_attributes=0, stx_mode=S_IFREG|0644, stx_size=36813, ...}) = 0
futex(0x5570680f1400, FUTEX_WAKE_PRIVATE, 1) = 0
futex(0x5570680f1400, FUTEX_WAKE_PRIVATE, 1) = 0
statx(AT_FDCWD, "/home/xolra0d/dev/databases/touchhouse/target/debug/.fingerprint/futures-util-a0b58aebd5914b2c/output-lib-futures_util", AT_STATX_SYNC_AS_STAT, STATX_ALL, 0x7ffda6d4c020) = -1 ENOENT (No such file or directory)
statx(AT_FDCWD, "/home/xolra0d/dev/databases/touchhouse/target/debug/deps/libfutures_util-a0b58aebd5914b2c.rlib", AT_STATX_SYNC_AS_STAT, STATX_ALL, {stx_mask=STATX_ALL|STATX_MNT_ID|STATX_SUBVOL, stx_attributes=0, stx_mode=S_IFREG|0644, stx_size=6754894, ...}) = 0
statx(AT_FDCWD, "/home/xolra0d/dev/databases/touchhouse/target/debug/deps/libfutures_util-a0b58aebd5914b2c.rmeta", AT_STATX_SYNC_AS_STAT, STATX_ALL, {stx_mask=STATX_ALL|STATX_MNT_ID|STATX_SUBVOL, stx_attributes=0, stx_mode=S_IFREG|0644, stx_size=5854910, ...}) = 0
futex(0x5570680f1400, FUTEX_WAKE_PRIVATE, 1) = 0
futex(0x5570680f1400, FUTEX_WAKE_PRIVATE, 1) = 0
statx(AT_FDCWD, "/home/xolra0d/dev/databases/touchhouse/target/debug/.fingerprint/stacker-aa6847a1a347561c/output-lib-stacker", AT_STATX_SYNC_AS_STAT, STATX_ALL, 0x7ffda6d4c020) = -1 ENOENT (No such file or directory)
statx(AT_FDCWD, "/home/xolra0d/dev/databases/touchhouse/target/debug/deps/libstacker-aa6847a1a347561c.rlib", AT_STATX_SYNC_AS_STAT, STATX_ALL, {stx_mask=STATX_ALL|STATX_MNT_ID|STATX_SUBVOL, stx_attributes=0, stx_mode=S_IFREG|0644, stx_size=264336, ...}) = 0
statx(AT_FDCWD, "/home/xolra0d/dev/databases/touchhouse/target/debug/deps/libstacker-aa6847a1a347561c.rmeta", AT_STATX_SYNC_AS_STAT, STATX_ALL, {stx_mask=STATX_ALL|STATX_MNT_ID|STATX_SUBVOL, stx_attributes=0, stx_mode=S_IFREG|0644, stx_size=20580, ...}) = 0
futex(0x5570680f1400, FUTEX_WAKE_PRIVATE, 1) = 0
futex(0x5570680f1400, FUTEX_WAKE_PRIVATE, 1) = 0
statx(AT_FDCWD, "/home/xolra0d/dev/databases/touchhouse/target/debug/.fingerprint/munge-1b9d1b4382d402d8/output-lib-munge", AT_STATX_SYNC_AS_STAT, STATX_ALL, 0x7ffda6d4c020) = -1 ENOENT (No such file or directory)
statx(AT_FDCWD, "/home/xolra0d/dev/databases/touchhouse/target/debug/deps/libmunge-1b9d1b4382d402d8.rlib", AT_STATX_SYNC_AS_STAT, STATX_ALL, {stx_mask=STATX_ALL|STATX_MNT_ID|STATX_SUBVOL, stx_attributes=0, stx_mode=S_IFREG|0644, stx_size=72004, ...}) = 0
statx(AT_FDCWD, "/home/xolra0d/dev/databases/touchhouse/target/debug/deps/libmunge-1b9d1b4382d402d8.rmeta", AT_STATX_SYNC_AS_STAT, STATX_ALL, {stx_mask=STATX_ALL|STATX_MNT_ID|STATX_SUBVOL, stx_attributes=0, stx_mode=S_IFREG|0644, stx_size=70503, ...}) = 0
futex(0x5570680f1400, FUTEX_WAKE_PRIVATE, 1) = 0
futex(0x5570680f1400, FUTEX_WAKE_PRIVATE, 1) = 0
statx(AT_FDCWD, "/home/xolra0d/dev/databases/touchhouse/target/debug/.fingerprint/rayon-core-af936d5901b0fce8/output-lib-rayon_core", AT_STATX_SYNC_AS_STAT, STATX_ALL, 0x7ffda6d4c020) = -1 ENOENT (No such file or directory)
statx(AT_FDCWD, "/home/xolra0d/dev/databases/touchhouse/target/debug/deps/librayon_core-af936d5901b0fce8.rlib", AT_STATX_SYNC_AS_STAT, STATX_ALL, {stx_mask=STATX_ALL|STATX_MNT_ID|STATX_SUBVOL, stx_attributes=0, stx_mode=S_IFREG|0644, stx_size=3300882, ...}) = 0
statx(AT_FDCWD, "/home/xolra0d/dev/databases/touchhouse/target/debug/deps/librayon_core-af936d5901b0fce8.rmeta", AT_STATX_SYNC_AS_STAT, STATX_ALL, {stx_mask=STATX_ALL|STATX_MNT_ID|STATX_SUBVOL, stx_attributes=0, stx_mode=S_IFREG|0644, stx_size=481902, ...}) = 0
futex(0x5570680f1400, FUTEX_WAKE_PRIVATE, 1) = 0
futex(0x5570680f1400, FUTEX_WAKE_PRIVATE, 1) = 0
statx(AT_FDCWD, "/home/xolra0d/dev/databases/touchhouse/target/debug/.fingerprint/tokio-2a7bbe414e908c92/output-lib-tokio", AT_STATX_SYNC_AS_STAT, STATX_ALL, 0x7ffda6d4c020) = -1 ENOENT (No such file or directory)
statx(AT_FDCWD, "/home/xolra0d/dev/databases/touchhouse/target/debug/deps/libtokio-2a7bbe414e908c92.rlib", AT_STATX_SYNC_AS_STAT, STATX_ALL, {stx_mask=STATX_ALL|STATX_MNT_ID|STATX_SUBVOL, stx_attributes=0, stx_mode=S_IFREG|0644, stx_size=17455046, ...}) = 0
statx(AT_FDCWD, "/home/xolra0d/dev/databases/touchhouse/target/debug/deps/libtokio-2a7bbe414e908c92.rmeta", AT_STATX_SYNC_AS_STAT, STATX_ALL, {stx_mask=STATX_ALL|STATX_MNT_ID|STATX_SUBVOL, stx_attributes=0, stx_mode=S_IFREG|0644, stx_size=5066232, ...}) = 0
futex(0x5570680f1400, FUTEX_WAKE_PRIVATE, 1) = 0
futex(0x5570680f1400, FUTEX_WAKE_PRIVATE, 1) = 0
statx(AT_FDCWD, "/home/xolra0d/dev/databases/touchhouse/target/debug/.fingerprint/env_logger-2b275f3d143f10be/output-lib-env_logger", AT_STATX_SYNC_AS_STAT, STATX_ALL, 0x7ffda6d4c020) = -1 ENOENT (No such file or directory)
statx(AT_FDCWD, "/home/xolra0d/dev/databases/touchhouse/target/debug/deps/libenv_logger-2b275f3d143f10be.rlib", AT_STATX_SYNC_AS_STAT, STATX_ALL, {stx_mask=STATX_ALL|STATX_MNT_ID|STATX_SUBVOL, stx_attributes=0, stx_mode=S_IFREG|0644, stx_size=1230008, ...}) = 0
statx(AT_FDCWD, "/home/xolra0d/dev/databases/touchhouse/target/debug/deps/libenv_logger-2b275f3d143f10be.rmeta", AT_STATX_SYNC_AS_STAT, STATX_ALL, {stx_mask=STATX_ALL|STATX_MNT_ID|STATX_SUBVOL, stx_attributes=0, stx_mode=S_IFREG|0644, stx_size=176224, ...}) = 0
futex(0x5570680f1400, FUTEX_WAKE_PRIVATE, 1) = 0
futex(0x5570680f1400, FUTEX_WAKE_PRIVATE, 1) = 0
statx(AT_FDCWD, "/home/xolra0d/dev/databases/touchhouse/target/debug/.fingerprint/lz4-d28c61803ac2d7bd/output-lib-lz4", AT_STATX_SYNC_AS_STAT, STATX_ALL, 0x7ffda6d4c020) = -1 ENOENT (No such file or directory)
statx(AT_FDCWD, "/home/xolra0d/dev/databases/touchhouse/target/debug/deps/liblz4-d28c61803ac2d7bd.rlib", AT_STATX_SYNC_AS_STAT, STATX_ALL, {stx_mask=STATX_ALL|STATX_MNT_ID|STATX_SUBVOL, stx_attributes=0, stx_mode=S_IFREG|0644, stx_size=291686, ...}) = 0
statx(AT_FDCWD, "/home/xolra0d/dev/databases/touchhouse/target/debug/deps/liblz4-d28c61803ac2d7bd.rmeta", AT_STATX_SYNC_AS_STAT, STATX_ALL, {stx_mask=STATX_ALL|STATX_MNT_ID|STATX_SUBVOL, stx_attributes=0, stx_mode=S_IFREG|0644, stx_size=73526, ...}) = 0
futex(0x5570680f1400, FUTEX_WAKE_PRIVATE, 1) = 0
futex(0x5570680f1400, FUTEX_WAKE_PRIVATE, 1) = 0
statx(AT_FDCWD, "/home/xolra0d/dev/databases/touchhouse/target/debug/.fingerprint/derive_more-0aa5697b7252f5e7/output-lib-derive_more", AT_STATX_SYNC_AS_STAT, STATX_ALL, 0x7ffda6d4c020) = -1 ENOENT (No such file or directory)
statx(AT_FDCWD, "/home/xolra0d/dev/databases/touchhouse/target/debug/deps/libderive_more-0aa5697b7252f5e7.rlib", AT_STATX_SYNC_AS_STAT, STATX_ALL, {stx_mask=STATX_ALL|STATX_MNT_ID|STATX_SUBVOL, stx_attributes=0, stx_mode=S_IFREG|0644, stx_size=16016, ...}) = 0
statx(AT_FDCWD, "/home/xolra0d/dev/databases/touchhouse/target/debug/deps/libderive_more-0aa5697b7252f5e7.rmeta", AT_STATX_SYNC_AS_STAT, STATX_ALL, {stx_mask=STATX_ALL|STATX_MNT_ID|STATX_SUBVOL, stx_attributes=0, stx_mode=S_IFREG|0644, stx_size=14493, ...}) = 0
futex(0x5570680f1400, FUTEX_WAKE_PRIVATE, 1) = 0
futex(0x5570680f1400, FUTEX_WAKE_PRIVATE, 1) = 0
futex(0x5570680f1404, FUTEX_WAKE_PRIVATE, 2147483647) = 0
futex(0x5570680eb8a8, FUTEX_WAKE_PRIVATE, 1) = 0
futex(0x5570680eb8a8, FUTEX_WAKE_PRIVATE, 1) = 0
futex(0x5570680eb8a8, FUTEX_WAKE_PRIVATE, 1) = 0
futex(0x5570680eb8a8, FUTEX_WAKE_PRIVATE, 1) = 0
futex(0x5570680eb8a8, FUTEX_WAKE_PRIVATE, 1) = 0
futex(0x5570680eb8a8, FUTEX_WAKE_PRIVATE, 1) = 0
statx(AT_FDCWD, "/home/xolra0d/dev/databases/touchhouse/target/debug/.fingerprint/uuid-f6df0553be96a973/output-lib-uuid", AT_STATX_SYNC_AS_STAT, STATX_ALL, 0x7ffda6d4c020) = -1 ENOENT (No such file or directory)
statx(AT_FDCWD, "/home/xolra0d/dev/databases/touchhouse/target/debug/deps/libuuid-f6df0553be96a973.rlib", AT_STATX_SYNC_AS_STAT, STATX_ALL, {stx_mask=STATX_ALL|STATX_MNT_ID|STATX_SUBVOL, stx_attributes=0, stx_mode=S_IFREG|0644, stx_size=1178978, ...}) = 0
statx(AT_FDCWD, "/home/xolra0d/dev/databases/touchhouse/target/debug/deps/libuuid-f6df0553be96a973.rmeta", AT_STATX_SYNC_AS_STAT, STATX_ALL, {stx_mask=STATX_ALL|STATX_MNT_ID|STATX_SUBVOL, stx_attributes=0, stx_mode=S_IFREG|0644, stx_size=532557, ...}) = 0
futex(0x5570680f1400, FUTEX_WAKE_PRIVATE, 1) = 0
futex(0x5570680f1400, FUTEX_WAKE_PRIVATE, 1) = 0
statx(AT_FDCWD, "/home/xolra0d/dev/databases/touchhouse/target/debug/.fingerprint/rancor-64f671c61b06b3fa/output-lib-rancor", AT_STATX_SYNC_AS_STAT, STATX_ALL, 0x7ffda6d4c020) = -1 ENOENT (No such file or directory)
statx(AT_FDCWD, "/home/xolra0d/dev/databases/touchhouse/target/debug/deps/librancor-64f671c61b06b3fa.rlib", AT_STATX_SYNC_AS_STAT, STATX_ALL, {stx_mask=STATX_ALL|STATX_MNT_ID|STATX_SUBVOL, stx_attributes=0, stx_mode=S_IFREG|0644, stx_size=138874, ...}) = 0
statx(AT_FDCWD, "/home/xolra0d/dev/databases/touchhouse/target/debug/deps/librancor-64f671c61b06b3fa.rmeta", AT_STATX_SYNC_AS_STAT, STATX_ALL, {stx_mask=STATX_ALL|STATX_MNT_ID|STATX_SUBVOL, stx_attributes=0, stx_mode=S_IFREG|0644, stx_size=89738, ...}) = 0
futex(0x5570680f1400, FUTEX_WAKE_PRIVATE, 1) = 0
futex(0x5570680f1400, FUTEX_WAKE_PRIVATE, 1) = 0
statx(AT_FDCWD, "/home/xolra0d/dev/databases/touchhouse/target/debug/.fingerprint/futures-executor-61bf9df273ba576f/output-lib-futures_executor", AT_STATX_SYNC_AS_STAT, STATX_ALL, 0x7ffda6d4c020) = -1 ENOENT (No such file or directory)
statx(AT_FDCWD, "/home/xolra0d/dev/databases/touchhouse/target/debug/deps/libfutures_executor-61bf9df273ba576f.rlib", AT_STATX_SYNC_AS_STAT, STATX_ALL, {stx_mask=STATX_ALL|STATX_MNT_ID|STATX_SUBVOL, stx_attributes=0, stx_mode=S_IFREG|0644, stx_size=864822, ...}) = 0
statx(AT_FDCWD, "/home/xolra0d/dev/databases/touchhouse/target/debug/deps/libfutures_executor-61bf9df273ba576f.rmeta", AT_STATX_SYNC_AS_STAT, STATX_ALL, {stx_mask=STATX_ALL|STATX_MNT_ID|STATX_SUBVOL, stx_attributes=0, stx_mode=S_IFREG|0644, stx_size=55522, ...}) = 0
futex(0x5570680f1400, FUTEX_WAKE_PRIVATE, 1) = 0
futex(0x5570680f1400, FUTEX_WAKE_PRIVATE, 1) = 0
statx(AT_FDCWD, "/home/xolra0d/dev/databases/touchhouse/target/debug/.fingerprint/recursive-4aee691ee13520ec/output-lib-recursive", AT_STATX_SYNC_AS_STAT, STATX_ALL, 0x7ffda6d4c020) = -1 ENOENT (No such file or directory)
statx(AT_FDCWD, "/home/xolra0d/dev/databases/touchhouse/target/debug/deps/librecursive-4aee691ee13520ec.rlib", AT_STATX_SYNC_AS_STAT, STATX_ALL, {stx_mask=STATX_ALL|STATX_MNT_ID|STATX_SUBVOL, stx_attributes=0, stx_mode=S_IFREG|0644, stx_size=30060, ...}) = 0
statx(AT_FDCWD, "/home/xolra0d/dev/databases/touchhouse/target/debug/deps/librecursive-4aee691ee13520ec.rmeta", AT_STATX_SYNC_AS_STAT, STATX_ALL, {stx_mask=STATX_ALL|STATX_MNT_ID|STATX_SUBVOL, stx_attributes=0, stx_mode=S_IFREG|0644, stx_size=7555, ...}) = 0
futex(0x5570680f1400, FUTEX_WAKE_PRIVATE, 1) = 0
futex(0x5570680f1400, FUTEX_WAKE_PRIVATE, 1) = 0
statx(AT_FDCWD, "/home/xolra0d/dev/databases/touchhouse/target/debug/.fingerprint/tokio-util-ba0182ae1afa6850/output-lib-tokio_util", AT_STATX_SYNC_AS_STAT, STATX_ALL, 0x7ffda6d4c020) = -1 ENOENT (No such file or directory)
statx(AT_FDCWD, "/home/xolra0d/dev/databases/touchhouse/target/debug/deps/libtokio_util-ba0182ae1afa6850.rlib", AT_STATX_SYNC_AS_STAT, STATX_ALL, {stx_mask=STATX_ALL|STATX_MNT_ID|STATX_SUBVOL, stx_attributes=0, stx_mode=S_IFREG|0644, stx_size=1528170, ...}) = 0
statx(AT_FDCWD, "/home/xolra0d/dev/databases/touchhouse/target/debug/deps/libtokio_util-ba0182ae1afa6850.rmeta", AT_STATX_SYNC_AS_STAT, STATX_ALL, {stx_mask=STATX_ALL|STATX_MNT_ID|STATX_SUBVOL, stx_attributes=0, stx_mode=S_IFREG|0644, stx_size=656224, ...}) = 0
futex(0x5570680f1400, FUTEX_WAKE_PRIVATE, 1) = 0
futex(0x5570680f1400, FUTEX_WAKE_PRIVATE, 1) = 0
statx(AT_FDCWD, "/home/xolra0d/dev/databases/touchhouse/target/debug/.fingerprint/rayon-326a8135345a47f9/output-lib-rayon", AT_STATX_SYNC_AS_STAT, STATX_ALL, 0x7ffda6d4c020) = -1 ENOENT (No such file or directory)
statx(AT_FDCWD, "/home/xolra0d/dev/databases/touchhouse/target/debug/deps/librayon-326a8135345a47f9.rlib", AT_STATX_SYNC_AS_STAT, STATX_ALL, {stx_mask=STATX_ALL|STATX_MNT_ID|STATX_SUBVOL, stx_attributes=0, stx_mode=S_IFREG|0644, stx_size=4770362, ...}) = 0
statx(AT_FDCWD, "/home/xolra0d/dev/databases/touchhouse/target/debug/deps/librayon-326a8135345a47f9.rmeta", AT_STATX_SYNC_AS_STAT, STATX_ALL, {stx_mask=STATX_ALL|STATX_MNT_ID|STATX_SUBVOL, stx_attributes=0, stx_mode=S_IFREG|0644, stx_size=4019508, ...}) = 0
futex(0x5570680f1400, FUTEX_WAKE_PRIVATE, 1) = 0
futex(0x5570680f1400, FUTEX_WAKE_PRIVATE, 1) = 0
statx(AT_FDCWD, "/home/xolra0d/dev/databases/touchhouse/target/debug/.fingerprint/rmp-serde-706ac022cd2250bb/output-lib-rmp_serde", AT_STATX_SYNC_AS_STAT, STATX_ALL, 0x7ffda6d4c020) = -1 ENOENT (No such file or directory)
statx(AT_FDCWD, "/home/xolra0d/dev/databases/touchhouse/target/debug/deps/librmp_serde-706ac022cd2250bb.rlib", AT_STATX_SYNC_AS_STAT, STATX_ALL, {stx_mask=STATX_ALL|STATX_MNT_ID|STATX_SUBVOL, stx_attributes=0, stx_mode=S_IFREG|0644, stx_size=729894, ...}) = 0
statx(AT_FDCWD, "/home/xolra0d/dev/databases/touchhouse/target/debug/deps/librmp_serde-706ac022cd2250bb.rmeta", AT_STATX_SYNC_AS_STAT, STATX_ALL, {stx_mask=STATX_ALL|STATX_MNT_ID|STATX_SUBVOL, stx_attributes=0, stx_mode=S_IFREG|0644, stx_size=556012, ...}) = 0
futex(0x5570680f1400, FUTEX_WAKE_PRIVATE, 1) = 0
futex(0x5570680f1400, FUTEX_WAKE_PRIVATE, 1) = 0
futex(0x5570680f1404, FUTEX_WAKE_PRIVATE, 2147483647) = 0
futex(0x5570680eb8a8, FUTEX_WAKE_PRIVATE, 1) = 0
futex(0x5570680eb8a8, FUTEX_WAKE_PRIVATE, 1) = 0
statx(AT_FDCWD, "/home/xolra0d/dev/databases/touchhouse/target/debug/.fingerprint/bytecheck-b88220438f2bf95c/output-lib-bytecheck", AT_STATX_SYNC_AS_STAT, STATX_ALL, 0x7ffda6d4c020) = -1 ENOENT (No such file or directory)
statx(AT_FDCWD, "/home/xolra0d/dev/databases/touchhouse/target/debug/deps/libbytecheck-b88220438f2bf95c.rlib", AT_STATX_SYNC_AS_STAT, STATX_ALL, {stx_mask=STATX_ALL|STATX_MNT_ID|STATX_SUBVOL, stx_attributes=0, stx_mode=S_IFREG|0644, stx_size=281754, ...}) = 0
statx(AT_FDCWD, "/home/xolra0d/dev/databases/touchhouse/target/debug/deps/libbytecheck-b88220438f2bf95c.rmeta", AT_STATX_SYNC_AS_STAT, STATX_ALL, {stx_mask=STATX_ALL|STATX_MNT_ID|STATX_SUBVOL, stx_attributes=0, stx_mode=S_IFREG|0644, stx_size=248420, ...}) = 0
futex(0x5570680f1400, FUTEX_WAKE_PRIVATE, 1) = 0
futex(0x5570680f1400, FUTEX_WAKE_PRIVATE, 1) = 0
statx(AT_FDCWD, "/home/xolra0d/dev/databases/touchhouse/target/debug/.fingerprint/sqlparser-e29e2d04ead0b934/output-lib-sqlparser", AT_STATX_SYNC_AS_STAT, STATX_ALL, 0x7ffda6d4c020) = -1 ENOENT (No such file or directory)
statx(AT_FDCWD, "/home/xolra0d/dev/databases/touchhouse/target/debug/deps/libsqlparser-e29e2d04ead0b934.rlib", AT_STATX_SYNC_AS_STAT, STATX_ALL, {stx_mask=STATX_ALL|STATX_MNT_ID|STATX_SUBVOL, stx_attributes=0, stx_mode=S_IFREG|0644, stx_size=62605892, ...}) = 0
statx(AT_FDCWD, "/home/xolra0d/dev/databases/touchhouse/target/debug/deps/libsqlparser-e29e2d04ead0b934.rmeta", AT_STATX_SYNC_AS_STAT, STATX_ALL, {stx_mask=STATX_ALL|STATX_MNT_ID|STATX_SUBVOL, stx_attributes=0, stx_mode=S_IFREG|0644, stx_size=9132991, ...}) = 0
futex(0x5570680f1400, FUTEX_WAKE_PRIVATE, 1) = 0
futex(0x5570680f1400, FUTEX_WAKE_PRIVATE, 1) = 0
statx(AT_FDCWD, "/home/xolra0d/dev/databases/touchhouse/target/debug/.fingerprint/futures-90e4937ca2efdf26/output-lib-futures", AT_STATX_SYNC_AS_STAT, STATX_ALL, 0x7ffda6d4c020) = -1 ENOENT (No such file or directory)
statx(AT_FDCWD, "/home/xolra0d/dev/databases/touchhouse/target/debug/deps/libfutures-90e4937ca2efdf26.rlib", AT_STATX_SYNC_AS_STAT, STATX_ALL, {stx_mask=STATX_ALL|STATX_MNT_ID|STATX_SUBVOL, stx_attributes=0, stx_mode=S_IFREG|0644, stx_size=19032, ...}) = 0
statx(AT_FDCWD, "/home/xolra0d/dev/databases/touchhouse/target/debug/deps/libfutures-90e4937ca2efdf26.rmeta", AT_STATX_SYNC_AS_STAT, STATX_ALL, {stx_mask=STATX_ALL|STATX_MNT_ID|STATX_SUBVOL, stx_attributes=0, stx_mode=S_IFREG|0644, stx_size=17524, ...}) = 0
futex(0x5570680f1400, FUTEX_WAKE_PRIVATE, 1) = 0
futex(0x5570680f1400, FUTEX_WAKE_PRIVATE, 1) = 0
futex(0x5570680f1404, FUTEX_WAKE_PRIVATE, 2147483647) = 0
statx(AT_FDCWD, "/home/xolra0d/dev/databases/touchhouse/target/debug/.fingerprint/rend-2fafe8577d002c4a/output-lib-rend", AT_STATX_SYNC_AS_STAT, STATX_ALL, 0x7ffda6d4c020) = -1 ENOENT (No such file or directory)
statx(AT_FDCWD, "/home/xolra0d/dev/databases/touchhouse/target/debug/deps/librend-2fafe8577d002c4a.rlib", AT_STATX_SYNC_AS_STAT, STATX_ALL, {stx_mask=STATX_ALL|STATX_MNT_ID|STATX_SUBVOL, stx_attributes=0, stx_mode=S_IFREG|0644, stx_size=9061838, ...}) = 0
statx(AT_FDCWD, "/home/xolra0d/dev/databases/touchhouse/target/debug/deps/librend-2fafe8577d002c4a.rmeta", AT_STATX_SYNC_AS_STAT, STATX_ALL, {stx_mask=STATX_ALL|STATX_MNT_ID|STATX_SUBVOL, stx_attributes=0, stx_mode=S_IFREG|0644, stx_size=8527262, ...}) = 0
futex(0x5570680f1400, FUTEX_WAKE_PRIVATE, 1) = 0
futex(0x5570680f1400, FUTEX_WAKE_PRIVATE, 1) = 0
futex(0x5570680f1404, FUTEX_WAKE_PRIVATE, 2147483647) = 0
statx(AT_FDCWD, "/home/xolra0d/dev/databases/touchhouse/target/debug/.fingerprint/rkyv-9eb601d46f271867/output-lib-rkyv", AT_STATX_SYNC_AS_STAT, STATX_ALL, 0x7ffda6d4c020) = -1 ENOENT (No such file or directory)
statx(AT_FDCWD, "/home/xolra0d/dev/databases/touchhouse/target/debug/deps/librkyv-9eb601d46f271867.rlib", AT_STATX_SYNC_AS_STAT, STATX_ALL, {stx_mask=STATX_ALL|STATX_MNT_ID|STATX_SUBVOL, stx_attributes=0, stx_mode=S_IFREG|0644, stx_size=5786470, ...}) = 0
statx(AT_FDCWD, "/home/xolra0d/dev/databases/touchhouse/target/debug/deps/librkyv-9eb601d46f271867.rmeta", AT_STATX_SYNC_AS_STAT, STATX_ALL, {stx_mask=STATX_ALL|STATX_MNT_ID|STATX_SUBVOL, stx_attributes=0, stx_mode=S_IFREG|0644, stx_size=5057855, ...}) = 0
futex(0x5570680f1400, FUTEX_WAKE_PRIVATE, 1) = 0
futex(0x5570680f1400, FUTEX_WAKE_PRIVATE, 1) = 0
futex(0x5570680f1404, FUTEX_WAKE_PRIVATE, 2147483647) = 0
statx(AT_FDCWD, "/home/xolra0d/dev/databases/touchhouse/target/debug/.fingerprint/touchhouse-78cc293b3d453b09/output-lib-touchhouse", AT_STATX_SYNC_AS_STAT, STATX_ALL, {stx_mask=STATX_ALL|STATX_MNT_ID|STATX_SUBVOL, stx_attributes=0, stx_mode=S_IFREG|0644, stx_size=13606, ...}) = 0
openat(AT_FDCWD, "/home/xolra0d/dev/databases/touchhouse/target/debug/.fingerprint/touchhouse-78cc293b3d453b09/output-lib-touchhouse", O_RDONLY|O_CLOEXEC) = 12
read(12, "{\"$message_type\":\"diagnostic\",\"m"..., 8192) = 8192
write(2, "\33[1m\33[33mwarning\33[0m\33[1m: unused"..., 484) = 484
write(2, "\n", 1)                       = 1
futex(0x5570680f1400, FUTEX_WAKE_PRIVATE, 1) = 0
write(2, "\33[1m\33[33mwarning\33[0m\33[1m: unused"..., 331) = 331
write(2, "\n", 1)                       = 1
futex(0x5570680f1400, FUTEX_WAKE_PRIVATE, 1) = 0
write(2, "\33[1m\33[33mwarning\33[0m\33[1m: unused"..., 325) = 325
write(2, "\n", 1)                       = 1
futex(0x5570680f1400, FUTEX_WAKE_PRIVATE, 1) = 0
write(2, "\33[1m\33[33mwarning\33[0m\33[1m: method"..., 799) = 799
write(2, "\n", 1)                       = 1
futex(0x5570680f1400, FUTEX_WAKE_PRIVATE, 1) = 0
read(12, "n_indexes(&self, col_def_idxs: &"..., 8192) = 5414
write(2, "\33[1m\33[33mwarning\33[0m\33[1m: method"..., 711) = 711
write(2, "\n", 1)                       = 1
futex(0x5570680f1400, FUTEX_WAKE_PRIVATE, 1) = 0
write(2, "\33[1m\33[33mwarning\33[0m\33[1m: functi"..., 310) = 310
write(2, "\n", 1)                       = 1
futex(0x5570680f1400, FUTEX_WAKE_PRIVATE, 1) = 0
write(2, "\33[1m\33[33mwarning\33[0m\33[1m: functi"..., 289) = 289
write(2, "\n", 1)                       = 1
futex(0x5570680f1400, FUTEX_WAKE_PRIVATE, 1) = 0
write(2, "\33[1m\33[33mwarning\33[0m\33[1m: associ"..., 466) = 466
write(2, "\n", 1)                       = 1
futex(0x5570680f1400, FUTEX_WAKE_PRIVATE, 1) = 0
read(12, "", 8192)                      = 0
close(12)                               = 0
statx(AT_FDCWD, "/home/xolra0d/dev/databases/touchhouse/target/debug/deps/libtouchhouse-78cc293b3d453b09.rlib", AT_STATX_SYNC_AS_STAT, STATX_ALL, {stx_mask=STATX_ALL|STATX_MNT_ID|STATX_SUBVOL, stx_attributes=0, stx_mode=S_IFREG|0644, stx_size=32732194, ...}) = 0
openat(AT_FDCWD, "/home/xolra0d/dev/databases/touchhouse/target/debug/deps/libtouchhouse-78cc293b3d453b09.rlib", O_RDONLY|O_CLOEXEC) = 12
statx(12, "", AT_STATX_SYNC_AS_STAT|AT_EMPTY_PATH, STATX_ALL, {stx_mask=STATX_ALL|STATX_MNT_ID|STATX_SUBVOL, stx_attributes=0, stx_mode=S_IFREG|0644, stx_size=32732194, ...}) = 0
openat(AT_FDCWD, "/home/xolra0d/dev/databases/touchhouse/target/debug/libtouchhouse.rlib", O_RDONLY|O_CLOEXEC) = 13
statx(13, "", AT_STATX_SYNC_AS_STAT|AT_EMPTY_PATH, STATX_ALL, {stx_mask=STATX_ALL|STATX_MNT_ID|STATX_SUBVOL, stx_attributes=0, stx_mode=S_IFREG|0644, stx_size=32732194, ...}) = 0
close(13)                               = 0
close(12)                               = 0
statx(AT_FDCWD, "/home/xolra0d/dev/databases/touchhouse/target/debug/deps/libtouchhouse-78cc293b3d453b09.rmeta", AT_STATX_SYNC_AS_STAT, STATX_ALL, {stx_mask=STATX_ALL|STATX_MNT_ID|STATX_SUBVOL, stx_attributes=0, stx_mode=S_IFREG|0644, stx_size=1169972, ...}) = 0
futex(0x5570680f1400, FUTEX_WAKE_PRIVATE, 1) = 0
futex(0x5570680f1404, FUTEX_WAKE_PRIVATE, 2147483647) = 0
write(2, "\33[1m\33[33mwarning\33[0m: `touchhous"..., 123) = 123
statx(AT_FDCWD, "/home/xolra0d/dev/databases/touchhouse/target/debug/.fingerprint/touchhouse-f9d472b5962d079f/output-bin-touchhouse", AT_STATX_SYNC_AS_STAT, STATX_ALL, 0x7ffda6d4c020) = -1 ENOENT (No such file or directory)
statx(AT_FDCWD, "/home/xolra0d/dev/databases/touchhouse/target/debug/deps/touchhouse-f9d472b5962d079f", AT_STATX_SYNC_AS_STAT, STATX_ALL, {stx_mask=STATX_ALL|STATX_MNT_ID|STATX_SUBVOL, stx_attributes=0, stx_mode=S_IFREG|0755, stx_size=73756064, ...}) = 0
openat(AT_FDCWD, "/home/xolra0d/dev/databases/touchhouse/target/debug/deps/touchhouse-f9d472b5962d079f", O_RDONLY|O_CLOEXEC) = 12
statx(12, "", AT_STATX_SYNC_AS_STAT|AT_EMPTY_PATH, STATX_ALL, {stx_mask=STATX_ALL|STATX_MNT_ID|STATX_SUBVOL, stx_attributes=0, stx_mode=S_IFREG|0755, stx_size=73756064, ...}) = 0
openat(AT_FDCWD, "/home/xolra0d/dev/databases/touchhouse/target/debug/touchhouse", O_RDONLY|O_CLOEXEC) = 13
statx(13, "", AT_STATX_SYNC_AS_STAT|AT_EMPTY_PATH, STATX_ALL, {stx_mask=STATX_ALL|STATX_MNT_ID|STATX_SUBVOL, stx_attributes=0, stx_mode=S_IFREG|0755, stx_size=73756064, ...}) = 0
close(13)                               = 0
close(12)                               = 0
statx(AT_FDCWD, "/home/xolra0d/dev/databases/touchhouse/target/debug/deps/touchhouse-f9d472b5962d079f.dwp", AT_STATX_SYNC_AS_STAT, STATX_ALL, 0x7ffda6d4be10) = -1 ENOENT (No such file or directory)
futex(0x5570680f1400, FUTEX_WAKE_PRIVATE, 1) = 0
futex(0x5570680f1404, FUTEX_WAKE_PRIVATE, 2147483647) = 0
write(2, "\33[1m\33[92m    Finished\33[0m \33]8;;h"..., 171) = 171
write(9, "|", 1)                        = 1
write(9, "|", 1)                        = 1
write(9, "|", 1)                        = 1
write(9, "|", 1)                        = 1
write(9, "|", 1)                        = 1
write(9, "|", 1)                        = 1
write(9, "|", 1)                        = 1
write(9, "|", 1)                        = 1
write(9, "|", 1)                        = 1
write(9, "|", 1)                        = 1
write(9, "|", 1)                        = 1
write(9, "|", 1)                        = 1
write(9, "|", 1)                        = 1
write(9, "|", 1)                        = 1
write(9, "|", 1)                        = 1
write(9, "|", 1)                        = 1
write(9, "|", 1)                        = 1
write(9, "|", 1)                        = 1
write(9, "|", 1)                        = 1
write(9, "|", 1)                        = 1
write(9, "|", 1)                        = 1
futex(0x5570680eb8a8, FUTEX_WAKE_PRIVATE, 1) = 0
rt_sigprocmask(SIG_BLOCK, ~[], [], 8)   = 0
getpid()                                = 1064834
tgkill(1064834, 1064963, SIGUSR1)       = 0
rt_sigprocmask(SIG_SETMASK, [], NULL, 8) = 0
futex(0x5570680eb890, FUTEX_WAKE_PRIVATE, 1) = 1
sched_yield()                           = 0
openat(AT_FDCWD, "/home/xolra0d/dev/databases/touchhouse/target/debug/.fingerprint/touchhouse-78cc293b3d453b09/dep-lib-touchhouse", O_RDONLY|O_CLOEXEC) = 12
statx(12, "", AT_STATX_SYNC_AS_STAT|AT_EMPTY_PATH, STATX_ALL, {stx_mask=STATX_ALL|STATX_MNT_ID|STATX_SUBVOL, stx_attributes=0, stx_mode=S_IFREG|0644, stx_size=1187, ...}) = 0
read(12, "\1\0\0\0\377\1%\0\0\0\0\24\0\0\0src/tcp_io_parser"..., 1187) = 1187
read(12, "", 32)                        = 0
close(12)                               = 0
openat(AT_FDCWD, "/home/xolra0d/dev/databases/touchhouse/target/debug/libtouchhouse.d", O_RDONLY|O_CLOEXEC) = 12
statx(12, "", AT_STATX_SYNC_AS_STAT|AT_EMPTY_PATH, STATX_ALL, {stx_mask=STATX_ALL|STATX_MNT_ID|STATX_SUBVOL, stx_attributes=0, stx_mode=S_IFREG|0644, stx_size=2503, ...}) = 0
read(12, "/home/xolra0d/dev/databases/touc"..., 2503) = 2503
read(12, "", 32)                        = 0
close(12)                               = 0
openat(AT_FDCWD, "/home/xolra0d/dev/databases/touchhouse/target/debug/libtouchhouse.d", O_WRONLY|O_CREAT|O_TRUNC|O_CLOEXEC, 0666) = 12
write(12, "/home/xolra0d/dev/databases/touc"..., 2503) = 2503
close(12)                               = 0
openat(AT_FDCWD, "/home/xolra0d/dev/databases/touchhouse/target/debug/.fingerprint/touchhouse-f9d472b5962d079f/dep-bin-touchhouse", O_RDONLY|O_CLOEXEC) = 12
statx(12, "", AT_STATX_SYNC_AS_STAT|AT_EMPTY_PATH, STATX_ALL, {stx_mask=STATX_ALL|STATX_MNT_ID|STATX_SUBVOL, stx_attributes=0, stx_mode=S_IFREG|0644, stx_size=31, ...}) = 0
read(12, "\1\0\0\0\377\1\1\0\0\0\0\v\0\0\0src/main.rs\0\0\0\0\0", 31) = 31
read(12, "", 32)                        = 0
close(12)                               = 0
openat(AT_FDCWD, "/home/xolra0d/dev/databases/touchhouse/target/debug/.fingerprint/touchhouse-78cc293b3d453b09/dep-lib-touchhouse", O_RDONLY|O_CLOEXEC) = 12
statx(12, "", AT_STATX_SYNC_AS_STAT|AT_EMPTY_PATH, STATX_ALL, {stx_mask=STATX_ALL|STATX_MNT_ID|STATX_SUBVOL, stx_attributes=0, stx_mode=S_IFREG|0644, stx_size=1187, ...}) = 0
read(12, "\1\0\0\0\377\1%\0\0\0\0\24\0\0\0src/tcp_io_parser"..., 1187) = 1187
read(12, "", 32)                        = 0
close(12)                               = 0
openat(AT_FDCWD, "/home/xolra0d/dev/databases/touchhouse/target/debug/touchhouse.d", O_RDONLY|O_CLOEXEC) = 12
statx(12, "", AT_STATX_SYNC_AS_STAT|AT_EMPTY_PATH, STATX_ALL, {stx_mask=STATX_ALL|STATX_MNT_ID|STATX_SUBVOL, stx_attributes=0, stx_mode=S_IFREG|0644, stx_size=2546, ...}) = 0
read(12, "/home/xolra0d/dev/databases/touc"..., 2546) = 2546
read(12, "", 32)                        = 0
close(12)                               = 0
openat(AT_FDCWD, "/home/xolra0d/dev/databases/touchhouse/target/debug/touchhouse.d", O_WRONLY|O_CREAT|O_TRUNC|O_CLOEXEC, 0666) = 12
write(12, "/home/xolra0d/dev/databases/touc"..., 2546) = 2546
close(12)                               = 0
flock(10, LOCK_UN)                      = 0
close(10)                               = 0
close(8)                                = 0
close(9)                                = 0
flock(11, LOCK_UN)                      = 0
close(11)                               = 0
close(4)                                = 0
close(5)                                = 0
close(3)                                = 0
close(7)                                = 0
write(2, "\33[1m\33[92m     Running\33[0m `targe"..., 52) = 52
chdir("/home/xolra0d/dev/databases/touchhouse") = 0
rt_sigaction(SIGPIPE, {sa_handler=SIG_DFL, sa_mask=[PIPE], sa_flags=SA_RESTORER|SA_RESTART, sa_restorer=0x7f4214a3e4d0}, {sa_handler=SIG_IGN, sa_mask=[PIPE], sa_flags=SA_RESTORER|SA_RESTART, sa_restorer=0x7f4214a3e4d0}, 8) = 0
execve("target/debug/touchhouse", ["target/debug/touchhouse"], 0x557067ee42b0 /* 75 vars */) = 0
brk(NULL)                               = 0x556b91e25000
mmap(NULL, 8192, PROT_READ|PROT_WRITE, MAP_PRIVATE|MAP_ANONYMOUS, -1, 0) = 0x7fc5c0dd6000
access("/etc/ld.so.preload", R_OK)      = -1 ENOENT (No such file or directory)
openat(AT_FDCWD, "/home/xolra0d/dev/databases/touchhouse/target/debug/build/lz4-sys-e2c8bf07f85ed6cb/out/glibc-hwcaps/x86-64-v3/libgcc_s.so.1", O_RDONLY|O_CLOEXEC) = -1 ENOENT (No such file or directory)
newfstatat(AT_FDCWD, "/home/xolra0d/dev/databases/touchhouse/target/debug/build/lz4-sys-e2c8bf07f85ed6cb/out/glibc-hwcaps/x86-64-v3/", 0x7fff2f546440, 0) = -1 ENOENT (No such file or directory)
openat(AT_FDCWD, "/home/xolra0d/dev/databases/touchhouse/target/debug/build/lz4-sys-e2c8bf07f85ed6cb/out/glibc-hwcaps/x86-64-v2/libgcc_s.so.1", O_RDONLY|O_CLOEXEC) = -1 ENOENT (No such file or directory)
newfstatat(AT_FDCWD, "/home/xolra0d/dev/databases/touchhouse/target/debug/build/lz4-sys-e2c8bf07f85ed6cb/out/glibc-hwcaps/x86-64-v2/", 0x7fff2f546440, 0) = -1 ENOENT (No such file or directory)
openat(AT_FDCWD, "/home/xolra0d/dev/databases/touchhouse/target/debug/build/lz4-sys-e2c8bf07f85ed6cb/out/libgcc_s.so.1", O_RDONLY|O_CLOEXEC) = -1 ENOENT (No such file or directory)
newfstatat(AT_FDCWD, "/home/xolra0d/dev/databases/touchhouse/target/debug/build/lz4-sys-e2c8bf07f85ed6cb/out/", {st_mode=S_IFDIR|0755, st_size=226, ...}, 0) = 0
openat(AT_FDCWD, "/home/xolra0d/dev/databases/touchhouse/target/debug/build/psm-bd5379c3d93d8c19/out/glibc-hwcaps/x86-64-v3/libgcc_s.so.1", O_RDONLY|O_CLOEXEC) = -1 ENOENT (No such file or directory)
newfstatat(AT_FDCWD, "/home/xolra0d/dev/databases/touchhouse/target/debug/build/psm-bd5379c3d93d8c19/out/glibc-hwcaps/x86-64-v3/", 0x7fff2f546440, 0) = -1 ENOENT (No such file or directory)
openat(AT_FDCWD, "/home/xolra0d/dev/databases/touchhouse/target/debug/build/psm-bd5379c3d93d8c19/out/glibc-hwcaps/x86-64-v2/libgcc_s.so.1", O_RDONLY|O_CLOEXEC) = -1 ENOENT (No such file or directory)
newfstatat(AT_FDCWD, "/home/xolra0d/dev/databases/touchhouse/target/debug/build/psm-bd5379c3d93d8c19/out/glibc-hwcaps/x86-64-v2/", 0x7fff2f546440, 0) = -1 ENOENT (No such file or directory)
openat(AT_FDCWD, "/home/xolra0d/dev/databases/touchhouse/target/debug/build/psm-bd5379c3d93d8c19/out/libgcc_s.so.1", O_RDONLY|O_CLOEXEC) = -1 ENOENT (No such file or directory)
newfstatat(AT_FDCWD, "/home/xolra0d/dev/databases/touchhouse/target/debug/build/psm-bd5379c3d93d8c19/out/", {st_mode=S_IFDIR|0755, st_size=70, ...}, 0) = 0
openat(AT_FDCWD, "/home/xolra0d/dev/databases/touchhouse/target/debug/deps/glibc-hwcaps/x86-64-v3/libgcc_s.so.1", O_RDONLY|O_CLOEXEC) = -1 ENOENT (No such file or directory)
newfstatat(AT_FDCWD, "/home/xolra0d/dev/databases/touchhouse/target/debug/deps/glibc-hwcaps/x86-64-v3/", 0x7fff2f546440, 0) = -1 ENOENT (No such file or directory)
openat(AT_FDCWD, "/home/xolra0d/dev/databases/touchhouse/target/debug/deps/glibc-hwcaps/x86-64-v2/libgcc_s.so.1", O_RDONLY|O_CLOEXEC) = -1 ENOENT (No such file or directory)
newfstatat(AT_FDCWD, "/home/xolra0d/dev/databases/touchhouse/target/debug/deps/glibc-hwcaps/x86-64-v2/", 0x7fff2f546440, 0) = -1 ENOENT (No such file or directory)
openat(AT_FDCWD, "/home/xolra0d/dev/databases/touchhouse/target/debug/deps/libgcc_s.so.1", O_RDONLY|O_CLOEXEC) = -1 ENOENT (No such file or directory)
newfstatat(AT_FDCWD, "/home/xolra0d/dev/databases/touchhouse/target/debug/deps/", {st_mode=S_IFDIR|0755, st_size=157726, ...}, 0) = 0
openat(AT_FDCWD, "/home/xolra0d/dev/databases/touchhouse/target/debug/glibc-hwcaps/x86-64-v3/libgcc_s.so.1", O_RDONLY|O_CLOEXEC) = -1 ENOENT (No such file or directory)
newfstatat(AT_FDCWD, "/home/xolra0d/dev/databases/touchhouse/target/debug/glibc-hwcaps/x86-64-v3/", 0x7fff2f546440, 0) = -1 ENOENT (No such file or directory)
openat(AT_FDCWD, "/home/xolra0d/dev/databases/touchhouse/target/debug/glibc-hwcaps/x86-64-v2/libgcc_s.so.1", O_RDONLY|O_CLOEXEC) = -1 ENOENT (No such file or directory)
newfstatat(AT_FDCWD, "/home/xolra0d/dev/databases/touchhouse/target/debug/glibc-hwcaps/x86-64-v2/", 0x7fff2f546440, 0) = -1 ENOENT (No such file or directory)
openat(AT_FDCWD, "/home/xolra0d/dev/databases/touchhouse/target/debug/libgcc_s.so.1", O_RDONLY|O_CLOEXEC) = -1 ENOENT (No such file or directory)
newfstatat(AT_FDCWD, "/home/xolra0d/dev/databases/touchhouse/target/debug/", {st_mode=S_IFDIR|0755, st_size=212, ...}, 0) = 0
openat(AT_FDCWD, "/home/xolra0d/.rustup/toolchains/stable-x86_64-unknown-linux-gnu/lib/rustlib/x86_64-unknown-linux-gnu/lib/glibc-hwcaps/x86-64-v3/libgcc_s.so.1", O_RDONLY|O_CLOEXEC) = -1 ENOENT (No such file or directory)
newfstatat(AT_FDCWD, "/home/xolra0d/.rustup/toolchains/stable-x86_64-unknown-linux-gnu/lib/rustlib/x86_64-unknown-linux-gnu/lib/glibc-hwcaps/x86-64-v3/", 0x7fff2f546440, 0) = -1 ENOENT (No such file or directory)
openat(AT_FDCWD, "/home/xolra0d/.rustup/toolchains/stable-x86_64-unknown-linux-gnu/lib/rustlib/x86_64-unknown-linux-gnu/lib/glibc-hwcaps/x86-64-v2/libgcc_s.so.1", O_RDONLY|O_CLOEXEC) = -1 ENOENT (No such file or directory)
newfstatat(AT_FDCWD, "/home/xolra0d/.rustup/toolchains/stable-x86_64-unknown-linux-gnu/lib/rustlib/x86_64-unknown-linux-gnu/lib/glibc-hwcaps/x86-64-v2/", 0x7fff2f546440, 0) = -1 ENOENT (No such file or directory)
openat(AT_FDCWD, "/home/xolra0d/.rustup/toolchains/stable-x86_64-unknown-linux-gnu/lib/rustlib/x86_64-unknown-linux-gnu/lib/libgcc_s.so.1", O_RDONLY|O_CLOEXEC) = -1 ENOENT (No such file or directory)
newfstatat(AT_FDCWD, "/home/xolra0d/.rustup/toolchains/stable-x86_64-unknown-linux-gnu/lib/rustlib/x86_64-unknown-linux-gnu/lib/", {st_mode=S_IFDIR|0755, st_size=2410, ...}, 0) = 0
openat(AT_FDCWD, "/home/xolra0d/.rustup/toolchains/stable-x86_64-unknown-linux-gnu/lib/glibc-hwcaps/x86-64-v3/libgcc_s.so.1", O_RDONLY|O_CLOEXEC) = -1 ENOENT (No such file or directory)
newfstatat(AT_FDCWD, "/home/xolra0d/.rustup/toolchains/stable-x86_64-unknown-linux-gnu/lib/glibc-hwcaps/x86-64-v3/", 0x7fff2f546440, 0) = -1 ENOENT (No such file or directory)
openat(AT_FDCWD, "/home/xolra0d/.rustup/toolchains/stable-x86_64-unknown-linux-gnu/lib/glibc-hwcaps/x86-64-v2/libgcc_s.so.1", O_RDONLY|O_CLOEXEC) = -1 ENOENT (No such file or directory)
newfstatat(AT_FDCWD, "/home/xolra0d/.rustup/toolchains/stable-x86_64-unknown-linux-gnu/lib/glibc-hwcaps/x86-64-v2/", 0x7fff2f546440, 0) = -1 ENOENT (No such file or directory)
openat(AT_FDCWD, "/home/xolra0d/.rustup/toolchains/stable-x86_64-unknown-linux-gnu/lib/libgcc_s.so.1", O_RDONLY|O_CLOEXEC) = -1 ENOENT (No such file or directory)
newfstatat(AT_FDCWD, "/home/xolra0d/.rustup/toolchains/stable-x86_64-unknown-linux-gnu/lib/", {st_mode=S_IFDIR|0755, st_size=216, ...}, 0) = 0
openat(AT_FDCWD, "/etc/ld.so.cache", O_RDONLY|O_CLOEXEC) = 3
fstat(3, {st_mode=S_IFREG|0644, st_size=196131, ...}) = 0
mmap(NULL, 196131, PROT_READ, MAP_PRIVATE, 3, 0) = 0x7fc5c0da6000
close(3)                                = 0
openat(AT_FDCWD, "/usr/lib/libgcc_s.so.1", O_RDONLY|O_CLOEXEC) = 3
read(3, "\177ELF\2\1\1\0\0\0\0\0\0\0\0\0\3\0>\0\1\0\0\0\0\0\0\0\0\0\0\0"..., 832) = 832
fstat(3, {st_mode=S_IFREG|0644, st_size=905800, ...}) = 0
mmap(NULL, 180712, PROT_READ, MAP_PRIVATE|MAP_DENYWRITE, 3, 0) = 0x7fc5c0d79000
mmap(0x7fc5c0d7d000, 143360, PROT_READ|PROT_EXEC, MAP_PRIVATE|MAP_FIXED|MAP_DENYWRITE, 3, 0x4000) = 0x7fc5c0d7d000
mmap(0x7fc5c0da0000, 16384, PROT_READ, MAP_PRIVATE|MAP_FIXED|MAP_DENYWRITE, 3, 0x27000) = 0x7fc5c0da0000
mmap(0x7fc5c0da4000, 8192, PROT_READ|PROT_WRITE, MAP_PRIVATE|MAP_FIXED|MAP_DENYWRITE, 3, 0x2a000) = 0x7fc5c0da4000
close(3)                                = 0
openat(AT_FDCWD, "/home/xolra0d/dev/databases/touchhouse/target/debug/build/lz4-sys-e2c8bf07f85ed6cb/out/libm.so.6", O_RDONLY|O_CLOEXEC) = -1 ENOENT (No such file or directory)
openat(AT_FDCWD, "/home/xolra0d/dev/databases/touchhouse/target/debug/build/psm-bd5379c3d93d8c19/out/libm.so.6", O_RDONLY|O_CLOEXEC) = -1 ENOENT (No such file or directory)
openat(AT_FDCWD, "/home/xolra0d/dev/databases/touchhouse/target/debug/deps/libm.so.6", O_RDONLY|O_CLOEXEC) = -1 ENOENT (No such file or directory)
openat(AT_FDCWD, "/home/xolra0d/dev/databases/touchhouse/target/debug/libm.so.6", O_RDONLY|O_CLOEXEC) = -1 ENOENT (No such file or directory)
openat(AT_FDCWD, "/home/xolra0d/.rustup/toolchains/stable-x86_64-unknown-linux-gnu/lib/rustlib/x86_64-unknown-linux-gnu/lib/libm.so.6", O_RDONLY|O_CLOEXEC) = -1 ENOENT (No such file or directory)
openat(AT_FDCWD, "/home/xolra0d/.rustup/toolchains/stable-x86_64-unknown-linux-gnu/lib/libm.so.6", O_RDONLY|O_CLOEXEC) = -1 ENOENT (No such file or directory)
openat(AT_FDCWD, "/usr/lib/libm.so.6", O_RDONLY|O_CLOEXEC) = 3
read(3, "\177ELF\2\1\1\3\0\0\0\0\0\0\0\0\3\0>\0\1\0\0\0\0\0\0\0\0\0\0\0"..., 832) = 832
fstat(3, {st_mode=S_IFREG|0755, st_size=1100400, ...}) = 0
mmap(NULL, 1102152, PROT_READ, MAP_PRIVATE|MAP_DENYWRITE, 3, 0) = 0x7fc5c0c6b000
mmap(0x7fc5c0c7a000, 569344, PROT_READ|PROT_EXEC, MAP_PRIVATE|MAP_FIXED|MAP_DENYWRITE, 3, 0xf000) = 0x7fc5c0c7a000
mmap(0x7fc5c0d05000, 466944, PROT_READ, MAP_PRIVATE|MAP_FIXED|MAP_DENYWRITE, 3, 0x9a000) = 0x7fc5c0d05000
mmap(0x7fc5c0d77000, 8192, PROT_READ|PROT_WRITE, MAP_PRIVATE|MAP_FIXED|MAP_DENYWRITE, 3, 0x10b000) = 0x7fc5c0d77000
close(3)                                = 0
openat(AT_FDCWD, "/home/xolra0d/dev/databases/touchhouse/target/debug/build/lz4-sys-e2c8bf07f85ed6cb/out/libc.so.6", O_RDONLY|O_CLOEXEC) = -1 ENOENT (No such file or directory)
openat(AT_FDCWD, "/home/xolra0d/dev/databases/touchhouse/target/debug/build/psm-bd5379c3d93d8c19/out/libc.so.6", O_RDONLY|O_CLOEXEC) = -1 ENOENT (No such file or directory)
openat(AT_FDCWD, "/home/xolra0d/dev/databases/touchhouse/target/debug/deps/libc.so.6", O_RDONLY|O_CLOEXEC) = -1 ENOENT (No such file or directory)
openat(AT_FDCWD, "/home/xolra0d/dev/databases/touchhouse/target/debug/libc.so.6", O_RDONLY|O_CLOEXEC) = -1 ENOENT (No such file or directory)
openat(AT_FDCWD, "/home/xolra0d/.rustup/toolchains/stable-x86_64-unknown-linux-gnu/lib/rustlib/x86_64-unknown-linux-gnu/lib/libc.so.6", O_RDONLY|O_CLOEXEC) = -1 ENOENT (No such file or directory)
openat(AT_FDCWD, "/home/xolra0d/.rustup/toolchains/stable-x86_64-unknown-linux-gnu/lib/libc.so.6", O_RDONLY|O_CLOEXEC) = -1 ENOENT (No such file or directory)
openat(AT_FDCWD, "/usr/lib/libc.so.6", O_RDONLY|O_CLOEXEC) = 3
read(3, "\177ELF\2\1\1\3\0\0\0\0\0\0\0\0\3\0>\0\1\0\0\0\360w\2\0\0\0\0\0"..., 832) = 832
pread64(3, "\6\0\0\0\4\0\0\0@\0\0\0\0\0\0\0@\0\0\0\0\0\0\0@\0\0\0\0\0\0\0"..., 896, 64) = 896
fstat(3, {st_mode=S_IFREG|0755, st_size=2145632, ...}) = 0
pread64(3, "\6\0\0\0\4\0\0\0@\0\0\0\0\0\0\0@\0\0\0\0\0\0\0@\0\0\0\0\0\0\0"..., 896, 64) = 896
mmap(NULL, 2169904, PROT_READ, MAP_PRIVATE|MAP_DENYWRITE, 3, 0) = 0x7fc5c0a00000
mmap(0x7fc5c0a24000, 1511424, PROT_READ|PROT_EXEC, MAP_PRIVATE|MAP_FIXED|MAP_DENYWRITE, 3, 0x24000) = 0x7fc5c0a24000
mmap(0x7fc5c0b95000, 454656, PROT_READ, MAP_PRIVATE|MAP_FIXED|MAP_DENYWRITE, 3, 0x195000) = 0x7fc5c0b95000
mmap(0x7fc5c0c04000, 24576, PROT_READ|PROT_WRITE, MAP_PRIVATE|MAP_FIXED|MAP_DENYWRITE, 3, 0x203000) = 0x7fc5c0c04000
mmap(0x7fc5c0c0a000, 31792, PROT_READ|PROT_WRITE, MAP_PRIVATE|MAP_FIXED|MAP_ANONYMOUS, -1, 0) = 0x7fc5c0c0a000
close(3)                                = 0
mmap(NULL, 8192, PROT_READ|PROT_WRITE, MAP_PRIVATE|MAP_ANONYMOUS, -1, 0) = 0x7fc5c0c69000
arch_prctl(ARCH_SET_FS, 0x7fc5c0c6a280) = 0
set_tid_address(0x7fc5c0c6a550)         = 1064834
set_robust_list(0x7fc5c0c6a560, 24)     = 0
rseq(0x7fc5c0c6a060, 0x20, 0, 0x53053053) = 0
mprotect(0x7fc5c0c04000, 16384, PROT_READ) = 0
mprotect(0x7fc5c0d77000, 4096, PROT_READ) = 0
mprotect(0x7fc5c0da4000, 4096, PROT_READ) = 0
mprotect(0x556b71849000, 630784, PROT_READ) = 0
mprotect(0x7fc5c0e19000, 8192, PROT_READ) = 0
prlimit64(0, RLIMIT_STACK, NULL, {rlim_cur=8192*1024, rlim_max=RLIM64_INFINITY}) = 0
getrandom("\x7f\xc0\xe9\xdc\x63\x5e\xd7\x79", 8, GRND_NONBLOCK) = 8
munmap(0x7fc5c0da6000, 196131)          = 0
poll([{fd=0, events=0}, {fd=1, events=0}, {fd=2, events=0}], 3, 0) = 0 (Timeout)
rt_sigaction(SIGPIPE, {sa_handler=SIG_IGN, sa_mask=[PIPE], sa_flags=SA_RESTORER|SA_RESTART, sa_restorer=0x7fc5c0a3e4d0}, {sa_handler=SIG_DFL, sa_mask=[], sa_flags=0}, 8) = 0
brk(NULL)                               = 0x556b91e25000
brk(0x556b91e46000)                     = 0x556b91e46000
openat(AT_FDCWD, "/proc/self/maps", O_RDONLY|O_CLOEXEC) = 3
prlimit64(0, RLIMIT_STACK, NULL, {rlim_cur=8192*1024, rlim_max=RLIM64_INFINITY}) = 0
fstat(3, {st_mode=S_IFREG|0444, st_size=0, ...}) = 0
read(3, "556b70c40000-556b70f3d000 r--p 0"..., 1024) = 1024
read(3, "0207000 00:1c 182209424         "..., 1024) = 1024
read(3, "000 rw-p 0002b000 00:1c 18221015"..., 1024) = 1024
lseek(3, 0, SEEK_CUR)                   = 3072
lseek(3, 3063, SEEK_SET)                = 3063
close(3)                                = 0
sched_getaffinity(1064834, 32, [0 1 2 3 4 5 6 7 8 9 10 11 12 13 14 15 16 17 18 19 20 21]) = 8
rt_sigaction(SIGSEGV, NULL, {sa_handler=SIG_DFL, sa_mask=[], sa_flags=0}, 8) = 0
sigaltstack(NULL, {ss_sp=NULL, ss_flags=SS_DISABLE, ss_size=0}) = 0
mmap(NULL, 12288, PROT_READ|PROT_WRITE, MAP_PRIVATE|MAP_ANONYMOUS|MAP_STACK, -1, 0) = 0x7fc5c0dd3000
mprotect(0x7fc5c0dd3000, 4096, PROT_NONE) = 0
sigaltstack({ss_sp=0x7fc5c0dd4000, ss_flags=0, ss_size=8192}, NULL) = 0
rt_sigaction(SIGSEGV, {sa_handler=0x556b71800b30, sa_mask=[], sa_flags=SA_RESTORER|SA_ONSTACK|SA_SIGINFO, sa_restorer=0x7fc5c0a3e4d0}, NULL, 8) = 0
rt_sigaction(SIGBUS, NULL, {sa_handler=SIG_DFL, sa_mask=[], sa_flags=0}, 8) = 0
rt_sigaction(SIGBUS, {sa_handler=0x556b71800b30, sa_mask=[], sa_flags=SA_RESTORER|SA_ONSTACK|SA_SIGINFO, sa_restorer=0x7fc5c0a3e4d0}, NULL, 8) = 0
rt_sigprocmask(SIG_BLOCK, ~[], [], 8)   = 0
mmap(NULL, 4096, PROT_READ|PROT_WRITE, MAP_DROPPABLE|MAP_ANONYMOUS, -1, 0) = 0x7fc5c0dd2000
mmap(NULL, 4096, PROT_READ|PROT_WRITE, MAP_PRIVATE|MAP_ANONYMOUS, -1, 0) = 0x7fc5c0dd1000
rt_sigprocmask(SIG_SETMASK, [], NULL, 8) = 0
getrandom("\xc8\x09\x86\x00\x57\xf3\x0e\x74\xbd\xa7\xa3\x3e\x61\xec\x97\xd2\x58\x22\x01\x25\x3d\x1d\xc9\x37\x37\xa5\x82\x1a\x98\xf0\xc7\x06", 32, 0) = 32
openat(AT_FDCWD, "/proc/self/cgroup", O_RDONLY|O_CLOEXEC) = 3
statx(3, "", AT_STATX_SYNC_AS_STAT|AT_EMPTY_PATH, STATX_ALL, {stx_mask=STATX_BASIC_STATS|STATX_MNT_ID, stx_attributes=0, stx_mode=S_IFREG|0444, stx_size=0, ...}) = 0
lseek(3, 0, SEEK_CUR)                   = 0
read(3, "0::/user.slice/user-1000.slice/s"..., 128) = 47
read(3, "", 81)                         = 0
close(3)                                = 0
statx(AT_FDCWD, "/sys/fs/cgroup/user.slice/user-1000.slice/session-1.scope/cgroup.controllers", AT_STATX_SYNC_AS_STAT, STATX_ALL, {stx_mask=STATX_BASIC_STATS|STATX_MNT_ID, stx_attributes=0, stx_mode=S_IFREG|0444, stx_size=0, ...}) = 0
openat(AT_FDCWD, "/sys/fs/cgroup/user.slice/user-1000.slice/session-1.scope/cpu.max", O_RDONLY|O_CLOEXEC) = 3
statx(3, "", AT_STATX_SYNC_AS_STAT|AT_EMPTY_PATH, STATX_ALL, {stx_mask=STATX_BASIC_STATS|STATX_MNT_ID, stx_attributes=0, stx_mode=S_IFREG|0644, stx_size=0, ...}) = 0
lseek(3, 0, SEEK_CUR)                   = 0
read(3, "max 100000\n", 32)             = 11
read(3, "", 9)                          = 0
close(3)                                = 0
openat(AT_FDCWD, "/sys/fs/cgroup/user.slice/user-1000.slice/cpu.max", O_RDONLY|O_CLOEXEC) = 3
statx(3, "", AT_STATX_SYNC_AS_STAT|AT_EMPTY_PATH, STATX_ALL, {stx_mask=STATX_BASIC_STATS|STATX_MNT_ID, stx_attributes=0, stx_mode=S_IFREG|0644, stx_size=0, ...}) = 0
lseek(3, 0, SEEK_CUR)                   = 0
read(3, "max 100000\n", 32)             = 11
read(3, "", 9)                          = 0
close(3)                                = 0
openat(AT_FDCWD, "/sys/fs/cgroup/user.slice/cpu.max", O_RDONLY|O_CLOEXEC) = 3
statx(3, "", AT_STATX_SYNC_AS_STAT|AT_EMPTY_PATH, STATX_ALL, {stx_mask=STATX_BASIC_STATS|STATX_MNT_ID, stx_attributes=0, stx_mode=S_IFREG|0644, stx_size=0, ...}) = 0
lseek(3, 0, SEEK_CUR)                   = 0
read(3, "max 100000\n", 32)             = 11
read(3, "", 9)                          = 0
close(3)                                = 0
openat(AT_FDCWD, "/sys/fs/cgroup/cpu.max", O_RDONLY|O_CLOEXEC) = -1 ENOENT (No such file or directory)
sched_getaffinity(0, 128, [0 1 2 3 4 5 6 7 8 9 10 11 12 13 14 15 16 17 18 19 20 21]) = 8
epoll_create1(EPOLL_CLOEXEC)            = 3
eventfd2(0, EFD_CLOEXEC|EFD_NONBLOCK)   = 4
epoll_ctl(3, EPOLL_CTL_ADD, 4, {events=EPOLLIN|EPOLLRDHUP|EPOLLET, data=0}) = 0
fcntl(3, F_DUPFD_CLOEXEC, 3)            = 5
rt_sigaction(SIGRT_1, {sa_handler=0x7fc5c0a94070, sa_mask=[], sa_flags=SA_RESTORER|SA_ONSTACK|SA_RESTART|SA_SIGINFO, sa_restorer=0x7fc5c0a3e4d0}, NULL, 8) = 0
rt_sigprocmask(SIG_UNBLOCK, [RTMIN RT_1], NULL, 8) = 0
mmap(NULL, 2101248, PROT_READ|PROT_WRITE, MAP_PRIVATE|MAP_ANONYMOUS|MAP_STACK, -1, 0) = 0x7fc5c07ff000
madvise(0x7fc5c07ff000, 4096, MADV_GUARD_INSTALL) = 0
rt_sigprocmask(SIG_BLOCK, ~[], [], 8)   = 0
clone3({flags=CLONE_VM|CLONE_FS|CLONE_FILES|CLONE_SIGHAND|CLONE_THREAD|CLONE_SYSVSEM|CLONE_SETTLS|CLONE_PARENT_SETTID|CLONE_CHILD_CLEARTID, child_tid=0x7fc5c09ff990, parent_tid=0x7fc5c09ff990, exit_signal=0, stack=0x7fc5c07ff000, stack_size=0x1ffe00, tls=0x7fc5c09ff6c0} => {parent_tid=[1064975]}, 88) = 1064975
rt_sigprocmask(SIG_SETMASK, [], NULL, 8) = 0
mmap(NULL, 2101248, PROT_READ|PROT_WRITE, MAP_PRIVATE|MAP_ANONYMOUS|MAP_STACK, -1, 0) = 0x7fc5c05fe000
madvise(0x7fc5c05fe000, 4096, MADV_GUARD_INSTALL) = 0
rt_sigprocmask(SIG_BLOCK, ~[], [], 8)   = 0
clone3({flags=CLONE_VM|CLONE_FS|CLONE_FILES|CLONE_SIGHAND|CLONE_THREAD|CLONE_SYSVSEM|CLONE_SETTLS|CLONE_PARENT_SETTID|CLONE_CHILD_CLEARTID, child_tid=0x7fc5c07fe990, parent_tid=0x7fc5c07fe990, exit_signal=0, stack=0x7fc5c05fe000, stack_size=0x1ffe00, tls=0x7fc5c07fe6c0} => {parent_tid=[1064976]}, 88) = 1064976
rt_sigprocmask(SIG_SETMASK, [], NULL, 8) = 0
futex(0x556b91e28f60, FUTEX_WAKE_PRIVATE, 1) = 1
mmap(NULL, 2101248, PROT_READ|PROT_WRITE, MAP_PRIVATE|MAP_ANONYMOUS|MAP_STACK, -1, 0) = 0x7fc5c03fd000
madvise(0x7fc5c03fd000, 4096, MADV_GUARD_INSTALL) = 0
rt_sigprocmask(SIG_BLOCK, ~[], [], 8)   = 0
clone3({flags=CLONE_VM|CLONE_FS|CLONE_FILES|CLONE_SIGHAND|CLONE_THREAD|CLONE_SYSVSEM|CLONE_SETTLS|CLONE_PARENT_SETTID|CLONE_CHILD_CLEARTID, child_tid=0x7fc5c05fd990, parent_tid=0x7fc5c05fd990, exit_signal=0, stack=0x7fc5c03fd000, stack_size=0x1ffe00, tls=0x7fc5c05fd6c0} => {parent_tid=[1064977]}, 88) = 1064977
rt_sigprocmask(SIG_SETMASK, [], NULL, 8) = 0
futex(0x556b91e28f60, FUTEX_WAKE_PRIVATE, 1) = 1
mmap(NULL, 2101248, PROT_READ|PROT_WRITE, MAP_PRIVATE|MAP_ANONYMOUS|MAP_STACK, -1, 0) = 0x7fc5c01fc000
madvise(0x7fc5c01fc000, 4096, MADV_GUARD_INSTALL) = 0
rt_sigprocmask(SIG_BLOCK, ~[], [], 8)   = 0
clone3({flags=CLONE_VM|CLONE_FS|CLONE_FILES|CLONE_SIGHAND|CLONE_THREAD|CLONE_SYSVSEM|CLONE_SETTLS|CLONE_PARENT_SETTID|CLONE_CHILD_CLEARTID, child_tid=0x7fc5c03fc990, parent_tid=0x7fc5c03fc990, exit_signal=0, stack=0x7fc5c01fc000, stack_size=0x1ffe00, tls=0x7fc5c03fc6c0} => {parent_tid=[1064978]}, 88) = 1064978
rt_sigprocmask(SIG_SETMASK, [], NULL, 8) = 0
futex(0x556b91e28f60, FUTEX_WAKE_PRIVATE, 1) = 1
mmap(NULL, 2101248, PROT_READ|PROT_WRITE, MAP_PRIVATE|MAP_ANONYMOUS|MAP_STACK, -1, 0) = 0x7fc5b3dff000
madvise(0x7fc5b3dff000, 4096, MADV_GUARD_INSTALL) = 0
rt_sigprocmask(SIG_BLOCK, ~[], [], 8)   = 0
clone3({flags=CLONE_VM|CLONE_FS|CLONE_FILES|CLONE_SIGHAND|CLONE_THREAD|CLONE_SYSVSEM|CLONE_SETTLS|CLONE_PARENT_SETTID|CLONE_CHILD_CLEARTID, child_tid=0x7fc5b3fff990, parent_tid=0x7fc5b3fff990, exit_signal=0, stack=0x7fc5b3dff000, stack_size=0x1ffe00, tls=0x7fc5b3fff6c0} => {parent_tid=[1064979]}, 88) = 1064979
rt_sigprocmask(SIG_SETMASK, [], NULL, 8) = 0
futex(0x556b91e28f60, FUTEX_WAKE_PRIVATE, 1) = 1
mmap(NULL, 2101248, PROT_READ|PROT_WRITE, MAP_PRIVATE|MAP_ANONYMOUS|MAP_STACK, -1, 0) = 0x7fc5b3bfe000
madvise(0x7fc5b3bfe000, 4096, MADV_GUARD_INSTALL) = 0
rt_sigprocmask(SIG_BLOCK, ~[], [], 8)   = 0
clone3({flags=CLONE_VM|CLONE_FS|CLONE_FILES|CLONE_SIGHAND|CLONE_THREAD|CLONE_SYSVSEM|CLONE_SETTLS|CLONE_PARENT_SETTID|CLONE_CHILD_CLEARTID, child_tid=0x7fc5b3dfe990, parent_tid=0x7fc5b3dfe990, exit_signal=0, stack=0x7fc5b3bfe000, stack_size=0x1ffe00, tls=0x7fc5b3dfe6c0} => {parent_tid=[1064980]}, 88) = 1064980
rt_sigprocmask(SIG_SETMASK, [], NULL, 8) = 0
mmap(NULL, 2101248, PROT_READ|PROT_WRITE, MAP_PRIVATE|MAP_ANONYMOUS|MAP_STACK, -1, 0) = 0x7fc5b39fd000
madvise(0x7fc5b39fd000, 4096, MADV_GUARD_INSTALL) = 0
rt_sigprocmask(SIG_BLOCK, ~[], [], 8)   = 0
clone3({flags=CLONE_VM|CLONE_FS|CLONE_FILES|CLONE_SIGHAND|CLONE_THREAD|CLONE_SYSVSEM|CLONE_SETTLS|CLONE_PARENT_SETTID|CLONE_CHILD_CLEARTID, child_tid=0x7fc5b3bfd990, parent_tid=0x7fc5b3bfd990, exit_signal=0, stack=0x7fc5b39fd000, stack_size=0x1ffe00, tls=0x7fc5b3bfd6c0} => {parent_tid=[1064982]}, 88) = 1064982
rt_sigprocmask(SIG_SETMASK, [], NULL, 8) = 0
futex(0x556b91e28f60, FUTEX_WAKE_PRIVATE, 1) = 1
mmap(NULL, 2101248, PROT_READ|PROT_WRITE, MAP_PRIVATE|MAP_ANONYMOUS|MAP_STACK, -1, 0) = 0x7fc5b37fc000
madvise(0x7fc5b37fc000, 4096, MADV_GUARD_INSTALL) = 0
rt_sigprocmask(SIG_BLOCK, ~[], [], 8)   = 0
clone3({flags=CLONE_VM|CLONE_FS|CLONE_FILES|CLONE_SIGHAND|CLONE_THREAD|CLONE_SYSVSEM|CLONE_SETTLS|CLONE_PARENT_SETTID|CLONE_CHILD_CLEARTID, child_tid=0x7fc5b39fc990, parent_tid=0x7fc5b39fc990, exit_signal=0, stack=0x7fc5b37fc000, stack_size=0x1ffe00, tls=0x7fc5b39fc6c0} => {parent_tid=[1064983]}, 88) = 1064983
rt_sigprocmask(SIG_SETMASK, [], NULL, 8) = 0
mmap(NULL, 2101248, PROT_READ|PROT_WRITE, MAP_PRIVATE|MAP_ANONYMOUS|MAP_STACK, -1, 0) = 0x7fc5b35fb000
madvise(0x7fc5b35fb000, 4096, MADV_GUARD_INSTALL) = 0
rt_sigprocmask(SIG_BLOCK, ~[], [], 8)   = 0
clone3({flags=CLONE_VM|CLONE_FS|CLONE_FILES|CLONE_SIGHAND|CLONE_THREAD|CLONE_SYSVSEM|CLONE_SETTLS|CLONE_PARENT_SETTID|CLONE_CHILD_CLEARTID, child_tid=0x7fc5b37fb990, parent_tid=0x7fc5b37fb990, exit_signal=0, stack=0x7fc5b35fb000, stack_size=0x1ffe00, tls=0x7fc5b37fb6c0} => {parent_tid=[1064984]}, 88) = 1064984
rt_sigprocmask(SIG_SETMASK, [], NULL, 8) = 0
mmap(NULL, 2101248, PROT_READ|PROT_WRITE, MAP_PRIVATE|MAP_ANONYMOUS|MAP_STACK, -1, 0) = 0x7fc5b33fa000
madvise(0x7fc5b33fa000, 4096, MADV_GUARD_INSTALL) = 0
rt_sigprocmask(SIG_BLOCK, ~[], [], 8)   = 0
clone3({flags=CLONE_VM|CLONE_FS|CLONE_FILES|CLONE_SIGHAND|CLONE_THREAD|CLONE_SYSVSEM|CLONE_SETTLS|CLONE_PARENT_SETTID|CLONE_CHILD_CLEARTID, child_tid=0x7fc5b35fa990, parent_tid=0x7fc5b35fa990, exit_signal=0, stack=0x7fc5b33fa000, stack_size=0x1ffe00, tls=0x7fc5b35fa6c0} => {parent_tid=[1064985]}, 88) = 1064985
rt_sigprocmask(SIG_SETMASK, [], NULL, 8) = 0
futex(0x556b91e28f60, FUTEX_WAKE_PRIVATE, 1) = 1
mmap(NULL, 2101248, PROT_READ|PROT_WRITE, MAP_PRIVATE|MAP_ANONYMOUS|MAP_STACK, -1, 0) = 0x7fc5b31f9000
madvise(0x7fc5b31f9000, 4096, MADV_GUARD_INSTALL) = 0
rt_sigprocmask(SIG_BLOCK, ~[], [], 8)   = 0
clone3({flags=CLONE_VM|CLONE_FS|CLONE_FILES|CLONE_SIGHAND|CLONE_THREAD|CLONE_SYSVSEM|CLONE_SETTLS|CLONE_PARENT_SETTID|CLONE_CHILD_CLEARTID, child_tid=0x7fc5b33f9990, parent_tid=0x7fc5b33f9990, exit_signal=0, stack=0x7fc5b31f9000, stack_size=0x1ffe00, tls=0x7fc5b33f96c0} => {parent_tid=[1064986]}, 88) = 1064986
rt_sigprocmask(SIG_SETMASK, [], NULL, 8) = 0
futex(0x556b91e28f60, FUTEX_WAKE_PRIVATE, 1) = 1
mmap(NULL, 2101248, PROT_READ|PROT_WRITE, MAP_PRIVATE|MAP_ANONYMOUS|MAP_STACK, -1, 0) = 0x7fc5b2ff8000
madvise(0x7fc5b2ff8000, 4096, MADV_GUARD_INSTALL) = 0
rt_sigprocmask(SIG_BLOCK, ~[], [], 8)   = 0
clone3({flags=CLONE_VM|CLONE_FS|CLONE_FILES|CLONE_SIGHAND|CLONE_THREAD|CLONE_SYSVSEM|CLONE_SETTLS|CLONE_PARENT_SETTID|CLONE_CHILD_CLEARTID, child_tid=0x7fc5b31f8990, parent_tid=0x7fc5b31f8990, exit_signal=0, stack=0x7fc5b2ff8000, stack_size=0x1ffe00, tls=0x7fc5b31f86c0} => {parent_tid=[1064987]}, 88) = 1064987
rt_sigprocmask(SIG_SETMASK, [], NULL, 8) = 0
mmap(NULL, 2101248, PROT_READ|PROT_WRITE, MAP_PRIVATE|MAP_ANONYMOUS|MAP_STACK, -1, 0) = 0x7fc5b2df7000
madvise(0x7fc5b2df7000, 4096, MADV_GUARD_INSTALL) = 0
rt_sigprocmask(SIG_BLOCK, ~[], [], 8)   = 0
clone3({flags=CLONE_VM|CLONE_FS|CLONE_FILES|CLONE_SIGHAND|CLONE_THREAD|CLONE_SYSVSEM|CLONE_SETTLS|CLONE_PARENT_SETTID|CLONE_CHILD_CLEARTID, child_tid=0x7fc5b2ff7990, parent_tid=0x7fc5b2ff7990, exit_signal=0, stack=0x7fc5b2df7000, stack_size=0x1ffe00, tls=0x7fc5b2ff76c0} => {parent_tid=[1064988]}, 88) = 1064988
rt_sigprocmask(SIG_SETMASK, [], NULL, 8) = 0
futex(0x556b91e28f60, FUTEX_WAKE_PRIVATE, 1) = 1
mmap(NULL, 2101248, PROT_READ|PROT_WRITE, MAP_PRIVATE|MAP_ANONYMOUS|MAP_STACK, -1, 0) = 0x7fc5b2bf6000
madvise(0x7fc5b2bf6000, 4096, MADV_GUARD_INSTALL) = 0
rt_sigprocmask(SIG_BLOCK, ~[], [], 8)   = 0
clone3({flags=CLONE_VM|CLONE_FS|CLONE_FILES|CLONE_SIGHAND|CLONE_THREAD|CLONE_SYSVSEM|CLONE_SETTLS|CLONE_PARENT_SETTID|CLONE_CHILD_CLEARTID, child_tid=0x7fc5b2df6990, parent_tid=0x7fc5b2df6990, exit_signal=0, stack=0x7fc5b2bf6000, stack_size=0x1ffe00, tls=0x7fc5b2df66c0} => {parent_tid=[1064989]}, 88) = 1064989
rt_sigprocmask(SIG_SETMASK, [], NULL, 8) = 0
futex(0x556b91e28f60, FUTEX_WAKE_PRIVATE, 1) = 1
mmap(NULL, 2101248, PROT_READ|PROT_WRITE, MAP_PRIVATE|MAP_ANONYMOUS|MAP_STACK, -1, 0) = 0x7fc5b29f5000
madvise(0x7fc5b29f5000, 4096, MADV_GUARD_INSTALL) = 0
rt_sigprocmask(SIG_BLOCK, ~[], [], 8)   = 0
clone3({flags=CLONE_VM|CLONE_FS|CLONE_FILES|CLONE_SIGHAND|CLONE_THREAD|CLONE_SYSVSEM|CLONE_SETTLS|CLONE_PARENT_SETTID|CLONE_CHILD_CLEARTID, child_tid=0x7fc5b2bf5990, parent_tid=0x7fc5b2bf5990, exit_signal=0, stack=0x7fc5b29f5000, stack_size=0x1ffe00, tls=0x7fc5b2bf56c0} => {parent_tid=[1064990]}, 88) = 1064990
rt_sigprocmask(SIG_SETMASK, [], NULL, 8) = 0
futex(0x556b91e28f60, FUTEX_WAKE_PRIVATE, 1) = 1
mmap(NULL, 2101248, PROT_READ|PROT_WRITE, MAP_PRIVATE|MAP_ANONYMOUS|MAP_STACK, -1, 0) = 0x7fc5b27f4000
madvise(0x7fc5b27f4000, 4096, MADV_GUARD_INSTALL) = 0
rt_sigprocmask(SIG_BLOCK, ~[], [], 8)   = 0
clone3({flags=CLONE_VM|CLONE_FS|CLONE_FILES|CLONE_SIGHAND|CLONE_THREAD|CLONE_SYSVSEM|CLONE_SETTLS|CLONE_PARENT_SETTID|CLONE_CHILD_CLEARTID, child_tid=0x7fc5b29f4990, parent_tid=0x7fc5b29f4990, exit_signal=0, stack=0x7fc5b27f4000, stack_size=0x1ffe00, tls=0x7fc5b29f46c0} => {parent_tid=[1064991]}, 88) = 1064991
rt_sigprocmask(SIG_SETMASK, [], NULL, 8) = 0
futex(0x556b91e28f60, FUTEX_WAKE_PRIVATE, 1) = 1
mmap(NULL, 2101248, PROT_READ|PROT_WRITE, MAP_PRIVATE|MAP_ANONYMOUS|MAP_STACK, -1, 0) = 0x7fc5b25f3000
madvise(0x7fc5b25f3000, 4096, MADV_GUARD_INSTALL) = 0
rt_sigprocmask(SIG_BLOCK, ~[], [], 8)   = 0
clone3({flags=CLONE_VM|CLONE_FS|CLONE_FILES|CLONE_SIGHAND|CLONE_THREAD|CLONE_SYSVSEM|CLONE_SETTLS|CLONE_PARENT_SETTID|CLONE_CHILD_CLEARTID, child_tid=0x7fc5b27f3990, parent_tid=0x7fc5b27f3990, exit_signal=0, stack=0x7fc5b25f3000, stack_size=0x1ffe00, tls=0x7fc5b27f36c0} => {parent_tid=[1064992]}, 88) = 1064992
rt_sigprocmask(SIG_SETMASK, [], NULL, 8) = 0
futex(0x556b91e28f60, FUTEX_WAKE_PRIVATE, 1) = 1
mmap(NULL, 2101248, PROT_READ|PROT_WRITE, MAP_PRIVATE|MAP_ANONYMOUS|MAP_STACK, -1, 0) = 0x7fc5b23f2000
madvise(0x7fc5b23f2000, 4096, MADV_GUARD_INSTALL) = 0
rt_sigprocmask(SIG_BLOCK, ~[], [], 8)   = 0
clone3({flags=CLONE_VM|CLONE_FS|CLONE_FILES|CLONE_SIGHAND|CLONE_THREAD|CLONE_SYSVSEM|CLONE_SETTLS|CLONE_PARENT_SETTID|CLONE_CHILD_CLEARTID, child_tid=0x7fc5b25f2990, parent_tid=0x7fc5b25f2990, exit_signal=0, stack=0x7fc5b23f2000, stack_size=0x1ffe00, tls=0x7fc5b25f26c0} => {parent_tid=[1064993]}, 88) = 1064993
rt_sigprocmask(SIG_SETMASK, [], NULL, 8) = 0
futex(0x556b91e28f60, FUTEX_WAKE_PRIVATE, 1) = 1
mmap(NULL, 2101248, PROT_READ|PROT_WRITE, MAP_PRIVATE|MAP_ANONYMOUS|MAP_STACK, -1, 0) = 0x7fc5b21f1000
madvise(0x7fc5b21f1000, 4096, MADV_GUARD_INSTALL) = 0
rt_sigprocmask(SIG_BLOCK, ~[], [], 8)   = 0
clone3({flags=CLONE_VM|CLONE_FS|CLONE_FILES|CLONE_SIGHAND|CLONE_THREAD|CLONE_SYSVSEM|CLONE_SETTLS|CLONE_PARENT_SETTID|CLONE_CHILD_CLEARTID, child_tid=0x7fc5b23f1990, parent_tid=0x7fc5b23f1990, exit_signal=0, stack=0x7fc5b21f1000, stack_size=0x1ffe00, tls=0x7fc5b23f16c0} => {parent_tid=[1064994]}, 88) = 1064994
rt_sigprocmask(SIG_SETMASK, [], NULL, 8) = 0
mmap(NULL, 2101248, PROT_READ|PROT_WRITE, MAP_PRIVATE|MAP_ANONYMOUS|MAP_STACK, -1, 0) = 0x7fc5b1ff0000
madvise(0x7fc5b1ff0000, 4096, MADV_GUARD_INSTALL) = 0
rt_sigprocmask(SIG_BLOCK, ~[], [], 8)   = 0
clone3({flags=CLONE_VM|CLONE_FS|CLONE_FILES|CLONE_SIGHAND|CLONE_THREAD|CLONE_SYSVSEM|CLONE_SETTLS|CLONE_PARENT_SETTID|CLONE_CHILD_CLEARTID, child_tid=0x7fc5b21f0990, parent_tid=0x7fc5b21f0990, exit_signal=0, stack=0x7fc5b1ff0000, stack_size=0x1ffe00, tls=0x7fc5b21f06c0} => {parent_tid=[1064995]}, 88) = 1064995
rt_sigprocmask(SIG_SETMASK, [], NULL, 8) = 0
mmap(NULL, 2101248, PROT_READ|PROT_WRITE, MAP_PRIVATE|MAP_ANONYMOUS|MAP_STACK, -1, 0) = 0x7fc5b1def000
madvise(0x7fc5b1def000, 4096, MADV_GUARD_INSTALL) = 0
rt_sigprocmask(SIG_BLOCK, ~[], [], 8)   = 0
clone3({flags=CLONE_VM|CLONE_FS|CLONE_FILES|CLONE_SIGHAND|CLONE_THREAD|CLONE_SYSVSEM|CLONE_SETTLS|CLONE_PARENT_SETTID|CLONE_CHILD_CLEARTID, child_tid=0x7fc5b1fef990, parent_tid=0x7fc5b1fef990, exit_signal=0, stack=0x7fc5b1def000, stack_size=0x1ffe00, tls=0x7fc5b1fef6c0} => {parent_tid=[1064996]}, 88) = 1064996
rt_sigprocmask(SIG_SETMASK, [], NULL, 8) = 0
futex(0x556b91e28f60, FUTEX_WAKE_PRIVATE, 1) = 1
mmap(NULL, 2101248, PROT_READ|PROT_WRITE, MAP_PRIVATE|MAP_ANONYMOUS|MAP_STACK, -1, 0) = 0x7fc5b1bee000
madvise(0x7fc5b1bee000, 4096, MADV_GUARD_INSTALL) = 0
rt_sigprocmask(SIG_BLOCK, ~[], [], 8)   = 0
clone3({flags=CLONE_VM|CLONE_FS|CLONE_FILES|CLONE_SIGHAND|CLONE_THREAD|CLONE_SYSVSEM|CLONE_SETTLS|CLONE_PARENT_SETTID|CLONE_CHILD_CLEARTID, child_tid=0x7fc5b1dee990, parent_tid=0x7fc5b1dee990, exit_signal=0, stack=0x7fc5b1bee000, stack_size=0x1ffe00, tls=0x7fc5b1dee6c0} => {parent_tid=[1064997]}, 88) = 1064997
rt_sigprocmask(SIG_SETMASK, [], NULL, 8) = 0
statx(AT_FDCWD, "touch_config.toml", AT_STATX_SYNC_AS_STAT, STATX_ALL, {stx_mask=STATX_ALL|STATX_MNT_ID|STATX_SUBVOL, stx_attributes=0, stx_mode=S_IFREG|0644, stx_size=432, ...}) = 0
openat(AT_FDCWD, "touch_config.toml", O_RDONLY|O_CLOEXEC) = 6
statx(6, "", AT_STATX_SYNC_AS_STAT|AT_EMPTY_PATH, STATX_ALL, {stx_mask=STATX_ALL|STATX_MNT_ID|STATX_SUBVOL, stx_attributes=0, stx_mode=S_IFREG|0644, stx_size=432, ...}) = 0
read(6, "# Storage directory\nstorage_dire"..., 432) = 432
read(6, "", 32)                         = 0
close(6)                                = 0
mkdir("db_files/", 0777)                = -1 EEXIST (File exists)
statx(AT_FDCWD, "db_files/", AT_STATX_SYNC_AS_STAT, STATX_ALL, {stx_mask=STATX_ALL|STATX_MNT_ID|STATX_SUBVOL, stx_attributes=0, stx_mode=S_IFDIR|0755, stx_size=14, ...}) = 0
statx(AT_FDCWD, "db_files/", AT_STATX_SYNC_AS_STAT, STATX_ALL, {stx_mask=STATX_ALL|STATX_MNT_ID|STATX_SUBVOL, stx_attributes=0, stx_mode=S_IFDIR|0755, stx_size=14, ...}) = 0
statx(AT_FDCWD, "db_files/", AT_STATX_SYNC_AS_STAT, STATX_ALL, {stx_mask=STATX_ALL|STATX_MNT_ID|STATX_SUBVOL, stx_attributes=0, stx_mode=S_IFDIR|0755, stx_size=14, ...}) = 0
ioctl(2, TCGETS2, {c_iflag=ICRNL|IXON|IUTF8, c_oflag=NL0|CR0|TAB0|BS0|VT0|FF0|OPOST|ONLCR, c_cflag=B38400|B38400<<IBSHIFT|CS8|CREAD, c_lflag=ISIG|ICANON|ECHO|ECHOE|ECHOK|IEXTEN|ECHOCTL|ECHOKE, ...}) = 0
ioctl(2, TCGETS2, {c_iflag=ICRNL|IXON|IUTF8, c_oflag=NL0|CR0|TAB0|BS0|VT0|FF0|OPOST|ONLCR, c_cflag=B38400|B38400<<IBSHIFT|CS8|CREAD, c_lflag=ISIG|ICANON|ECHO|ECHOE|ECHOK|IEXTEN|ECHOCTL|ECHOKE, ...}) = 0
write(2, "\33[90m[\33[0m2026-01-27T11:18:54Z \33"..., 116) = 116
statx(AT_FDCWD, "db_files/", AT_STATX_SYNC_AS_STAT, STATX_ALL, {stx_mask=STATX_ALL|STATX_MNT_ID|STATX_SUBVOL, stx_attributes=0, stx_mode=S_IFDIR|0755, stx_size=14, ...}) = 0
openat(AT_FDCWD, "db_files/", O_RDONLY|O_NONBLOCK|O_CLOEXEC|O_DIRECTORY) = 6
fstat(6, {st_mode=S_IFDIR|0755, st_size=14, ...}) = 0
getdents64(6, 0x556b91e3d190 /* 3 entries */, 32768) = 80
statx(AT_FDCWD, "db_files/default", AT_STATX_SYNC_AS_STAT, STATX_ALL, {stx_mask=STATX_ALL|STATX_MNT_ID|STATX_SUBVOL, stx_attributes=0, stx_mode=S_IFDIR|0755, stx_size=18, ...}) = 0
openat(AT_FDCWD, "db_files/default", O_RDONLY|O_NONBLOCK|O_CLOEXEC|O_DIRECTORY) = 7
fstat(7, {st_mode=S_IFDIR|0755, st_size=18, ...}) = 0
brk(0x556b91e6e000)                     = 0x556b91e6e000
getdents64(7, 0x556b91e45290 /* 4 entries */, 32768) = 104
statx(AT_FDCWD, "db_files/default/users", AT_STATX_SYNC_AS_STAT, STATX_ALL, {stx_mask=STATX_ALL|STATX_MNT_ID|STATX_SUBVOL, stx_attributes=0, stx_mode=S_IFDIR|0755, stx_size=90, ...}) = 0
openat(AT_FDCWD, "db_files/default/users/.metadata", O_RDONLY|O_CLOEXEC) = 8
statx(8, "", AT_STATX_SYNC_AS_STAT|AT_EMPTY_PATH, STATX_ALL, {stx_mask=STATX_ALL|STATX_MNT_ID|STATX_SUBVOL, stx_attributes=0, stx_mode=S_IFREG|0644, stx_size=506, ...}) = 0
read(8, "THMETAid\377\377\377\377\377\377\n\0\0\0\0\0\0\0\1\0\0\0\0\0\0\0\0\0"..., 506) = 506
read(8, "", 32)                         = 0
close(8)                                = 0
openat(AT_FDCWD, "/proc/self/cgroup", O_RDONLY|O_CLOEXEC) = 8
statx(8, "", AT_STATX_SYNC_AS_STAT|AT_EMPTY_PATH, STATX_ALL, {stx_mask=STATX_BASIC_STATS|STATX_MNT_ID, stx_attributes=0, stx_mode=S_IFREG|0444, stx_size=0, ...}) = 0
lseek(8, 0, SEEK_CUR)                   = 0
read(8, "0::/user.slice/user-1000.slice/s"..., 128) = 47
read(8, "", 81)                         = 0
close(8)                                = 0
statx(AT_FDCWD, "/sys/fs/cgroup/user.slice/user-1000.slice/session-1.scope/cgroup.controllers", AT_STATX_SYNC_AS_STAT, STATX_ALL, {stx_mask=STATX_BASIC_STATS|STATX_MNT_ID, stx_attributes=0, stx_mode=S_IFREG|0444, stx_size=0, ...}) = 0
openat(AT_FDCWD, "/sys/fs/cgroup/user.slice/user-1000.slice/session-1.scope/cpu.max", O_RDONLY|O_CLOEXEC) = 8
statx(8, "", AT_STATX_SYNC_AS_STAT|AT_EMPTY_PATH, STATX_ALL, {stx_mask=STATX_BASIC_STATS|STATX_MNT_ID, stx_attributes=0, stx_mode=S_IFREG|0644, stx_size=0, ...}) = 0
lseek(8, 0, SEEK_CUR)                   = 0
read(8, "max 100000\n", 32)             = 11
read(8, "", 9)                          = 0
close(8)                                = 0
openat(AT_FDCWD, "/sys/fs/cgroup/user.slice/user-1000.slice/cpu.max", O_RDONLY|O_CLOEXEC) = 8
statx(8, "", AT_STATX_SYNC_AS_STAT|AT_EMPTY_PATH, STATX_ALL, {stx_mask=STATX_BASIC_STATS|STATX_MNT_ID, stx_attributes=0, stx_mode=S_IFREG|0644, stx_size=0, ...}) = 0
lseek(8, 0, SEEK_CUR)                   = 0
read(8, "max 100000\n", 32)             = 11
read(8, "", 9)                          = 0
close(8)                                = 0
openat(AT_FDCWD, "/sys/fs/cgroup/user.slice/cpu.max", O_RDONLY|O_CLOEXEC) = 8
statx(8, "", AT_STATX_SYNC_AS_STAT|AT_EMPTY_PATH, STATX_ALL, {stx_mask=STATX_BASIC_STATS|STATX_MNT_ID, stx_attributes=0, stx_mode=S_IFREG|0644, stx_size=0, ...}) = 0
lseek(8, 0, SEEK_CUR)                   = 0
read(8, "max 100000\n", 32)             = 11
read(8, "", 9)                          = 0
close(8)                                = 0
openat(AT_FDCWD, "/sys/fs/cgroup/cpu.max", O_RDONLY|O_CLOEXEC) = -1 ENOENT (No such file or directory)
sched_getaffinity(0, 128, [0 1 2 3 4 5 6 7 8 9 10 11 12 13 14 15 16 17 18 19 20 21]) = 8
openat(AT_FDCWD, "db_files/default/users", O_RDONLY|O_NONBLOCK|O_CLOEXEC|O_DIRECTORY) = 8
fstat(8, {st_mode=S_IFDIR|0755, st_size=90, ...}) = 0
getdents64(8, 0x556b91e51e80 /* 4 entries */, 32768) = 136
statx(AT_FDCWD, "db_files/default/users/.metadata", AT_STATX_SYNC_AS_STAT, STATX_ALL, {stx_mask=STATX_ALL|STATX_MNT_ID|STATX_SUBVOL, stx_attributes=0, stx_mode=S_IFREG|0644, stx_size=506, ...}) = 0
statx(AT_FDCWD, "db_files/default/users/019be774-8d8e-78a1-9997-de87913d70b8", AT_STATX_SYNC_AS_STAT, STATX_ALL, {stx_mask=STATX_ALL|STATX_MNT_ID|STATX_SUBVOL, stx_attributes=0, stx_mode=S_IFDIR|0755, stx_size=82, ...}) = 0
openat(AT_FDCWD, "db_files/default/users/019be774-8d8e-78a1-9997-de87913d70b8/part.inf", O_RDONLY|O_CLOEXEC) = 9
statx(9, "", AT_STATX_SYNC_AS_STAT|AT_EMPTY_PATH, STATX_ALL, {stx_mask=STATX_ALL|STATX_MNT_ID|STATX_SUBVOL, stx_attributes=0, stx_mode=S_IFREG|0644, stx_size=127842, ...}) = 0
brk(0x556b91e9a000)                     = 0x556b91e9a000
read(9, "THINDX019be774-8d8e-78a1-9997-de"..., 127842) = 127842
read(9, "", 32)                         = 0
close(9)                                = 0
brk(0x556b91ec7000)                     = 0x556b91ec7000
brk(0x556b91ee8000)                     = 0x556b91ee8000
ioctl(2, TCGETS2, {c_iflag=ICRNL|IXON|IUTF8, c_oflag=NL0|CR0|TAB0|BS0|VT0|FF0|OPOST|ONLCR, c_cflag=B38400|B38400<<IBSHIFT|CS8|CREAD, c_lflag=ISIG|ICANON|ECHO|ECHOE|ECHOK|IEXTEN|ECHOCTL|ECHOKE, ...}) = 0
write(2, "\33[90m[\33[0m2026-01-27T11:18:54Z \33"..., 144) = 144
getdents64(8, 0x556b91e51e80 /* 0 entries */, 32768) = 0
close(8)                                = 0
statx(AT_FDCWD, "db_files/default/data", AT_STATX_SYNC_AS_STAT, STATX_ALL, {stx_mask=STATX_ALL|STATX_MNT_ID|STATX_SUBVOL, stx_attributes=0, stx_mode=S_IFDIR|0755, stx_size=18, ...}) = 0
openat(AT_FDCWD, "db_files/default/data/.metadata", O_RDONLY|O_CLOEXEC) = 8
statx(8, "", AT_STATX_SYNC_AS_STAT|AT_EMPTY_PATH, STATX_ALL, {stx_mask=STATX_ALL|STATX_MNT_ID|STATX_SUBVOL, stx_attributes=0, stx_mode=S_IFREG|0644, stx_size=250, ...}) = 0
read(8, "THMETAid\377\377\377\377\377\377\n\0\0\0\0\0\0\0\1\0\0\0\0\0\0\0\0\0"..., 250) = 250
read(8, "", 32)                         = 0
close(8)                                = 0
openat(AT_FDCWD, "db_files/default/data", O_RDONLY|O_NONBLOCK|O_CLOEXEC|O_DIRECTORY) = 8
fstat(8, {st_mode=S_IFDIR|0755, st_size=18, ...}) = 0
getdents64(8, 0x556b91e5a340 /* 3 entries */, 32768) = 80
statx(AT_FDCWD, "db_files/default/data/.metadata", AT_STATX_SYNC_AS_STAT, STATX_ALL, {stx_mask=STATX_ALL|STATX_MNT_ID|STATX_SUBVOL, stx_attributes=0, stx_mode=S_IFREG|0644, stx_size=250, ...}) = 0
getdents64(8, 0x556b91e5a340 /* 0 entries */, 32768) = 0
close(8)                                = 0
getdents64(7, 0x556b91e45290 /* 0 entries */, 32768) = 0
close(7)                                = 0
getdents64(6, 0x556b91e3d190 /* 0 entries */, 32768) = 0
close(6)                                = 0
ioctl(2, TCGETS2, {c_iflag=ICRNL|IXON|IUTF8, c_oflag=NL0|CR0|TAB0|BS0|VT0|FF0|OPOST|ONLCR, c_cflag=B38400|B38400<<IBSHIFT|CS8|CREAD, c_lflag=ISIG|ICANON|ECHO|ECHOE|ECHOK|IEXTEN|ECHOCTL|ECHOKE, ...}) = 0
write(2, "\33[90m[\33[0m2026-01-27T11:18:54Z \33"..., 90) = 90
mmap(NULL, 2101248, PROT_READ|PROT_WRITE, MAP_PRIVATE|MAP_ANONYMOUS|MAP_STACK, -1, 0) = 0x7fc5b19ed000
madvise(0x7fc5b19ed000, 4096, MADV_GUARD_INSTALL) = 0
rt_sigprocmask(SIG_BLOCK, ~[], [], 8)   = 0
clone3({flags=CLONE_VM|CLONE_FS|CLONE_FILES|CLONE_SIGHAND|CLONE_THREAD|CLONE_SYSVSEM|CLONE_SETTLS|CLONE_PARENT_SETTID|CLONE_CHILD_CLEARTID, child_tid=0x7fc5b1bed990, parent_tid=0x7fc5b1bed990, exit_signal=0, stack=0x7fc5b19ed000, stack_size=0x1ffe00, tls=0x7fc5b1bed6c0} => {parent_tid=[1064999]}, 88) = 1064999
rt_sigprocmask(SIG_SETMASK, [], NULL, 8) = 0
socket(AF_INET, SOCK_STREAM|SOCK_CLOEXEC|SOCK_NONBLOCK, IPPROTO_IP) = 6
setsockopt(6, SOL_SOCKET, SO_REUSEADDR, [1], 4) = 0
bind(6, {sa_family=AF_INET, sin_port=htons(7070), sin_addr=inet_addr("127.0.0.1")}, 16) = 0
listen(6, 1024)                         = 0
epoll_ctl(5, EPOLL_CTL_ADD, 6, {events=EPOLLIN|EPOLLOUT|EPOLLRDHUP|EPOLLET, data=0x556b91e52680}) = 0
ioctl(2, TCGETS2, {c_iflag=ICRNL|IXON|IUTF8, c_oflag=NL0|CR0|TAB0|BS0|VT0|FF0|OPOST|ONLCR, c_cflag=B38400|B38400<<IBSHIFT|CS8|CREAD, c_lflag=ISIG|ICANON|ECHO|ECHOE|ECHOK|IEXTEN|ECHOCTL|ECHOKE, ...}) = 0
write(2, "\33[90m[\33[0m2026-01-27T11:18:54Z \33"..., 106) = 106
ioctl(2, TCGETS2, {c_iflag=ICRNL|IXON|IUTF8, c_oflag=NL0|CR0|TAB0|BS0|VT0|FF0|OPOST|ONLCR, c_cflag=B38400|B38400<<IBSHIFT|CS8|CREAD, c_lflag=ISIG|ICANON|ECHO|ECHOE|ECHOK|IEXTEN|ECHOCTL|ECHOKE, ...}) = 0
write(2, "\33[90m[\33[0m2026-01-27T11:18:54Z \33"..., 97) = 97
ioctl(2, TCGETS2, {c_iflag=ICRNL|IXON|IUTF8, c_oflag=NL0|CR0|TAB0|BS0|VT0|FF0|OPOST|ONLCR, c_cflag=B38400|B38400<<IBSHIFT|CS8|CREAD, c_lflag=ISIG|ICANON|ECHO|ECHOE|ECHOK|IEXTEN|ECHOCTL|ECHOKE, ...}) = 0
write(2, "\33[90m[\33[0m2026-01-27T11:18:54Z \33"..., 83) = 83
futex(0x556b91e3cd80, FUTEX_WAIT_BITSET_PRIVATE, 0, NULL, FUTEX_BITSET_MATCH_ANY) = 0
accept4(6, {sa_family=AF_INET, sin_port=htons(54702), sin_addr=inet_addr("127.0.0.1")}, [128 => 16], SOCK_CLOEXEC|SOCK_NONBLOCK) = 7
epoll_ctl(5, EPOLL_CTL_ADD, 7, {events=EPOLLIN|EPOLLOUT|EPOLLRDHUP|EPOLLET, data=0x556b91e52800}) = 0
futex(0x556b91e362e8, FUTEX_WAKE_PRIVATE, 1) = 1
accept4(6, 0x7fff2f544ac0, [128], SOCK_CLOEXEC|SOCK_NONBLOCK) = -1 EAGAIN (Resource temporarily unavailable)
futex(0x556b91e3cd80, FUTEX_WAIT_BITSET_PRIVATE, 1, NULL, FUTEX_BITSET_MATCH_ANY) = ?
+++ killed by SIGABRT (core dumped) +++
